TimeWindow,IsInfiltrationState,Prediction_MSE,Prediction_MAE,MSE_Rolling_3,MSE_Rolling_5,MSE_Rolling_10,MSE_Max_5,MSE_Max_10,MSE_Change_1,MSE_Change_3,MSE_Ratio_10,Above_95,Above_99,Above95_Count_5,Above95_Count_10
2018-03-01 01:10:00,0,0.0948228776408335,0.2455077164898089,0.0948228776408335,0.0948228776408335,0.0948228776408335,0.0948228776408335,0.0948228776408335,,,,0,0,0.0,0.0
2018-03-01 01:11:00,0,0.0883189374969273,0.2266496486372131,0.0915709075688804,0.0915709075688804,0.0915709075688804,0.0948228776408335,0.0948228776408335,-0.006503940143906192,,,0,0,0.0,0.0
2018-03-01 01:12:00,0,0.2083739061294205,0.3108418425491182,0.13050524042239378,0.13050524042239378,0.13050524042239378,0.2083739061294205,0.2083739061294205,0.1200549686324932,,2.1974834958625395,0,0,0.0,0.0
2018-03-01 01:13:00,0,0.8081369762218044,0.6444252062124727,0.3682766066160507,0.2999131743722464,0.2999131743722464,0.8081369762218044,0.8081369762218044,0.5997630700923838,0.7133140985809708,5.330740223774528,1,0,1.0,1.0
2018-03-01 01:14:00,0,0.4312090474757399,0.4476915352612649,0.48257330994232156,0.3261723489929451,0.3261723489929451,0.8081369762218044,0.8081369762218044,-0.37692792874606446,0.3428901099788126,2.0693904822105513,0,0,1.0,1.0
2018-03-01 01:15:00,0,0.3653811205399015,0.4272457270961751,0.5349090480791486,0.3802839975727587,0.3327071442507712,0.8081369762218044,0.8081369762218044,-0.06582792693583839,0.15700721441048102,1.2736440812270333,0,0,1.0,1.0
2018-03-01 01:16:00,0,0.448661555989551,0.4521802540668858,0.4150839080017308,0.45235252127128345,0.34927206021345397,0.8081369762218044,0.8081369762218044,0.08328043544964947,-0.3594754202322534,1.2279242217068336,0,0,1.0,1.0
2018-03-01 01:17:00,0,0.4727976531918405,0.5015524660843999,0.4289467765737643,0.5052372706837674,0.3647127593357523,0.8081369762218044,0.8081369762218044,0.024136097202289486,0.04158860571610057,1.1870507197418414,0,0,1.0,1.0
2018-03-01 01:18:00,0,0.7496632030959539,0.5889557304381442,0.5570408040924485,0.49354251605859734,0.40748503086466364,0.7496632030959539,0.8081369762218044,0.27686554990411344,0.3842820825560524,1.738510518213587,0,0,0.0,1.0
2018-03-01 01:19:00,0,0.271325005120488,0.3197039444600759,0.4979286204694275,0.461565707587547,0.39386902829024606,0.7496632030959539,0.8081369762218044,-0.4783381979754659,-0.17733655086906297,0.6812143428333592,0,0,0.0,1.0
2018-03-01 01:20:00,0,0.682776117388729,0.592080278625577,0.5679214418683903,0.5250447069573125,0.4526643522650356,0.7496632030959539,0.8081369762218044,0.411451112268241,0.20997846419688854,1.5519885826645428,0,0,0.0,1.0
2018-03-01 01:21:00,0,0.3528467572622972,0.3948992274219893,0.43564929325717144,0.5058817472118617,0.47911713424157265,0.7496632030959539,0.8081369762218044,-0.3299293601264318,-0.3968164458336567,0.8020405587641786,0,0,0.0,1.0
2018-03-01 01:22:00,0,0.1496345630386304,0.2821398457003489,0.39508581256321884,0.4412491291812198,0.4732431999324936,0.7496632030959539,0.8081369762218044,-0.2032121942236668,-0.12169044208185761,0.3401277922492632,0,0,0.0,1.0
2018-03-01 01:23:00,0,0.4360296217938161,0.4349197968179672,0.3128369806982479,0.3785224129207922,0.4360324644896948,0.682776117388729,0.7496632030959539,0.28639505875518567,-0.2467464955949129,1.005556213504303,0,0,0.0,0.0
2018-03-01 01:24:00,0,0.1357602438021139,0.2659036296916053,0.24047480954485348,0.35140946065711737,0.4064875841223322,0.682776117388729,0.7496632030959539,-0.30026937799170217,-0.2170865134601833,0.3388023090493407,0,0,0.0,0.0
2018-03-01 01:25:00,0,0.5753960346917651,0.5727211059784136,0.3823953000958984,0.3299334441177246,0.4274890755375186,0.5753960346917651,0.7496632030959539,0.4396357908896512,0.4257614716531347,1.3007809919670505,0,0,0.0,0.0
2018-03-01 01:26:00,0,0.0617935093308649,0.1830635934376722,0.25764992927491465,0.2717227945314381,0.3888022708716499,0.5753960346917651,0.7496632030959539,-0.5136025253609002,-0.3742361124629512,0.15666168821815182,0,0,0.0,0.0
2018-03-01 01:27:00,0,0.1330571659290883,0.272109106419113,0.25674890331723943,0.26840731510952975,0.35482822214537474,0.5753960346917651,0.7496632030959539,0.07126365659822341,-0.0027030778730255944,0.4263465526687383,0,0,0.0,0.0
2018-03-01 01:28:00,0,0.2438179983749357,0.3321590497912826,0.14622289121162965,0.22996499042575363,0.3042437016732729,0.5753960346917651,0.682776117388729,0.11076083244584739,-0.33157803631682947,0.9465994883792042,0,0,0.0,0.0
2018-03-01 01:29:00,0,0.4253579716919449,0.4284253324013637,0.2674110453319896,0.2878845360037198,0.3196469983304186,0.5753960346917651,0.682776117388729,0.1815399733170092,0.36356446236108,1.4257806980972747,0,0,0.0,0.0
2018-03-01 01:30:00,0,0.1875342559710965,0.2975009674429908,0.2855700753459924,0.21031218025958612,0.2701228121886553,0.4253579716919449,0.5753960346917651,-0.2378237157208484,0.05447709004200818,0.869513881370724,0,0,0.0,0.0
2018-03-01 01:31:00,0,0.2011587472757217,0.3417250378820639,0.2713503249795877,0.23818522784855745,0.2549540111899978,0.4253579716919449,0.5753960346917651,0.013624491304625203,-0.04265925109921401,1.0350467363635623,0,0,0.0,0.0
2018-03-01 01:32:00,0,0.7042226383180885,0.6174048860485214,0.3643052138549689,0.35241832232635756,0.31041281871794363,0.7042226383180885,0.7042226383180885,0.5030638910423668,0.2788646666261436,3.165196743446068,0,0,0.0,0.0
2018-03-01 01:33:00,0,1.2423647063933927,0.7485067880688742,0.7159153639957343,0.5521276639300489,0.3910463271779012,1.2423647063933927,1.2423647063933927,0.5381420680753042,1.0548304504222963,5.583928304606013,1,1,1.0,1.0
2018-03-01 01:34:00,0,0.2770077145391633,0.416722493920646,0.7411983530835481,0.5224576124994926,0.4051710742516062,1.2423647063933927,1.2423647063933927,-0.9653569918542294,0.07584896726344159,1.0637211026627944,0,0,1.0,1.0
2018-03-01 01:35:00,0,0.7651747417183239,0.6016745050510731,0.7615157208836266,0.6379857096489381,0.42414894495426203,1.2423647063933927,1.2423647063933927,0.4881670271791606,0.06095210340023538,2.938302716025119,1,0,2.0,2.0
2018-03-01 01:36:00,0,0.360107746537616,0.4446050288632673,0.46743006759836775,0.6697755095013169,0.4539803686749372,1.2423647063933927,1.2423647063933927,-0.4050669951807079,-0.8822569598557767,1.1304281189500136,0,0,2.0,2.0
2018-03-01 01:37:00,0,0.3576095229716809,0.392596866868854,0.49429733707587364,0.6004528864320353,0.4764356043791964,1.2423647063933927,1.2423647063933927,-0.002498223565935098,0.08060180843251763,0.9965164324379302,0,0,2.0,2.0
2018-03-01 01:38:00,0,0.2478428242797835,0.3311174845326886,0.32185336459636016,0.4015485100093136,0.4768380869696812,0.7651747417183239,1.2423647063933927,-0.10976669869189742,-0.5173319174385405,0.6906400170897825,0,0,1.0,2.0
2018-03-01 01:39:00,0,0.1966371197807614,0.2882916930640175,0.2673631556774086,0.3854743910576332,0.45396600177856283,0.7651747417183239,1.2423647063933927,-0.05120570449902209,-0.16347062675685461,0.6197010999919501,0,0,1.0,2.0
2018-03-01 01:40:00,0,0.0888196295537513,0.2136146640690703,0.17776652453809874,0.2502033686247187,0.4440945391368284,0.360107746537616,1.2423647063933927,-0.1078174902270101,-0.2687898934179296,0.2799147088642537,0,0,0.0,2.0
2018-03-01 01:41:00,0,0.7324253337304636,0.5710058876187348,0.33929402768832545,0.3246668860632882,0.49722119778230256,0.7324253337304636,1.2423647063933927,0.6436057041767123,0.4845825094506801,2.0409799899373504,0,0,0.0,2.0
2018-03-01 01:42:00,0,0.6236928372056492,0.5146300693552389,0.4816459334966214,0.37788354891008186,0.4891682176710586,0.7324253337304636,1.2423647063933927,-0.10873249652481443,0.4270557174248878,1.7379854873676908,0,0,0.0,2.0
2018-03-01 01:43:00,0,0.1358408116229907,0.2888769672888366,0.49731966085303453,0.3554831463787233,0.37851582819401836,0.7324253337304636,0.7651747417183239,-0.4878520255826585,0.04702118206923939,0.4281017769199582,0,0,0.0,1.0
2018-03-01 01:44:00,0,0.2301868167966474,0.3215690950382025,0.3299068218750958,0.3621930857819005,0.3738337384197668,0.7324253337304636,0.7651747417183239,0.09434600517365671,-0.5022385169338162,0.7603771212201522,0,0,0.0,1.0
2018-03-01 01:45:00,0,0.1028632789274469,0.2074676875098408,0.15629696911569504,0.3650018156566396,0.3076025921406791,0.7324253337304636,0.7324253337304636,-0.1273235378692005,-0.5208295582782023,0.4303618007202182,0,0,0.0,0.0
2018-03-01 01:46:00,0,0.1419858087451378,0.2605505324245273,0.15834530148974404,0.24691391065957444,0.2857903983614313,0.6236928372056492,0.7324253337304636,0.039122529817690904,0.006144997122147111,0.6653101256389435,0,0,0.0,0.0
2018-03-01 01:47:00,0,0.1766067595282545,0.2570734292820762,0.14048528240027977,0.1574966951240955,0.26769012201708864,0.2301868167966474,0.7324253337304636,0.034620950783116694,-0.053580057268392906,0.9463293197245941,0,0,0.0,0.0
2018-03-01 01:48:00,0,0.652894345528053,0.5629604544714973,0.3238289712671485,0.26090740190510797,0.30819527414191555,0.652894345528053,0.7324253337304636,0.47628758599979854,0.5500310666006061,3.4984678021723683,0,0,0.0,0.0
2018-03-01 01:49:00,0,0.1209925671807827,0.2481903562821087,0.3168312240790301,0.23906855198193502,0.30063081888191767,0.652894345528053,0.7324253337304636,-0.5319017783472704,-0.0209932415643551,0.7595394223856107,0,0,0.0,0.0
2018-03-01 01:50:00,0,0.1619865009728323,0.2540664455032494,0.311957804560556,0.2508931963910121,0.3079475060238258,0.652894345528053,0.7324253337304636,0.04099393379204959,-0.014620258555422205,0.956814934344377,0,0,0.0,0.0
2018-03-01 01:51:00,0,0.2130668302822573,0.2705977387591025,0.16534863281195744,0.265109400698436,0.2560116556790052,0.652894345528053,0.652894345528053,0.05108032930942502,-0.4398275152457957,1.258534038349739,0,0,0.0,0.0
2018-03-01 01:52:00,0,0.1260442171964828,0.2386840511640366,0.16703251615052414,0.25499689223208166,0.20624679367808857,0.652894345528053,0.652894345528053,-0.08702261308577453,0.005051650015700085,0.8293083538107393,0,0,0.0,0.0
2018-03-01 01:53:00,0,0.1563494707530232,0.2711703233561777,0.16515350607725443,0.1556879172770757,0.20829765959109178,0.2130668302822573,0.652894345528053,0.0303052535565404,-0.005637030219809103,0.9822860270509441,0,0,0.0,0.0
2018-03-01 01:54:00,0,0.2696120487474054,0.3556374267158633,0.18400191223230378,0.18541181359040024,0.21224018278616757,0.2696120487474054,0.652894345528053,0.11326257799438222,0.056545218465148095,1.693873007267813,0,0,0.0,0.0
2018-03-01 01:55:00,0,0.1104747335704671,0.2325344896838864,0.17881208435696525,0.1751094601099272,0.21300132825046963,0.2696120487474054,0.652894345528053,-0.1591373151769383,-0.015569483626015693,0.6940719825004421,0,0,0.0,0.0
2018-03-01 01:56:00,0,0.1290207617536143,0.2497212189903937,0.16970251469049558,0.1583002464041986,0.21170482355131726,0.2696120487474054,0.652894345528053,0.018546028183147198,-0.027328708999408896,0.8105898335290248,0,0,0.0,0.0
2018-03-01 01:57:00,0,0.4214597110695552,0.4595372588464254,0.2203184021312122,0.2173833451788131,0.23619011870544732,0.4214597110695552,0.652894345528053,0.29243894931594094,0.1518476623221498,2.6478758332512435,0,0,0.0,0.0
2018-03-01 01:58:00,0,0.3706386887555977,0.4207647357884271,0.3070397205262557,0.260241188779328,0.2079645530282018,0.4214597110695552,0.4214597110695552,-0.05082102231395752,0.2601639551851306,2.3285861045491756,0,0,0.0,0.0
2018-03-01 01:59:00,0,0.282366788247311,0.3541454747326551,0.35815506269082126,0.26279213667930906,0.2241019751348546,0.4214597110695552,0.4214597110695552,-0.0882719005082867,0.1533460264936967,1.5057340329086666,0,0,0.0,0.0
2018-03-01 02:00:00,1,1.4014155706342004,0.7887760238167669,0.6848070158790364,0.5209803040920558,0.34804488210099144,1.4014155706342004,1.4014155706342004,1.1190487823868893,0.9799558595646451,5.806799612412563,1,1,1.0,1.0
2018-03-01 02:01:00,1,0.1318439201711788,0.2529457362444899,0.60520875968423,0.5215449357755687,0.3399225910898836,1.4014155706342004,1.4014155706342004,-1.2695716504630217,-0.2387947685844189,0.6190385520610111,0,0,1.0,1.0
2018-03-01 02:02:00,1,0.6941360730870755,0.6169807895828915,0.7424651879641516,0.5760802081790727,0.3967317766789429,1.4014155706342004,1.4014155706342004,0.5622921529158966,0.4117692848397645,2.51507308429883,0,0,1.0,1.0
2018-03-01 02:03:00,1,0.2006235677175638,0.3167611763832386,0.3422011869919394,0.5420771839714659,0.4011591863753969,1.4014155706342004,1.4014155706342004,-0.4935125053695117,-1.2007920029166366,0.7269222200171569,0,0,1.0,1.0
2018-03-01 02:04:00,1,0.1225822006606006,0.2654721619349752,0.33911394715508,0.5101202664541239,0.38645620156671645,1.4014155706342004,1.4014155706342004,-0.07804136705696318,-0.009261719510578192,0.5075947854939357,0,0,1.0,1.0
2018-03-01 02:05:00,1,0.2114210729308001,0.3077055381517374,0.17820894710298818,0.2721213669134438,0.3965508355027497,0.6941360730870755,1.4014155706342004,0.08883887227019949,-0.4827150001562754,0.8563200241753852,0,0,0.0,1.0
2018-03-01 02:06:00,1,0.2978437669732693,0.3863063520140462,0.21061568018822333,0.30532133627386193,0.41343313602471526,0.6941360730870755,1.4014155706342004,0.08642269404246922,0.09722019925570552,1.026671223479601,0,0,0.0,1.0
2018-03-01 02:07:00,1,0.3603645434001695,0.4142453491318879,0.2898764611014129,0.23856703033648072,0.40732361925777666,0.3603645434001695,1.4014155706342004,0.06252077642690018,0.23778234273956889,1.2421811288215547,0,0,0.0,1.0
2018-03-01 02:08:00,1,0.1059438904200272,0.2206461654902049,0.2547174002644887,0.21963109487697338,0.38085413942421964,0.3603645434001695,1.4014155706342004,-0.25442065298014227,-0.10547718251077288,0.42910516699253576,0,0,0.0,1.0
2018-03-01 02:09:00,1,0.580738189007125,0.5576737206839635,0.3490155409424405,0.3112622925462783,0.410691279500201,0.580738189007125,1.4014155706342004,0.4747942985870978,0.28289442203385573,2.2806833019660924,0,0,0.0,1.0
2018-03-01 02:10:00,1,0.0997531235512843,0.2186594591661264,0.26214506765947887,0.28892870267037507,0.2805250347919094,0.580738189007125,0.6941360730870755,-0.48098506545584074,-0.2606114198488852,0.48418365160953963,0,0,0.0,0.0
2018-03-01 02:11:00,1,0.1212454081726193,0.2509619847214778,0.26724557357700957,0.2536090309102451,0.27946518359205347,0.580738189007125,0.6941360730870755,0.02149228462133501,0.0153015177525921,0.5885033207980396,0,0,0.0,0.0
2018-03-01 02:12:00,1,0.0670582717714426,0.1793759162123174,0.09601893449844874,0.19494777658449974,0.21675740346049016,0.580738189007125,0.580738189007125,-0.0541871364011767,-0.5136799172356824,0.41495457926606566,0,0,0.0,0.0
2018-03-01 02:13:00,1,0.3342184698563123,0.3858661473839487,0.17417404993345809,0.24060269247175675,0.23011689367436503,0.580738189007125,0.580738189007125,0.2671601980848697,0.23446534630502802,2.001276604184235,0,0,0.0,0.0
2018-03-01 02:14:00,1,1.7890328940189644,0.5762837290819236,0.7301032118822398,0.48226163347412465,0.3967619630102014,1.7890328940189644,1.7890328940189644,1.454814424162652,1.667787485846345,7.025915507697163,1,1,1.0,1.0
2018-03-01 02:15:00,1,0.902497192057955,0.6701069733822234,1.008582851977744,0.6428104471754587,0.4658695749229169,1.7890328940189644,1.7890328940189644,-0.8865357019610094,0.8354389202865123,2.855713516033935,1,0,2.0,2.0
2018-03-01 02:16:00,1,3.136657039622032,0.6461853977831631,1.9427290418996506,1.2458927734653413,0.7497509021877932,3.136657039622032,3.136657039622032,2.2341598475640767,2.8024385697657195,9.03174407670035,1,1,3.0,3.0
2018-03-01 02:17:00,1,0.6079448005392852,0.5156798447541863,1.5490330107397572,1.35407007921891,0.7745089279017047,3.136657039622032,3.136657039622032,-2.5287122390827466,-1.181088093479679,1.3289011359146543,0,0,3.0,3.0
2018-03-01 02:18:00,1,0.752191350741789,0.6090551269670347,1.4989310636343687,1.4376646553960053,0.8391336739338809,3.136657039622032,3.136657039622032,0.14424655020250376,-0.15030584131616598,1.265585680574325,0,0,3.0,3.0
2018-03-01 02:19:00,1,0.1212263535656428,0.2377912906963388,0.49378750161557217,1.1041033473053408,0.7931824903897327,3.136657039622032,3.136657039622032,-0.6309649971761462,-3.0154306860563893,0.257335644551496,0,0,2.0,3.0
2018-03-01 02:20:00,1,0.0855213977217254,0.1807573962737547,0.31964636734305224,0.9407081884380949,0.7917593178067768,3.136657039622032,3.136657039622032,-0.035704955843917405,-0.5224234028175598,0.18154224191646667,0,0,1.0,3.0
2018-03-01 02:21:00,1,0.3706036229016444,0.4355851851654103,0.19245045806300407,0.3874975050940175,0.8166951392796793,0.752191350741789,3.136657039622032,0.285082225179919,-0.3815877278401446,0.7574543202351718,0,0,0.0,3.0
2018-03-01 02:22:00,1,0.1864429517716274,0.3077073085627275,0.21418932413166558,0.30319713534048587,0.8286336072796978,0.752191350741789,3.136657039622032,-0.184160671130017,0.06521659820598459,0.3810594677707624,0,0,0.0,3.0
2018-03-01 02:23:00,1,0.1186249222855189,0.2152278291755162,0.22522383231959675,0.17648384964923186,0.8070742525226186,0.3706036229016444,3.136657039622032,-0.0678180294861085,0.03310352456379349,0.2424503008611282,0,0,0.0,3.0
2018-03-01 02:24:00,1,0.261469817592855,0.3419391707282646,0.18884589721666697,0.2045325424546743,0.6543179448800076,0.3706036229016444,3.136657039622032,0.14284489530733607,-0.10913380530878941,0.8273373741219753,0,0,0.0,2.0
2018-03-01 02:25:00,1,3.030885311257728,0.6501860649370212,1.1369933503787004,0.7936053251618749,0.8671567567999847,3.030885311257728,3.136657039622032,2.769415493664873,2.844442359486101,9.590264443391561,1,1,1.0,2.0
2018-03-01 02:26:00,1,25.79301325595869,0.9748273265616324,9.695122794936426,5.878087251773284,3.1327923784336504,25.79301325595869,25.79301325595869,22.762127944700964,25.67438833367317,81.61371761503571,1,1,2.0,2.0
2018-03-01 02:27:00,1,132.63599499259442,2.7042359603434662,53.819964519936946,32.36799765993784,16.335597397639162,132.63599499259442,132.63599499259442,106.84298173663572,132.37452517500157,419.6840645756705,1,1,3.0,3.0
2018-03-01 02:28:00,1,3.17901180099001,0.8718188737204698,53.86934001651437,32.98007503567874,16.578279442663984,132.63599499259442,132.63599499259442,-129.45698319160442,0.14812648973228182,10.058963210160275,1,1,4.0,4.0
2018-03-01 02:29:00,1,11.986109223433914,1.300304603875209,49.267038672339446,35.32500291684695,17.76476772965081,132.63599499259442,132.63599499259442,8.807097422443904,-13.806904032524777,7.047562057604662,1,1,5.0,5.0
2018-03-01 02:30:00,1,9.065777041189186,1.935514256240142,8.076966021871037,36.53198126283324,18.66279329399756,132.63599499259442,132.63599499259442,-2.920332182244728,-123.57021795140523,2.919782391732845,1,1,5.0,6.0
2018-03-01 02:31:00,1,5.001001435624281,0.8184887674157925,8.684295900082459,32.373578898766354,19.12583307526982,132.63599499259442,132.63599499259442,-4.064775605564905,1.8219896346342712,1.2227364597658612,1,1,5.0,7.0
2018-03-01 02:32:00,1,26.268309337191635,1.1914422426068063,13.445029271335033,11.100041767685799,21.734019713811822,26.268309337191635,132.63599499259442,21.267307901567353,14.282200113757721,3.734800494041998,1,1,5.0,8.0
2018-03-01 02:33:00,1,34.23094946505245,1.7321124584560603,21.833420079289453,17.31042930049829,25.145252168088515,34.23094946505245,132.63599499259442,7.962640127860812,25.16517242386326,3.2520550208862984,1,1,5.0,9.0
2018-03-01 02:34:00,1,5.296780489775524,0.7149206983325957,21.932013097339865,15.972563553766609,25.64878323530678,34.23094946505245,132.63599499259442,-28.934168975276922,0.29577905415124306,0.5032119136482938,1,1,5.0,10.0
2018-03-01 02:35:00,1,23.386091241238645,1.177511613487948,20.9712737320222,18.836626393776502,27.68430382830487,34.23094946505245,132.63599499259442,18.08931075146312,-2.8822180959529895,1.3222864063720738,1,1,5.0,10.0
2018-03-01 02:36:00,1,0.1994477168269602,0.3461947795765959,9.62743981594704,17.876315650017037,25.1249472743917,34.23094946505245,132.63599499259442,-23.186643524411686,-34.03150174822549,0.018948202110888508,0,0,4.0,9.0
2018-03-01 02:37:00,1,16.110261238970246,2.3713887403805263,13.231933399011949,15.844706030372759,13.472373899029284,34.23094946505245,34.23094946505245,15.910813522143286,10.81348074919472,1.5305288567432622,1,1,4.0,9.0
2018-03-01 02:38:00,1,103.74698598097442,2.172177315186883,40.0188983122572,29.747913333557154,23.529171317027725,103.74698598097442,103.74698598097442,87.63672474200416,80.36089473973577,7.385080484663889,1,1,4.0,9.0
2018-03-01 02:39:00,1,67.52954774432698,1.8074547191047825,62.46226498809054,42.194466784467444,29.08351516911703,103.74698598097442,103.74698598097442,-36.21743823664744,67.33010002750001,3.4195332016358697,1,1,4.0,9.0
2018-03-01 02:40:00,1,13.321955562764565,2.1344754669673107,61.53282976268864,40.18163964877263,29.509133021274568,103.74698598097442,103.74698598097442,-54.20759218156241,-2.788305676205681,0.6745916547533531,1,1,4.0,9.0
2018-03-01 02:41:00,1,19.592873500967425,0.99775958107906,33.48145893601965,44.06032480560072,30.968320227808885,103.74698598097442,103.74698598097442,6.27091793820286,-84.15411248000699,0.9117424166331524,1,1,5.0,9.0
2018-03-01 02:42:00,1,20.993778631056628,2.631789503864961,17.969535898262865,45.037028284018,30.440867157195378,103.74698598097442,103.74698598097442,1.4009051300892033,-46.53576911327035,1.0345163492790563,1,1,5.0,9.0
2018-03-01 02:43:00,1,0.282841908839091,0.4030986697491535,13.62316468028771,24.34419946959093,27.04605640157404,67.52954774432698,103.74698598097442,-20.710936722217536,-13.039113653925474,0.01584409296579832,0,0,4.0,8.0
2018-03-01 02:44:00,1,0.149133739128865,0.2758697896328109,7.14191809300819,10.868116668551309,26.53129172650938,20.993778631056628,103.74698598097442,-0.133708169710226,-19.44373976183856,0.008354097300478555,0,0,3.0,7.0
2018-03-01 02:45:00,1,98.40953684422831,2.118277181197498,32.947170830732084,27.88563292484406,34.033636286808346,98.40953684422831,103.74698598097442,98.26040310509944,77.41575821317169,5.512654955840169,1,1,3.0,7.0
2018-03-01 02:46:00,1,15.289095189354986,0.8280155047750076,37.94925525757072,27.024877262521574,35.54260103406115,98.40953684422831,103.74698598097442,-83.12044165487333,15.006253280515896,0.8564566917871137,1,1,3.0,8.0
2018-03-01 02:47:00,1,0.2634772928701093,0.3925064337158941,37.98736977548447,22.878816994884268,33.957922639451134,98.40953684422831,103.74698598097442,-15.025617896484878,0.1143435537412443,0.015106789419051254,0,0,2.0,7.0
2018-03-01 02:48:00,1,0.2725665621552838,0.3853993184518786,5.275046348126788,22.876761925547505,23.610480697569223,98.40953684422831,98.40953684422831,0.009089269285174506,-98.13697028207302,0.019053235441334235,0,0,2.0,6.0
2018-03-01 02:49:00,1,0.1002849188636193,0.2327248894878429,0.21210959129633275,22.86699216149446,16.867554415022887,98.40953684422831,98.40953684422831,-0.1722816432916645,-15.188810270491366,0.014742579495263709,0,0,2.0,5.0
2018-03-01 02:50:00,1,0.566926098380104,0.5526002061856121,0.3132591931329976,3.2984700123248176,15.59205146858444,15.289095189354986,98.40953684422831,0.4666411795164847,0.3034488055099947,1.334304796742179,0,0,1.0,4.0
2018-03-01 02:51:00,1,0.0898049701486854,0.207193822086887,0.25233866246413156,0.25861196848355755,13.641744615502569,0.566926098380104,98.40953684422831,-0.4771211282314186,-0.18276159200659842,0.32338234454926207,0,0,0.0,3.0
2018-03-01 02:52:00,1,0.4622353422146651,0.5191531857900806,0.37298880358114683,0.2983635783524687,11.588590286618373,0.566926098380104,98.40953684422831,0.37243037206597973,0.3619504233510458,1.6644819151036379,0,0,0.0,2.0
2018-03-01 02:53:00,1,0.4225662622715818,0.4787876463307725,0.3248688582116394,0.3283635183757283,11.602562721961622,0.566926098380104,98.40953684422831,-0.03966907994308333,-0.1443598361085222,1.215782168933876,0,0,0.0,2.0
2018-03-01 02:54:00,1,0.3098076739312422,0.433711683558469,0.39820309280582505,0.37026806938925283,11.618630115441858,0.566926098380104,98.40953684422831,-0.11275858834033958,0.22000270378255682,0.84603455306714,0,0,0.0,2.0
2018-03-01 02:55:00,1,0.1383052566072427,0.2306627850079153,0.29022639760335084,0.2845439010346806,1.791506956679752,0.4622353422146651,15.289095189354986,-0.1715024173239995,-0.3239300856074224,0.47496875056795457,0,0,0.0,1.0
2018-03-01 02:56:00,1,0.3415253366751141,0.4488441994620546,0.2632127557378616,0.3348879743399663,0.2967499714117648,0.4622353422146651,0.566926098380104,0.2032200800678714,-0.0810409255964677,1.172868381340932,0,0,0.0,0.0
2018-03-01 02:57:00,1,0.0994172411321628,0.2352979294797789,0.19308261147150182,0.2623243541234659,0.2803439662379701,0.4225662622715818,0.566926098380104,-0.2421080955429513,-0.2103904327990794,0.34141929210652744,0,0,0.0,0.0
2018-03-01 02:58:00,1,0.3414087815772755,0.4131580177846498,0.26078378646151273,0.2460928579846046,0.2872281881801693,0.3415253366751141,0.566926098380104,0.2419915404451127,0.2031035249700328,1.0485230530227503,0,0,0.0,0.0
2018-03-01 02:59:00,1,0.24197140036339,0.3382294411378284,0.2275991410242714,0.23252560327103416,0.30139683633014636,0.3415253366751141,0.566926098380104,-0.09943738121388551,-0.0995539363117241,0.7431343455229368,0,0,0.0,0.0
2018-03-01 03:00:00,1,0.1097103805668634,0.2343292470534498,0.23103018750250492,0.22680662806295832,0.25567526454882233,0.3415253366751141,0.4622353422146651,-0.1322610197965266,0.010293139434700602,0.39765909226629914,0,0,0.0,0.0
2018-03-01 03:01:00,1,0.1748404058979321,0.3129825987308831,0.17550739560939044,0.19346964190752192,0.26417880812374694,0.3414087815772755,0.4622353422146651,0.0651300253310687,-0.1665683756793434,0.6337310721337764,0,0,0.0,0.0
2018-03-01 03:02:00,1,0.0849773402272667,0.2211921392881442,0.1231760422306827,0.1905816617265427,0.2264530079250071,0.3414087815772755,0.4225662622715818,-0.08986306567066539,-0.15699406013612327,0.40774724325705286,0,0,0.0,0.0
2018-03-01 03:03:00,1,0.4193552446605945,0.4651136507739151,0.22639099692859307,0.2061709543432065,0.22613190616390838,0.4193552446605945,0.4193552446605945,0.33437790443332777,0.3096448640937311,2.0121945979768197,0,0,0.0,0.0
2018-03-01 03:04:00,1,0.5722444473085242,0.4923561304173003,0.35885901073212373,0.27222556373223333,0.2523755835016366,0.5722444473085242,0.5722444473085242,0.1528892026479297,0.3974040414105921,2.7458037076140163,0,0,0.0,0.0
2018-03-01 03:05:00,1,0.4783593909609363,0.4974579779005479,0.4899863609766803,0.3459553658110479,0.28638099693700597,0.5722444473085242,0.5722444473085242,-0.09388505634758787,0.3933820507336696,1.6399520100858662,0,0,0.0,0.0
2018-03-01 03:06:00,1,0.0928983676149705,0.2128374536491203,0.38116740196147236,0.3295669581544556,0.26151830003099164,0.5722444473085242,0.5722444473085242,-0.3854610233459658,-0.326456877045624,0.44575475293506817,0,0,0.0,0.0
2018-03-01 03:07:00,1,0.6751449403868579,0.6014659789385944,0.41546756632091686,0.4476004781863738,0.31909106995646114,0.6751449403868579,0.6751449403868579,0.5822465727718874,0.10290049307833371,2.3145888279992946,0,0,0.0,0.0
2018-03-01 03:08:00,1,0.4552586888283685,0.4640349930041707,0.4077673322767277,0.45478116701992866,0.3304760606815704,0.6751449403868579,0.6751449403868579,-0.2198862515584894,-0.02310070213256782,1.3768001499824873,0,0,0.0,0.0
2018-03-01 03:09:00,1,0.3889728208102612,0.4092704314671827,0.5064588166751579,0.41812684172027603,0.3451762027262576,0.6751449403868579,0.6751449403868579,-0.06628586801810732,0.2960744531952907,0.9624108700786304,0,0,0.0,0.0
2018-03-01 03:10:00,1,0.0633649669072698,0.1961796938591009,0.30253215884862844,0.3351279569095427,0.3405416613602982,0.6751449403868579,0.6751449403868579,-0.3256078539029914,-0.6117799734795881,0.1567799333811973,0,0,0.0,0.0
2018-03-01 03:11:00,1,0.8718647118459095,0.6264884970536087,0.44140083318780876,0.49092122575573055,0.4102440919550959,0.8718647118459095,0.8718647118459095,0.8084997449386397,0.416606023017541,1.9937087319411655,1,0,1.0,1.0
2018-03-01 03:12:00,1,0.1458293218680778,0.2608915965324359,0.360353000207081,0.3850581020519745,0.416329290119177,0.8718647118459095,0.8718647118459095,-0.7260353899778318,-0.2431434989421834,0.33347053554431516,0,0,1.0,1.0
2018-03-01 03:13:00,1,0.5327576032716299,0.5014423729839088,0.5168172123285344,0.4005578849406268,0.4276695259802805,0.8718647118459095,0.8718647118459095,0.3869282814035521,0.4693926363643601,1.141272804226448,0,0,1.0,1.0
2018-03-01 03:14:00,1,0.1773577560190684,0.3085406402160758,0.28531489371958735,0.35823487198238824,0.388180856851335,0.8718647118459095,0.8718647118459095,-0.3553998472525615,-0.6945069558268411,0.4201627961794257,0,0,1.0,1.0
2018-03-01 03:15:00,1,0.2553850026996128,0.3221604032177177,0.3218334539967657,0.3966388791408568,0.36588341802520263,0.8718647118459095,0.8718647118459095,0.0780272466805444,0.109555680831535,0.7926782315772343,0,0,1.0,1.0
2018-03-01 03:16:00,1,0.175574820232856,0.2689196528746366,0.20277252631717438,0.2573809008182461,0.3741510632869912,0.5327576032716299,0.8718647118459095,-0.07981018246675678,-0.35718278303877393,0.5449589307926973,0,0,0.0,1.0
2018-03-01 03:17:00,1,0.1157209901249251,0.2074703569690193,0.18222693768579332,0.2513592344696156,0.3182086682607979,0.5327576032716299,0.8718647118459095,-0.05985383010793091,-0.0616367658941433,0.5348233007723291,0,0,0.0,1.0
2018-03-01 03:18:00,1,0.5321638285543632,0.3374268944058941,0.2744865463040434,0.25124047952616224,0.3258991822333973,0.5321638285543632,0.8718647118459095,0.4164428384294381,0.2767788258547504,2.4594813355108127,0,0,0.0,1.0
2018-03-01 03:19:00,1,0.5200773856951573,0.4338935817780153,0.3893207347914773,0.31978440546138,0.33900963872188694,0.5321638285543632,0.8718647118459095,-0.012086442859205904,0.3445025654623013,2.4036218820306927,0,0,0.0,1.0
2018-03-01 03:20:00,1,1.7025047149337993,0.5536199336848275,0.9182486430611019,0.6092083479082173,0.5029236135245398,1.7025047149337993,1.7025047149337993,1.182427329238642,1.5867837248088743,4.3909294621717585,1,1,1.0,2.0
2018-03-01 03:21:00,1,0.1472568356863362,0.3005975459515648,0.7899463121050929,0.6035447509989134,0.4304628259085826,1.7025047149337993,1.7025047149337993,-1.555247879247463,-0.384906992868027,0.6805713193262034,0,0,1.0,1.0
2018-03-01 03:22:00,1,0.1914212223857022,0.2841232323156011,0.680394257668608,0.6186847974510687,0.43502201596034507,1.7025047149337993,1.7025047149337993,0.04416438669936598,-0.3286561633094551,0.8568384001845607,0,0,1.0,1.0
2018-03-01 03:23:00,1,0.8398603898767505,0.6562406242744353,0.39284614931625833,0.6802241097155463,0.4657322946208571,1.7025047149337993,1.7025047149337993,0.6484391674910484,-0.8626443250570488,3.759377481094422,1,0,2.0,2.0
2018-03-01 03:24:00,1,4.219952862337684,0.6333638091444411,1.7504114915333744,1.4201992050440517,0.8699918052527187,4.219952862337684,4.219952862337684,3.380092472460934,4.0726960266513474,10.883679316526935,1,1,3.0,3.0
2018-03-01 03:25:00,1,31.18076213405699,1.3451716956061988,12.080191795423803,7.31585068886869,3.962529518388456,31.18076213405699,31.18076213405699,26.960809271719306,30.989340911671288,59.26531378260433,1,1,3.0,4.0
2018-03-01 03:26:00,1,2.2424606213652045,0.5068395386912239,12.547725205919958,7.734891446004464,4.169218098501692,31.18076213405699,31.18076213405699,-28.938301512691787,1.402600231488454,3.2688305678726985,1,1,4.0,5.0
2018-03-01 03:27:00,1,22.51994830949985,2.517352064571287,18.647723688307345,12.200596863427293,6.4096408304391845,31.18076213405699,31.18076213405699,20.277487688134645,18.299995447162164,17.71573292219573,1,1,5.0,6.0
2018-03-01 03:28:00,1,40.97499913323782,1.323926974954372,21.912469354700956,20.227624612099508,10.45392436090753,40.97499913323782,40.97499913323782,18.455050823737974,9.794236999180832,20.773302103778015,1,1,5.0,7.0
2018-03-01 03:29:00,1,53.57879104359669,1.6347483497581052,39.02457949544478,30.099392248351307,15.759795726697684,53.57879104359669,53.57879104359669,12.603791910358865,51.336330422231484,16.581660890951152,1,1,5.0,8.0
2018-03-01 03:30:00,1,12.84787486238669,0.9198149548665544,35.800555013073726,26.432814794017247,16.87433274144297,53.57879104359669,53.57879104359669,-40.73091618121,-9.67207344711316,1.5055077381953632,1,1,5.0,8.0
2018-03-01 03:31:00,1,12.318776447724758,0.8253772004019667,26.24848078456937,28.448077959289158,18.091484702646813,53.57879104359669,53.57879104359669,-0.5290984146619309,-28.656222685513065,0.9789761313058917,1,1,5.0,9.0
2018-03-01 03:32:00,1,75.84257130282231,2.0499854357288068,33.66974087097791,39.11260255795365,25.65659971069048,75.84257130282231,75.84257130282231,63.52379485509755,22.26378025922562,4.2887890863647815,1,1,5.0,10.0
2018-03-01 03:33:00,1,0.6860914012518448,0.6332917028947735,29.61581305059963,31.05482101155646,25.641222811827987,75.84257130282231,75.84257130282231,-75.15647990157046,-12.161783461134844,0.03879748884289388,0,0,4.0,9.0
2018-03-01 03:34:00,1,0.1286488243219526,0.2761670399018527,25.55243717613203,20.36479256770151,25.23209240802641,75.84257130282231,75.84257130282231,-0.5574425769298922,-12.190127623402805,0.007274907275000556,0,0,3.0,8.0
2018-03-01 03:35:00,1,1.461115702773012,0.5572271753915456,0.758618642782265,18.087440735778774,22.26012776489801,75.84257130282231,75.84257130282231,1.3324668784510594,-74.38145560004929,0.11611521681239718,1,1,3.0,8.0
2018-03-01 03:36:00,1,59.48794083277322,1.574865920596135,20.359235119956058,27.521273612788463,27.984675786038814,75.84257130282231,75.84257130282231,58.026825130000205,58.801849431521376,3.363958091494948,1,1,3.0,8.0
2018-03-01 03:37:00,0,14.681564013353228,2.210076471581938,25.21020684963315,15.289072154894649,27.200837356424152,59.48794083277322,75.84257130282231,-44.806376819419995,14.552915189031275,1.0666082235103604,1,1,3.0,8.0
2018-03-01 03:38:00,0,0.279205841386388,0.4040311592663126,24.816236895837605,15.207695042921557,23.131258027239006,59.48794083277322,75.84257130282231,-14.40235817196684,-1.181909861386624,0.022188555462335453,0,0,3.0,7.0
2018-03-01 03:39:00,0,0.3230131339687997,0.4298444661621353,5.094594329569467,15.246567904850926,17.805680236276217,59.48794083277322,75.84257130282231,0.04380729258241173,-59.16492769880442,0.04688180191240896,0,0,3.0,6.0
2018-03-01 03:40:00,0,0.2589335356901402,0.3597775407233475,0.2870508370151046,15.00613147143435,16.546786103606564,59.48794083277322,75.84257130282231,-0.0640795982786595,-14.422630477663088,0.2411814808392716,0,0,2.0,5.0
2018-03-01 03:41:00,0,0.499400001171085,0.5234784640468878,0.3604488902766702,3.208423305113925,15.364848458951197,14.681564013353228,75.84257130282231,0.2404664654809448,0.22019415978469703,0.8425183980786457,0,0,1.0,4.0
2018-03-01 03:42:00,0,0.7432713500370594,0.5640949105808747,0.5005349622994234,0.42076477245069166,7.854918463672672,0.7432713500370594,59.48794083277322,0.24387134886597434,0.42025821606825964,1.253944304570485,0,0,0.0,3.0
2018-03-01 03:43:00,0,0.6482857386464376,0.5486100144230386,0.6303190299515226,0.49458075190270157,7.851137897412132,0.7432713500370594,59.48794083277322,-0.09498561139062178,0.38935220295629736,1.1297249524500665,0,0,0.0,3.0
2018-03-01 03:44:00,0,0.535996727600997,0.4870297013276153,0.6425179387614932,0.537177470629141,7.891872687740036,0.7432713500370594,59.48794083277322,-0.11228901104544053,0.03659672642991202,0.905182399798547,0,0,0.0,3.0
2018-03-01 03:45:00,0,0.5376820880482515,0.4633078834893161,0.573988184765224,0.5929271811007633,7.79952932626756,0.7432713500370594,59.48794083277322,0.0016853604472544248,-0.2055892619888079,1.0015678406680262,0,0,0.0,2.0
2018-03-01 03:46:00,0,0.6505183909089887,0.4822634121209417,0.5747324021860744,0.623150859048344,1.9157870820811376,0.7432713500370594,14.681564013353228,0.1128363028607372,0.0022326522625510936,1.2117537752886531,0,0,0.0,1.0
2018-03-01 03:47:00,0,0.2275221819532143,0.2730921560451165,0.4719075536368134,0.520001025431575,0.47038289894113616,0.6505183909089887,0.7432713500370594,-0.4229962089557744,-0.30847454564778276,0.43948707996395037,0,0,0.0,0.0
2018-03-01 03:48:00,0,0.1276794399731428,0.2517929663065344,0.33524000427844386,0.415879765696916,0.4552302587998116,0.6505183909089887,0.7432713500370594,-0.09984274198007151,-0.41000264807510867,0.24662854304363035,0,0,0.0,0.0
2018-03-01 03:49:00,0,0.5508108280959759,0.5493726537363463,0.3020041500074396,0.41884258579591177,0.4780100282125293,0.6505183909089887,0.7432713500370594,0.42313138812283313,-0.09970756281301274,1.0260234141613191,0,0,0.0,0.0
2018-03-01 03:50:00,0,0.0731029101847322,0.1868723537190761,0.25053105941794557,0.3259267502232079,0.45942696566198843,0.6505183909089887,0.7432713500370594,-0.47770791791124373,-0.1544192717684821,0.13617251816225717,0,0,0.0,0.0
2018-03-01 03:51:00,0,0.1356233383709014,0.2312679254518473,0.2531790255505318,0.22294773971559048,0.4230492993819701,0.5508108280959759,0.7432713500370594,0.06252042818616921,0.007943898397758609,0.2526325075276506,0,0,0.0,0.0
2018-03-01 03:52:00,0,0.3257613850885298,0.4232739291844792,0.17816254454804972,0.2425955803426536,0.38129830288711714,0.5508108280959759,0.6505183909089887,0.1901380467176284,-0.22504944300744611,0.7560372783368646,0,0,0.0,0.0
2018-03-01 03:53:00,0,0.2362157594805496,0.3685049242711178,0.23253349431332218,0.2643028442441349,0.3400913049705283,0.5508108280959759,0.6505183909089887,-0.08954562560798021,0.1631128492958174,0.8406566747656721,0,0,0.0,0.0
2018-03-01 03:54:00,0,0.394182837720166,0.3722827775548185,0.3187199940964104,0.23297724616897292,0.32590991598244523,0.394182837720166,0.6505183909089887,0.1579670782396164,0.2585594993492646,1.4028379577054302,0,0,0.0,0.0
2018-03-01 03:55:00,0,0.2190912889564961,0.3480042559422084,0.2831632953857325,0.2621749219233257,0.29405083607326965,0.394182837720166,0.6505183909089887,-0.1750915487636699,-0.10667009613203371,0.9448885868192527,0,0,0.0,0.0
2018-03-01 03:56:00,0,0.1519738136763665,0.26039365306024,0.2550826467843382,0.26544501698441875,0.24419637835000746,0.394182837720166,0.5508108280959759,-0.0671174752801296,-0.0842419458041831,0.6805577664688206,0,0,0.0,0.0
2018-03-01 03:57:00,0,0.4229496488389551,0.4307938986736826,0.26467158382393446,0.28488266973450377,0.26373912503858155,0.4229496488389551,0.5508108280959759,0.2709758351625886,0.028766811118789093,1.8578574280077595,0,0,0.0,0.0
2018-03-01 03:58:00,0,0.2841609351644006,0.346582976683742,0.286361465893236,0.29447170487127405,0.2793872745577073,0.4229496488389551,0.5508108280959759,-0.13878871367455448,0.06506964620790451,1.0921313193203697,0,0,0.0,0.0
2018-03-01 03:59:00,0,0.653337659259929,0.5798987405163228,0.45348274775442343,0.34630266917922664,0.2896399576741026,0.653337659259929,0.653337659259929,0.36917672409552843,0.5013638455835625,2.5110084866395064,0,0,0.0,0.0
2018-03-01 04:00:00,0,2.410533371412343,1.0631513561592278,1.1160106552788862,0.784591085670396,0.5233830037968638,2.410533371412343,2.410533371412343,1.7571957121524142,1.9875837225733881,7.904368759759294,1,1,1.0,1.0
2018-03-01 04:01:00,0,0.1212597756994043,0.2522774332704626,1.0617102687905542,0.7784482780750036,0.5219466475297141,2.410533371412343,2.410533371412343,-2.2892735957129386,-0.1629011594649963,0.39762236616214586,0,0,1.0,1.0
2018-03-01 04:02:00,0,0.3836140276972796,0.4464186968393154,0.9718023916030041,0.7705811538466685,0.5277319117905891,2.410533371412343,2.410533371412343,0.2623542519978753,-0.26972363156264945,1.1489286065016273,0,0,1.0,1.0
2018-03-01 04:03:00,0,0.0975465837638,0.2267915554765077,0.20080679572015656,0.7332582835665484,0.513864994218914,2.410533371412343,2.410533371412343,-0.2860674439334796,-2.3129867876485433,0.29215318643451105,0,0,1.0,1.0
2018-03-01 04:04:00,0,0.4650780395321733,0.4573141242839744,0.3154128836644129,0.6956063596209973,0.5209545144001148,2.410533371412343,2.410533371412343,0.3675314557683733,0.34381826383276903,1.3929142974298954,0,0,1.0,1.0
2018-03-01 04:05:00,0,0.0546648703247571,0.153569374375379,0.2057631645402387,0.22443265940348,0.504511872536941,0.4650780395321733,2.410533371412343,-0.4104131692074162,-0.3289491573725225,0.16372194120173653,0,0,0.0,1.0
2018-03-01 04:06:00,0,0.3563521888359155,0.4213526618107455,0.29203169956427727,0.27145114203078224,0.5249497100528958,0.4650780395321733,2.410533371412343,0.30168731851115843,0.25880560507211553,0.963155392012515,0,0,0.0,1.0
2018-03-01 04:07:00,0,0.2614138109555046,0.3623269308617922,0.22414362337205432,0.24701109868242727,0.5087961262645507,0.4650780395321733,2.410533371412343,-0.09493837788041093,-0.20366422857666872,0.8162611659279901,0,0,0.0,1.0
2018-03-01 04:08:00,0,0.9424136883672406,0.6543863220897606,0.5200598960528822,0.4159845196031154,0.5746214015848348,0.9424136883672406,2.410533371412343,0.6809998774117361,0.8877488180424835,2.547173425319583,1,0,1.0,2.0
2018-03-01 04:09:00,0,0.1071997478057324,0.2122691116188325,0.4370090823761545,0.3444088612578272,0.5200076104394151,0.9424136883672406,2.410533371412343,-0.8352139405615082,-0.24915244103018314,0.34705503633055373,0,0,1.0,2.0
2018-03-01 04:10:00,0,0.3206372678419699,0.4083922312561108,0.45675023467164294,0.39760334076126974,0.31101800008237773,0.9424136883672406,0.9424136883672406,0.2134375200362375,0.0592234568864653,1.1017458012743742,0,0,1.0,1.0
2018-03-01 04:11:00,0,0.3326913444003795,0.3896589173155118,0.2535094533493559,0.39287117187416254,0.3321611569524752,0.9424136883672406,0.9424136883672406,0.012054076558409621,-0.6097223439668611,1.018447132787862,0,0,1.0,1.0
2018-03-01 04:12:00,0,0.0993153077647302,0.2051432538854667,0.2508813066690218,0.3604514712360077,0.3037312849592203,0.9424136883672406,0.9424136883672406,-0.23337603663564932,-0.007884440041002194,0.3412585943877019,0,0,1.0,1.0
2018-03-01 04:13:00,0,0.337590581755074,0.3948818962426145,0.25653241130672316,0.23948684991357436,0.3277356847583477,0.337590581755074,0.9424136883672406,0.23827527399034382,0.016953313913104118,1.03344486062394,0,0,0.0,1.0
2018-03-01 04:14:00,0,0.2442402325854682,0.3388270920282964,0.2270487073684194,0.26689494686952153,0.3056519040636772,0.337590581755074,0.9424136883672406,-0.0933503491696058,-0.0884511118149113,0.8392369750541314,0,0,0.0,1.0
2018-03-01 04:15:00,0,0.1825809958206665,0.2839229678646112,0.2548039367203982,0.23928369246526082,0.31844351661326814,0.337590581755074,0.9424136883672406,-0.0616592367648017,0.0832656880559363,0.6273688860056547,0,0,0.0,1.0
2018-03-01 04:16:00,0,0.243959434775066,0.3465249494409099,0.22359355439372883,0.22153731054019815,0.3072042412071832,0.337590581755074,0.9424136883672406,0.061378438954399483,-0.09363114698000802,0.9649224522926056,0,0,0.0,1.0
2018-03-01 04:17:00,0,0.2443011501083393,0.348047602920432,0.22361386023468585,0.25053447900891995,0.30549297512246665,0.337590581755074,0.9424136883672406,0.00034171533327331804,6.091752287110119e-05,1.0001205983438894,0,0,0.0,1.0
2018-03-01 04:18:00,0,0.2097857348127338,0.2922776090953491,0.23268210656537494,0.22497350962045193,0.23223017976701602,0.2443011501083393,0.337590581755074,-0.034515415295605506,0.027204738992067296,0.8594224429709216,0,0,0.0,0.0
2018-03-01 04:19:00,0,0.2267214804885861,0.3139252601541755,0.226936121803215,0.22146975920107553,0.24418235303530134,0.2443011501083393,0.337590581755074,0.016935745675852293,-0.017237954286479895,0.928802565195475,0,0,0.0,0.0
2018-03-01 04:20:00,0,0.0795147900522161,0.2014421889660989,0.1720073351178406,0.2008565180473854,0.22007010525632595,0.2443011501083393,0.337590581755074,-0.14720669043637,-0.1647863600561232,0.3378698800132826,0,0,0.0,0.0
2018-03-01 04:21:00,0,0.2493041098683399,0.3661459439048494,0.18518012680304263,0.2019254530660402,0.21173138180312204,0.2493041098683399,0.337590581755074,0.1697893198161238,0.0395183750556061,1.0593293352434205,0,0,0.0,0.0
2018-03-01 04:22:00,0,0.2755391634375969,0.3994662345602067,0.20145268778604622,0.2081730557318917,0.2293537673704087,0.2755391634375969,0.337590581755074,0.026235053569256983,0.04881768294901079,1.1287923899453327,0,0,0.0,0.0
2018-03-01 04:23:00,0,0.1656175521210436,0.2669526010235029,0.23015360847565539,0.19933941919355366,0.2121564644070056,0.2755391634375969,0.2755391634375969,-0.10992161131655329,0.0861027620688275,0.7037330089972492,0,0,0.0,0.0
2018-03-01 04:24:00,0,0.3276620388906733,0.3647254473887154,0.25627291814976655,0.21952753087397112,0.22049864503752614,0.3276620388906733,0.3276620388906733,0.1620444867696297,0.0783579290223334,1.3922835448876834,0,0,0.0,0.0
2018-03-01 04:25:00,0,0.1575789262221656,0.291934653743957,0.21695283907795612,0.23514035810796102,0.21799843807767605,0.3276620388906733,0.3276620388906733,-0.1700831126685077,-0.11796023721543128,0.6695757212003248,0,0,0.0,0.0
2018-03-01 04:26:00,0,0.353503162701129,0.4605080756321886,0.2795813759379846,0.25598016867451884,0.22895281087028238,0.353503162701129,0.353503162701129,0.19592423647896343,0.18788561058008543,1.5009965073509535,0,0,0.0,0.0
2018-03-01 04:27:00,0,1.1262706100642,0.7481072269506429,0.5457842329958268,0.4261264579998395,0.31714975686586844,1.1262706100642,1.1262706100642,0.7727674473630709,0.7986085711735267,4.731955176042301,1,1,1.0,1.0
2018-03-01 04:28:00,0,0.2456957435806414,0.3273250646254005,0.575156505448652,0.44214209629175905,0.3207407577426592,1.1262706100642,1.1262706100642,-0.8805748664835585,0.08811681735847579,0.9927063580418076,0,0,1.0,1.0
2018-03-01 04:29:00,0,0.5631160395964115,0.4387367023377719,0.6450274644137463,0.4892328964329066,0.35438021365344174,1.1262706100642,1.1262706100642,0.31742029601577015,0.20961287689528252,2.1458363759262307,0,0,1.0,1.0
2018-03-01 04:30:00,0,0.5467276937240259,0.5468700517084001,0.4518464923003549,0.5670626499332787,0.4011015040206227,1.1262706100642,1.1262706100642,-0.01638834587238569,-0.5795429163401741,1.8127479814886338,0,0,1.0,1.0
2018-03-01 04:31:00,0,0.2108598267048196,0.3183668239658864,0.4402345200084142,0.5385339827340168,0.3972570757042707,1.1262706100642,1.1262706100642,-0.33586786701920623,-0.0348359168758218,0.699133644817977,0,0,1.0,1.0
2018-03-01 04:32:00,0,0.136966867010169,0.2183165833389415,0.2981847958130001,0.34067323412321066,0.3833998460615279,0.5631160395964115,1.1262706100642,-0.0738929596946506,-0.4261491725862425,0.4777693559872992,0,0,0.0,1.0
2018-03-01 04:33:00,0,0.1631318151280248,0.2889599436129215,0.1703195029476664,0.3241604484326873,0.383151272362226,0.5631160395964115,1.1262706100642,0.026164948117855802,-0.3835958785960011,0.5690382203819339,0,0,0.0,1.0
2018-03-01 04:34:00,0,0.2016257564543393,0.2806651373406846,0.1672414795308396,0.2518623918042729,0.37054764411859265,0.5467276937240259,1.1262706100642,0.03849394132631451,-0.009234070250480286,0.8832435144083736,0,0,0.0,1.0
2018-03-01 04:35:00,0,0.2873327743274039,0.3961446322058328,0.2173634486365846,0.19998340792494845,0.38352302892911644,0.2873327743274039,1.1262706100642,0.08570701787306459,0.1503659073172349,1.0781100318799104,0,0,0.0,1.0
2018-03-01 04:36:00,0,0.3254308593098049,0.4004656393568094,0.2714631300305113,0.22289761444594552,0.380715798589984,0.3254308593098049,1.1262706100642,0.038098084982401026,0.16229904418178012,1.221059013982933,0,0,0.0,1.0
2018-03-01 04:37:00,0,0.3765819337304396,0.4392290404964952,0.3297818557892114,0.2708206277899997,0.305746930956608,0.3765819337304396,0.5631160395964115,0.05115107442063466,0.17495617727610027,1.412984514314075,0,0,0.0,0.0
2018-03-01 04:38:00,0,0.1362240030789397,0.2680032410440836,0.2794122653730567,0.2654390653801827,0.29479975690643784,0.3765819337304396,0.5631160395964115,-0.24035793065149988,-0.1511087712484642,0.5468706517360619,0,0,0.0,0.0
2018-03-01 04:39:00,0,0.139310486593046,0.2837193037502817,0.21737214113413705,0.252976011407924,0.25241920160610126,0.3765819337304396,0.5467276937240259,0.003086483514106314,-0.1861203727167589,0.6754651159489223,0,0,0.0,0.0
2018-03-01 04:40:00,0,0.6949035055094889,0.5753306078621769,0.32347933172715343,0.334490157644341,0.2672367827846475,0.6949035055094889,0.6949035055094889,0.5555930189164429,0.3183215717790493,3.3693305392970307,0,0,0.0,0.0
2018-03-01 04:41:00,0,0.1721112735755627,0.3059555033355388,0.3354417552260278,0.3038262404974925,0.2633619274717219,0.6949035055094889,0.6949035055094889,-0.5227922319339262,0.03588727049662299,0.9210238147286488,0,0,0.0,0.0
2018-03-01 04:42:00,0,0.4550901689849752,0.474943998031003,0.4407016493566709,0.31952788754839967,0.2951742576692025,0.6949035055094889,0.6949035055094889,0.28297889540941246,0.31577968239192916,1.8614597307368896,0,0,0.0,0.0
2018-03-01 04:43:00,0,0.1718620504274956,0.2399647978260272,0.2663544976626731,0.3266554970181108,0.2960472811991496,0.6949035055094889,0.6949035055094889,-0.28322811855747954,-0.5230414550819933,0.7029690112317449,0,0,0.0,0.0
2018-03-01 04:44:00,0,0.2093234075061656,0.3461253731741106,0.27875854230620745,0.34065808120073476,0.2968170463043322,0.6949035055094889,0.6949035055094889,0.03746135707866999,0.03721213393060291,0.8429274505591856,0,0,0.0,0.0
2018-03-01 04:45:00,0,0.339861387020183,0.4337245999028331,0.24034894831794337,0.26964965750287356,0.30206990757361013,0.4550901689849752,0.6949035055094889,0.13053797951401738,-0.11522878196479219,1.2710889356894324,0,0,0.0,0.0
2018-03-01 04:46:00,0,0.1971020668632248,0.2771601756686225,0.24876228712985307,0.274647816160406,0.28923702832895215,0.4550901689849752,0.6949035055094889,-0.1427593201569582,0.02524001643572918,0.9699249154799231,0,0,0.0,0.0
2018-03-01 04:47:00,0,0.5160980819054506,0.5211559195181912,0.35102051192961475,0.2868493987445011,0.3031886431464532,0.5160980819054506,0.6949035055094889,0.3189960150422258,0.30677467439928496,2.539681072034927,0,0,0.0,0.0
2018-03-01 04:48:00,0,0.2761417490555438,0.4047568531837646,0.32978063260806834,0.30770533847011067,0.3171804177441136,0.5160980819054506,0.6949035055094889,-0.2399563328499068,-0.0637196379646392,1.1376330831988732,0,0,0.0,0.0
2018-03-01 04:49:00,0,0.1442667716720551,0.2675943353884232,0.3121688675443451,0.2946940113032886,0.3176760462520145,0.5160980819054506,0.6949035055094889,-0.1318749773834887,-0.052835295191169696,0.5943420465096565,0,0,0.0,0.0
2018-03-01 04:50:00,0,0.2564940646895335,0.3218581218229925,0.2256341951390394,0.2780205468371587,0.27383510217001894,0.5160980819054506,0.5160980819054506,0.11222729301747841,-0.2596040172159171,1.1012595221943653,0,0,0.0,0.0
2018-03-01 04:51:00,0,0.1812818773559792,0.3072688644571777,0.19401423790585118,0.2748565089357096,0.2747521625480606,0.5160980819054506,0.5160980819054506,-0.07521218733355431,-0.09485987169956459,0.7783353345083841,0,0,0.0,0.0
2018-03-01 04:52:00,0,0.2773971814657741,0.406084032592617,0.2383910411704242,0.2271163288477743,0.25698286379614055,0.2773971814657741,0.5160980819054506,0.09611530410979488,0.13313040979371898,1.1910072378822092,0,0,0.0,0.0
2018-03-01 04:53:00,0,0.0820738346010564,0.2144187294031226,0.18025096447426514,0.18830274595687685,0.2480040422134966,0.2773971814657741,0.5160980819054506,-0.1953233468647177,-0.17442023008847712,0.35238473056607517,0,0,0.0,0.0
2018-03-01 04:54:00,0,0.2693073743244444,0.3557982960076837,0.20959279679708687,0.2133108664873547,0.2540024388953245,0.2773971814657741,0.5160980819054506,0.18723353972338802,0.0880254969684652,1.0243652070038485,0,0,0.0,0.0
2018-03-01 04:55:00,0,0.1861098794107563,0.3332038433768492,0.17916369611208094,0.19923402943159924,0.23862728813438178,0.2773971814657741,0.5160980819054506,-0.08319749491368811,-0.09128730205501778,0.8205936773754533,0,0,0.0,0.0
2018-03-01 04:56:00,0,0.1906856022482454,0.3195069696238791,0.21536761866114396,0.2011147744100525,0.23798564167288383,0.2773971814657741,0.5160980819054506,0.00457572283748911,0.10861176764718901,0.8528328254332372,0,0,0.0,0.0
2018-03-01 04:57:00,0,0.3454427025566245,0.4061581238826866,0.24074606140520396,0.21472387862822256,0.22092010373800125,0.3454427025566245,0.3454427025566245,0.1547571003083791,0.07613532823218011,1.544977033258788,0,0,0.0,0.0
2018-03-01 04:58:00,0,0.1985416072682228,0.3475044113505173,0.24488997069102614,0.23801743316165586,0.21316008955926918,0.3454427025566245,0.3454427025566245,-0.14690109528840173,0.01243172785746649,1.0201783546248604,0,0,0.0,0.0
2018-03-01 04:59:00,0,0.5889057323819314,0.53213040617277,0.3776300140689215,0.3019371047731533,0.2576239856302568,0.5889057323819314,0.5889057323819314,0.39036412511370866,0.39822013013368607,2.588382319416415,0,0,0.0,0.0
2018-03-01 05:00:00,0,0.2411683715142784,0.3500560543047305,0.34287190372147275,0.3129488031938577,0.2560914163127313,0.5889057323819314,0.5889057323819314,-0.34773736086765306,-0.10427433104234612,1.0969379191444304,0,0,0.0,0.0
2018-03-01 05:01:00,0,0.3220445481674374,0.3947535537923842,0.3840395506878776,0.3392205923776961,0.27016768339387714,0.5889057323819314,0.5889057323819314,0.080876176653159,0.1235029408992146,1.2617378555388865,0,0,0.0,0.0
2018-03-01 05:02:00,0,0.1531338822559384,0.2894271263432453,0.23878226731254662,0.30075882831755885,0.2577413534728935,0.5889057323819314,0.5889057323819314,-0.16891066591149898,-0.43577185012599307,0.6965190381210171,0,0,0.0,0.0
2018-03-01 05:03:00,0,1.0156852128378733,0.695800606589193,0.4969545477537449,0.464187549431489,0.3511024912965752,1.0156852128378733,1.0156852128378733,0.8625513305819349,0.7745168413235949,3.9793515823851906,1,0,1.0,1.0
2018-03-01 05:04:00,0,0.3951476090130773,0.3646156386787095,0.5213222347022916,0.4254359247577181,0.36368651476543856,1.0156852128378733,1.0156852128378733,-0.6205376038247961,0.07310306084563989,1.4031858716966636,0,0,1.0,1.0
2018-03-01 05:05:00,0,0.3605946143441747,0.4137540524635931,0.590475812065037,0.44932117332369736,0.38113498825878034,1.0156852128378733,1.0156852128378733,-0.03455299466890255,0.20746073208823632,1.0804507007506658,0,0,1.0,1.0
2018-03-01 05:06:00,0,0.3096193961690928,0.3626568833974154,0.35512053984211017,0.4468361429240285,0.39302836765086513,1.0156852128378733,1.0156852128378733,-0.05097521817508194,-0.7060658166687805,0.9277135049987152,0,0,1.0,1.0
2018-03-01 05:07:00,0,0.6491421226486394,0.5773851344367941,0.43978537772063087,0.5460377910025687,0.42339830966006653,1.0156852128378733,1.0156852128378733,0.33952272647954657,0.2539945136355621,1.9018546149789117,0,0,1.0,1.0
2018-03-01 05:08:00,0,0.5687194296007592,0.4457148768329088,0.5091603161394924,0.45664463435514585,0.46041609189332017,0.6491421226486394,1.0156852128378733,-0.08042269304788019,0.20812481525658444,1.505057960150406,0,0,0.0,1.0
2018-03-01 05:09:00,0,0.346977082631532,0.4238643618527946,0.5216128782936388,0.44701052907883676,0.4362232269182803,0.6491421226486394,1.0156852128378733,-0.22174234696922718,0.0373576864624392,0.9807517834949845,0,0,0.0,1.0
2018-03-01 05:10:00,0,0.8641940179561991,0.5319236291855727,0.5932968433961587,0.5477304098012417,0.49852579156247234,0.8641940179561991,1.0156852128378733,0.5172169353246672,0.21505189530755975,2.2870013193542635,1,0,1.0,2.0
2018-03-01 05:11:00,0,1.4427496313168904,0.6891935628778909,0.8846402439682025,0.7743564568308011,0.6105962998774176,1.4427496313168904,1.4427496313168904,0.5785556133606913,0.8740302017161312,2.9936631918206316,1,1,2.0,3.0
2018-03-01 05:12:00,0,0.345015668447447,0.432248667199986,0.8839864392401742,0.7135311659905627,0.6297844784965685,1.4427496313168904,1.4427496313168904,-1.0977339628694434,-0.001961414184084964,0.7158973981436784,0,0,2.0,3.0
2018-03-01 05:13:00,0,0.4367531347208195,0.3571755311876945,0.741506144828381,0.6871379070145747,0.5718912706848631,1.4427496313168904,1.4427496313168904,0.09173746627337248,-0.4274408832353796,1.0500100835357387,0,0,2.0,2.0
2018-03-01 05:14:00,0,0.5780753639561984,0.548887041299175,0.4532813890414837,0.7333575632795081,0.5901840461791752,1.4427496313168904,1.4427496313168904,0.1413222292353789,-0.864674267360692,1.1498557685469482,0,0,2.0,2.0
2018-03-01 05:15:00,0,0.6759451322640687,0.596268758050047,0.563591210313691,0.695707786141082,0.6217190979711646,1.4427496313168904,1.4427496313168904,0.09786976830787031,0.3309294638166217,1.1788402898608152,0,0,1.0,2.0
2018-03-01 05:16:00,0,0.4262040734701044,0.4467616427381376,0.5600748565634525,0.4923986745717248,0.6333775657012659,0.6759451322640687,1.4427496313168904,-0.2497410587939643,-0.010549061250715086,0.7432948467673515,0,0,0.0,2.0
2018-03-01 05:17:00,0,0.410943308788851,0.4557305681898226,0.50436417150767,0.5055842026400056,0.609557684315287,0.6759451322640687,1.4427496313168904,-0.015260764681253425,-0.16713205516734742,0.8174116449502146,0,0,0.0,2.0
2018-03-01 05:18:00,0,0.1129029498342882,0.2506873723135253,0.31668344403107657,0.4408141656626993,0.5639760363386399,0.6759451322640687,1.4427496313168904,-0.2980403589545628,-0.5630421824297805,0.26166462739524804,0,0,0.0,2.0
2018-03-01 05:19:00,0,0.3860444974102379,0.4245994564683858,0.3032969186777877,0.4024079923535072,0.5678827778165104,0.6759451322640687,1.4427496313168904,0.27314154757594966,-0.04015957605986653,0.8946992945808585,0,0,0.0,2.0
2018-03-01 05:20:00,0,0.4825992161019395,0.5006387711019997,0.32718222111548384,0.36373880912108136,0.5297232976310846,0.4825992161019395,1.4427496313168904,0.09655471869170162,0.07165590731308852,1.1184751527563923,0,0,0.0,1.0
2018-03-01 05:21:00,0,0.2970430895446444,0.3848593128394393,0.3885622676856026,0.3379066123359894,0.41515264345385994,0.4825992161019395,0.6759451322640687,-0.1855561265572951,0.18414013971035623,0.7096537268966414,0,0,0.0,0.0
2018-03-01 05:22:00,0,0.5766605858958173,0.509419908437405,0.4521009638474624,0.3710500677573826,0.4383171351986969,0.5766605858958173,0.6759451322640687,0.27961749635117283,0.19061608848557937,1.3364724089443518,0,0,0.0,0.0
2018-03-01 05:23:00,0,0.260274182955437,0.3390352397141902,0.3779926194652949,0.40052431438161235,0.42066924002215866,0.5766605858958173,0.6759451322640687,-0.3163864029403803,-0.22232503314650254,0.6218106074524375,0,0,0.0,0.0
2018-03-01 05:24:00,0,1.251916176070557,0.8212943864387912,0.6962836483072657,0.5736986501136763,0.4880533212335945,1.251916176070557,1.251916176070557,0.9916419931151201,0.9548730865259126,2.9909027053030823,1,1,1.0,1.0
2018-03-01 05:25:00,0,0.8650721085636339,0.6739704856944049,0.7924208225298713,0.650193228606015,0.5069660188635511,1.251916176070557,1.251916176070557,-0.38684406750692313,0.28841152266781667,2.066709065063949,1,0,2.0,2.0
2018-03-01 05:26:00,0,0.8696358440744095,0.6876419831394259,0.9955413762361954,0.7647117795119681,0.5513091959239815,1.251916176070557,1.251916176070557,0.004563735510775602,0.6093616611189725,1.9464857538704006,1,0,3.0,3.0
2018-03-01 05:27:00,0,0.383007257244986,0.4476846413861854,0.7059050699610051,0.7259811137818019,0.548515590769595,1.251916176070557,1.251916176070557,-0.4866285868294235,-0.868908918825571,0.8818491849718124,0,0,3.0,3.0
2018-03-01 05:28:00,0,0.3499581111967281,0.4451619135896599,0.5342004041720365,0.7439178994300601,0.572221106905839,1.251916176070557,1.251916176070557,-0.03304914604825793,-0.5151139973669059,0.8057556855527431,0,0,3.0,3.0
2018-03-01 05:29:00,0,0.4630384971466716,0.5081203070194422,0.3986679551961239,0.586142363645283,0.5799205068794825,0.8696358440744095,1.251916176070557,0.11308038594994352,-0.4065973469277379,0.9793127142597862,0,0,2.0,3.0
2018-03-01 05:30:00,0,15.505879464662318,2.08767445289729,5.439625357668568,3.5143038348650193,2.0822485317355204,15.505879464662318,15.505879464662318,15.042840967515646,15.122872207417332,29.827572015770706,1,1,2.0,4.0
2018-03-01 05:31:00,0,1.6831107162316952,0.8799360292327015,5.88400955934689,3.6769988092964767,2.2208552944042252,15.505879464662318,15.505879464662318,-13.822768748430622,1.3331526050349671,2.3348411087002976,1,1,2.0,5.0
2018-03-01 05:32:00,0,0.9971298086934556,0.7056523749224238,6.062039996529151,3.799823319586171,2.2629022166839894,15.505879464662318,15.505879464662318,-0.6859809075382396,0.534091311546784,1.1496213614005961,1,0,3.0,6.0
2018-03-01 05:33:00,0,1.5570585288422891,0.6805102836629591,1.412433017922476,4.041243403115283,2.3925806512726746,15.505879464662318,15.505879464662318,0.5599287201488335,-13.948820935820029,1.6681867467905083,1,1,4.0,7.0
2018-03-01 05:34:00,0,0.4088173352183316,0.4381243372234129,0.987668557584688,4.0303991707296145,2.3082707671874516,15.505879464662318,15.505879464662318,-1.1482411936239576,-1.2742933810133636,0.4713379716264688,0,0,4.0,6.0
2018-03-01 05:35:00,0,0.6783798905368165,0.5306175367233803,0.8814185848658083,1.0648992559045147,2.2896015453847705,1.6831107162316952,15.505879464662318,0.2695625553184849,-0.3187499181566391,0.8764497658771162,0,0,3.0,5.0
2018-03-01 05:36:00,0,13.557998732117277,1.452874609574245,4.881731985957471,3.439876859081631,3.558437834189057,13.557998732117277,15.505879464662318,12.87961884158046,12.000940203274988,16.183711206965373,1,1,3.0,5.0
2018-03-01 05:37:00,0,1.5331779534664685,0.7892083030460197,5.256518858706849,3.5470864880362334,3.673454903811205,13.557998732117277,15.505879464662318,-12.024820778650808,1.124360618248137,1.2118500085599926,1,1,3.0,6.0
2018-03-01 05:38:00,0,3.849640703624069,0.8800919683234278,6.313605796402601,4.00560292299259,4.023423163053939,13.557998732117277,15.505879464662318,2.3164627501576005,3.171260813087253,2.4914845411852826,1,1,3.0,7.0
2018-03-01 05:39:00,0,0.677095192909654,0.527605512739347,2.019971283333393,4.059258494530854,4.044828832630237,13.557998732117277,15.505879464662318,-3.172545510714415,-12.880903539207623,0.4382154948790796,0,0,3.0,7.0
2018-03-01 05:40:00,0,3.4995067186991204,1.1051333156211252,2.6754142050776104,4.623483860163315,2.8441915580339177,13.557998732117277,13.557998732117277,2.8224115257894664,1.966328765232652,2.2648780919229208,1,1,4.0,7.0
2018-03-01 05:41:00,0,1.234603007431772,0.6986087942447797,1.8037349730135113,2.158804715226214,2.7993407871539255,3.849640703624069,13.557998732117277,-2.2649037112673485,-2.615037696192297,0.8921241476471126,1,1,4.0,7.0
2018-03-01 05:42:00,0,3.8134332961011848,0.9417128506652857,2.8491810074106882,2.6148557837531574,3.0809711358946985,3.849640703624069,13.557998732117277,2.5788302886694128,3.1363381031915307,2.4680511345209313,1,1,4.0,7.0
2018-03-01 05:43:00,0,1.108410450213747,0.6662773938427929,2.052148917915564,2.0666097330710924,3.036106328031844,3.8134332961011848,13.557998732117277,-2.705022845887438,-2.3910962684853736,0.8009374043216381,1,1,4.0,7.0
2018-03-01 05:44:00,0,0.4214396431825324,0.4657949287475177,1.7810944631658172,2.0154786231256683,3.0373685588282644,3.8134332961011848,13.557998732117277,-0.6869708070312146,-0.8131633642492395,0.3045322911054853,0,0,4.0,7.0
2018-03-01 05:45:00,0,6.314945464549361,1.3324837472522049,2.6149318526485423,2.5785663722957164,3.6010251162295184,6.314945464549361,13.557998732117277,5.893505821366828,2.501512168448176,2.509572272589746,1,1,4.0,8.0
2018-03-01 08:26:00,0,27.009066168492843,2.442619136091096,11.248483758741573,7.733459004507931,4.946131859867075,27.009066168492843,27.009066168492843,20.694120703943483,25.900655718279097,10.733458261120283,1,1,4.0,8.0
2018-03-01 08:27:00,0,0.2816946874740918,0.391507908124669,11.20190210683876,7.027111282782512,4.820983533267837,27.009066168492843,27.009066168492843,-26.72737148101875,-0.1397449557084406,0.11900635378722504,0,0,3.0,7.0
2018-03-01 08:28:00,0,0.9560643364390676,0.6396819191035581,9.415608397468665,6.996642060027575,4.531625896549337,27.009066168492843,27.009066168492843,0.6743696489649758,-5.358881128110293,0.8160973358663289,1,0,3.0,7.0
2018-03-01 08:29:00,0,0.2761364911122907,0.3279254293933966,0.5046318383418132,6.967581429613529,4.491530026369601,27.009066168492843,27.009066168492843,-0.679927845326777,-26.732929677380554,0.2357103451547678,0,0,3.0,7.0
2018-03-01 08:30:00,0,0.3054535653957651,0.3898500995665906,0.5125514643157043,5.765683049782809,4.172124711039265,27.009066168492843,27.009066168492843,0.02931707428347441,0.023758877921673305,0.29591378054776224,0,0,2.0,6.0
2018-03-01 08:31:00,0,0.832455456800518,0.693113747219796,0.47134850443618775,0.5303609074443438,4.13190995597614,0.9560643364390676,27.009066168492843,0.527001891404753,-0.1236088796385496,0.9308865678317229,1,0,2.0,6.0
2018-03-01 08:32:00,0,0.3106957736318129,0.3487123671483682,0.4828682652760284,0.5361611246758881,3.781636203729203,0.9560643364390676,27.009066168492843,-0.5217596831687051,0.03455928251952217,0.4955682147059957,0,0,2.0,5.0
2018-03-01 08:33:00,0,0.2131643266935681,0.2944421636113917,0.4521051857086295,0.38758112272678813,3.692111591377185,0.832455456800518,27.009066168492843,-0.09753144693824478,-0.09228923870219702,0.5823068779112054,0,0,1.0,4.0
2018-03-01 08:34:00,0,0.2287793498568699,0.350496875946675,0.2508798167274134,0.378109694475704,3.672845562044619,0.832455456800518,27.009066168492843,0.015615023163301794,-0.6036761069436481,0.7426076529118119,0,0,1.0,4.0
2018-03-01 08:35:00,0,0.2520309886213462,0.3611021091345857,0.23132488839059118,0.3674251791208202,3.0665541144518174,0.832455456800518,27.009066168492843,0.023251638764476307,-0.05866478501046668,0.8584889042948582,0,0,1.0,3.0
2018-03-01 08:36:00,0,0.0684901657657183,0.1870812195889991,0.1831001680813079,0.21463212091386025,0.3724965141791049,0.3106957736318129,0.9560643364390676,-0.1835408228556279,-0.1446741609278498,0.2455578778561747,0,0,0.0,2.0
2018-03-01 08:37:00,0,0.2881008814034115,0.373339851232524,0.2028740119301551,0.21011314246817997,0.37313713357203687,0.2881008814034115,0.9560643364390676,0.2196107156376932,0.0593215315465416,1.0212009137855547,0,0,0.0,2.0
2018-03-01 08:38:00,0,0.6684026109221888,0.6005653838460497,0.34166455269710266,0.3011607993139041,0.344370961020349,0.6684026109221888,0.832455456800518,0.3803017295187773,0.41637162230084257,2.369216483217282,0,0,0.0,1.0
2018-03-01 08:39:00,0,0.5160967372303094,0.5303277393815425,0.4908667431852997,0.358624276788592,0.36836698563215087,0.6684026109221888,0.832455456800518,-0.15230587369187942,0.44760657146459104,1.7389980009935773,0,0,0.0,1.0
2018-03-01 08:40:00,0,0.1515575069315015,0.3088338682749383,0.4453522850279963,0.3385295804506231,0.35297737978572447,0.6684026109221888,0.832455456800518,-0.36453923029880786,-0.13654337447191,0.5611849778076486,0,0,0.0,1.0
2018-03-01 08:41:00,0,0.1896251891298271,0.3168206970113998,0.2857598110972091,0.36275658512344483,0.28869435301865537,0.6684026109221888,0.6684026109221888,0.0380676821983256,-0.4787774217923617,0.7887700624738371,0,0,0.0,0.0
2018-03-01 08:42:00,0,0.5499080238738935,0.526810975342684,0.2970302399784038,0.41511801361754125,0.3126155780428634,0.6684026109221888,0.6684026109221888,0.3602828347440664,0.033811286643584126,2.287412280701311,0,0,0.0,0.0
2018-03-01 08:43:00,0,0.3221383235853061,0.3533738203904193,0.35389051219633866,0.34586515615016467,0.32351297773203724,0.5499080238738935,0.6684026109221888,-0.2277697002885874,0.1705808166538046,1.1928091958778313,0,0,0.0,0.0
2018-03-01 08:44:00,0,0.4982194803074224,0.3993584204880891,0.4567552759222038,0.3422897047655873,0.3504569907770924,0.5499080238738935,0.6684026109221888,0.17608115672211633,0.3085942911775953,1.6328608302241203,0,0,0.0,0.0
2018-03-01 08:45:00,0,0.4820404256645977,0.5180616846516269,0.43413274318577183,0.40838628851220643,0.3734579344814176,0.5499080238738935,0.6684026109221888,-0.01617905464282471,-0.06786759820929578,1.1988360231557866,0,0,0.0,0.0
2018-03-01 08:46:00,0,0.8623195395996266,0.6522550311946917,0.6141931485238786,0.5429251586061664,0.4528408718648085,0.8623195395996266,0.8623195395996266,0.3802791139350289,0.5401812160143205,1.7593656028988647,1,0,1.0,1.0
2018-03-01 08:47:00,0,0.4311484180828692,0.472471877028017,0.5918361277823609,0.5191732374479615,0.46714562553275424,0.8623195395996266,0.8623195395996266,-0.4311711215167574,-0.06707106222455322,0.8796596408698465,0,0,1.0,1.0
2018-03-01 08:48:00,0,0.2820656887094084,0.3896149742879164,0.5251778821306311,0.511158710472782,0.42851193331147613,0.8623195395996266,0.8623195395996266,-0.1490827293734608,-0.1999747369551893,0.6177584688692097,0,0,1.0,1.0
2018-03-01 08:49:00,0,0.0830107020263135,0.2127456608157018,0.26540826960619346,0.4281169548165603,0.3852033297910766,0.8623195395996266,0.8623195395996266,-0.1990549866830949,-0.779308837573313,0.2203954405119195,0,0,1.0,1.0
2018-03-01 08:50:00,0,0.2449883141061669,0.3725322537005645,0.2033549016139594,0.3807065325048741,0.3945464105085431,0.8623195395996266,0.8623195395996266,0.1619776120798534,-0.1861601039767023,0.6504499551224797,0,0,1.0,1.0
2018-03-01 08:51:00,0,0.0475965235371464,0.1561797509735093,0.12519851322320538,0.21776192929237803,0.38034354394927505,0.4311484180828692,0.8623195395996266,-0.1973917905690205,-0.23446916517226202,0.12636993201768237,0,0,0.0,1.0
2018-03-01 08:52:00,0,0.1451116768438739,0.2949810220393676,0.14589883816239219,0.16055458104457898,0.3398639092462731,0.2820656887094084,0.8623195395996266,0.09751515330672751,0.06210097481756041,0.48033840740099276,0,0,0.0,1.0
2018-03-01 08:53:00,0,0.053392719871181,0.1374096114323073,0.08203364008406355,0.1148199872769335,0.31298934887486063,0.2449883141061669,0.8623195395996266,-0.09171895697269292,-0.1915955942349859,0.20260738739698564,0,0,0.0,1.0
2018-03-01 08:54:00,0,0.2484330841180629,0.34004743765184,0.1489791602777024,0.14790446369528337,0.28801070925592465,0.2484330841180629,0.8623195395996266,0.1950403642468819,0.20083656058091648,1.0069773140558111,0,0,0.0,1.0
2018-03-01 08:55:00,0,0.6537125292278764,0.592014086794444,0.3185127777390365,0.2296493067196253,0.3051779196122525,0.6537125292278764,0.8623195395996266,0.4052794451098135,0.5086008523840024,2.6497021891564425,0,0,0.0,1.0
2018-03-01 08:56:00,0,0.0840914790284657,0.1999933663043261,0.3287456974581314,0.23694829781788912,0.22735511355513643,0.6537125292278764,0.6537125292278764,-0.5696210501994107,0.030698759157284698,0.43112560806814776,0,0,0.0,0.0
2018-03-01 08:57:00,0,0.2746155500477207,0.3787232954705581,0.3374731861013507,0.26284907245865846,0.21170182675162158,0.6537125292278764,0.6537125292278764,0.190524071019255,0.02618246592965781,1.4079166803477807,0,0,0.0,0.0
2018-03-01 08:58:00,0,0.4881513899834778,0.4938407176101121,0.2822861396865512,0.34980080648111783,0.2323103968790285,0.6537125292278764,0.6537125292278764,0.2135358399357571,-0.16556113924439858,2.502685970890079,0,0,0.0,0.0
2018-03-01 08:59:00,0,0.0919525015773336,0.2075355660546086,0.2849064805361738,0.318504689972972,0.23320457683413057,0.6537125292278764,0.6537125292278764,-0.3961988884061442,0.007861022548867905,0.4714280045246408,0,0,0.0,0.0
2018-03-01 09:00:00,0,0.6870016542106505,0.5534343259262997,0.4223685152571504,0.32516251496952686,0.2774059108445789,0.6870016542106505,0.6870016542106505,0.5950491526333169,0.4123861041629298,3.4913343081845167,0,0,0.0,0.0
2018-03-01 09:01:00,0,0.2118685659239938,0.3429227461864418,0.33027424057065574,0.3507179323486324,0.2938331150832636,0.6870016542106505,0.6870016542106505,-0.4751330882866567,-0.276282824059484,0.920560008179974,0,0,0.0,0.0
2018-03-01 09:02:00,0,0.1785595263243382,0.2986143778713355,0.3591432488196573,0.33150672760395594,0.29717790003131006,0.6870016542106505,0.6870016542106505,-0.033309039599655615,0.08660702474700459,0.7758336320297425,0,0,0.0,0.0
2018-03-01 09:03:00,0,0.205165537510521,0.30050680329785,0.19853120991961412,0.2749095571093646,0.312355181795244,0.6870016542106505,0.6870016542106505,0.026606011186182804,-0.4818361167001295,0.891435631639139,0,0,0.0,0.0
2018-03-01 09:04:00,0,0.4438768403983368,0.4576543450319181,0.27586730141106175,0.3452944248735652,0.33189955742327143,0.6870016542106505,0.6870016542106505,0.2387113028878158,0.232008274474343,1.824828400340802,0,0,0.0,0.0
2018-03-01 09:05:00,0,0.1716201863794066,0.2981569307565617,0.2735541880960846,0.2422181313073164,0.28369032313842446,0.4438768403983368,0.6870016542106505,-0.2722566540189302,-0.006939339944931594,0.8230471413195299,0,0,0.0,0.0
2018-03-01 09:06:00,0,0.6217819457879783,0.5969965321489187,0.41242632418857034,0.32420080728011336,0.3374593698143757,0.6217819457879783,0.6870016542106505,0.4501617594085717,0.4166164082774573,2.5562166128668316,0,0,0.0,0.0
2018-03-01 09:07:00,0,0.1916084395567331,0.3204113626088183,0.32833685724136913,0.3268105899265923,0.32915865876527695,0.6217819457879783,0.6870016542106505,-0.4301735062312452,-0.25226840084160373,0.9189057636916103,0,0,0.0,0.0
2018-03-01 09:08:00,0,0.2884643427611528,0.3745642699697728,0.36728490936861785,0.3434703509767187,0.3091899540430445,0.6217819457879783,0.6870016542106505,0.0968559032044197,0.1168441563817462,1.3834022540758224,0,0,0.0,0.0
2018-03-01 09:09:00,0,0.3340285278341895,0.3851570371562461,0.27136710338402154,0.32150068846388924,0.33339755666873006,0.6217819457879783,0.6870016542106505,0.04556418507303672,-0.2877534179537888,1.335219757949725,0,0,0.0,0.0
2018-03-01 09:10:00,0,0.264628057317295,0.3360254249189644,0.29570697597087553,0.34010226265146687,0.2911601969793945,0.6217819457879783,0.6217819457879783,-0.06940047051689452,0.0730196177605619,1.1107190846311972,0,0,0.0,0.0
2018-03-01 09:11:00,0,0.1753917846793526,0.2783391202210812,0.2580161232769422,0.2508242304297418,0.2875125188549304,0.3340285278341895,0.6217819457879783,-0.0892362726379424,-0.1130725580818002,0.7466727513425712,0,0,0.0,0.0
2018-03-01 09:12:00,0,0.6085602034686154,0.5538298956527685,0.3495266818217508,0.3342145832121182,0.3305125865693581,0.6085602034686154,0.6217819457879783,0.4331684187892628,0.2745316756344259,2.2005654130011103,0,0,0.0,0.0
2018-03-01 09:13:00,0,0.431827121792305,0.4473555228117445,0.4052597033134208,0.3628871390183487,0.3531787449975365,0.6085602034686154,0.6217819457879783,-0.1767330816763104,0.16719906447500998,1.387407807487036,0,0,0.0,0.0
2018-03-01 09:14:00,0,0.6059671675203037,0.5325991774402273,0.5487848309270711,0.41727486695557153,0.3693877777097332,0.6085602034686154,0.6217819457879783,0.17414004572799868,0.4305753828409511,1.946898508386963,0,0,0.0,0.0
2018-03-01 09:15:00,0,0.3826408092609711,0.4217999754382013,0.4734783661911897,0.44087741734430674,0.39048983999788967,0.6085602034686154,0.6217819457879783,-0.22332635825933256,-0.2259193942076443,1.0678278576394733,0,0,0.0,0.0
2018-03-01 09:16:00,0,0.3477238163557249,0.400163841947572,0.44544393104566304,0.4753438236795812,0.36308402705466436,0.6085602034686154,0.6085602034686154,-0.03491699290524619,-0.08410330543658007,1.0200853703951183,0,0,0.0,0.0
2018-03-01 09:17:00,0,0.471219204759548,0.5317063861278477,0.4005279434587445,0.44787562393776775,0.3910451035749458,0.6059671675203037,0.6085602034686154,0.12349538840382307,-0.13474796276075568,1.2903634646823217,0,0,0.0,0.0
2018-03-01 09:18:00,0,0.2617262164174594,0.3714224897293972,0.36022307917757396,0.4138554428627986,0.3883712909405765,0.6059671675203037,0.6085602034686154,-0.20949298834208857,-0.12091459284351169,0.7166981820848316,0,0,0.0,0.0
2018-03-01 09:19:00,0,0.221464912680978,0.3631423110591668,0.31813677795265827,0.33695499189493344,0.3771149294252553,0.471219204759548,0.6085602034686154,-0.0402613037364814,-0.1262589036747469,0.6064486106384743,0,0,0.0,0.0
2018-03-01 09:20:00,0,0.2240160260186337,0.3490456433300522,0.23573571837235352,0.30523003524646597,0.3730537262953892,0.471219204759548,0.6085602034686154,0.0025511133376557027,-0.24720317874091427,0.6134344537703442,0,0,0.0,0.0
2018-03-01 09:21:00,0,0.1600156554131376,0.2964284376665478,0.2018321980375796,0.2676884030579485,0.3715161133687677,0.471219204759548,0.6085602034686154,-0.06400037060549613,-0.10171056100432183,0.4381789906624662,0,0,0.0,0.0
2018-03-01 09:22:00,0,0.1194680026481709,0.2639475261964813,0.16783322802664388,0.1973381626356731,0.32260689328672326,0.2617262164174594,0.6059671675203037,-0.04054765276496669,-0.10199691003280711,0.3920505510648859,0,0,0.0,0.0
2018-03-01 09:23:00,0,0.2632730060277404,0.3692747371175788,0.18091888802967945,0.19764752055772927,0.3057514817102668,0.2632730060277404,0.6059671675203037,0.1438050033795695,0.039256980009106685,1.0029424495491386,0,0,0.0,0.0
2018-03-01 09:24:00,0,0.1011431763182512,0.1707748529361928,0.16129472833138397,0.1735831732851839,0.25526908259006154,0.2632730060277404,0.471219204759548,-0.1621298297094892,-0.05887247909488638,0.41644621791500946,0,0,0.0,0.0
2018-03-01 09:25:00,0,0.2917661435157672,0.3577393885113339,0.2187274419539161,0.1871331967846106,0.24618161601554114,0.2917661435157672,0.471219204759548,0.19062296719751598,0.1722981408675963,1.2013159108279226,0,0,0.0,0.0
2018-03-01 09:26:00,0,0.2552815948647145,0.338941895988288,0.21606363823290745,0.20618638467492598,0.23693739386644008,0.2917661435157672,0.471219204759548,-0.03648454865105266,-0.007991411163025874,1.0652276102127143,0,0,0.0,0.0
2018-03-01 09:27:00,0,0.1899965148246002,0.2823455105042334,0.2456814177350238,0.22029208711021186,0.20881512487294535,0.2917661435157672,0.2917661435157672,-0.06528508004011432,0.088853338506349,0.8529912071569344,0,0,0.0,0.0
2018-03-01 09:28:00,0,0.1167920987063772,0.2230099375432245,0.18735673613189377,0.1909959056459392,0.1943217131018371,0.2917661435157672,0.2917661435157672,-0.073204416118223,-0.17497404480939,0.5676912741159424,0,0,0.0,0.0
2018-03-01 09:29:00,0,0.2385295757865384,0.3467290570378937,0.18177272977250172,0.21847318553959666,0.19602817941239314,0.2917661435157672,0.2917661435157672,0.12173747708016121,-0.01675201907817611,1.1522763200573545,0,0,0.0,0.0
2018-03-01 09:30:00,0,0.1710670554003117,0.2967175436355083,0.17546290996440558,0.19433336791650554,0.19073328235056092,0.2552815948647145,0.2917661435157672,-0.06746252038622672,-0.018929459424288503,0.9475678076630352,0,0,0.0,0.0
2018-03-01 09:31:00,0,0.0621952069688201,0.1581253790419179,0.15726394605188654,0.15571609033732667,0.1809512375061292,0.2385295757865384,0.2917661435157672,-0.10887184843149159,-0.0545968917375571,0.34450920884025577,0,0,0.0,0.0
2018-03-01 09:32:00,0,0.106818074916082,0.2445917036683356,0.11336011242840109,0.13908040235562305,0.1796862447329203,0.2385295757865384,0.2917661435157672,0.0446228679472619,-0.1317115008704564,0.5916824185122043,0,0,0.0,0.0
2018-03-01 09:33:00,0,0.2076808231568401,0.2827368319257845,0.12556470168057723,0.1572581472457156,0.17412702644583028,0.2385295757865384,0.2917661435157672,0.10086274824075811,0.036613767756528415,1.1503773291232025,0,0,0.0,0.0
2018-03-01 09:34:00,0,0.4110129340845826,0.4793886477991375,0.2418372773858314,0.19175481890532448,0.2051140022224634,0.4110129340845826,0.4110129340845826,0.2033321109277425,0.34881772711576253,2.067057022227112,0,0,0.0,0.0
2018-03-01 09:35:00,0,0.1754874562807083,0.3090922659477976,0.26472707117404015,0.1926388990814038,0.19348613349895752,0.4110129340845826,0.4110129340845826,-0.2355254778038743,0.0686693813646263,0.9602965375113925,0,0,0.0,0.0
2018-03-01 09:36:00,0,0.2682072780362404,0.364199555556679,0.28490255613384025,0.23384131329488786,0.1947787018161101,0.4110129340845826,0.4110129340845826,0.09271982175553209,0.06052645487940028,1.467674817860306,0,0,0.0,0.0
2018-03-01 09:37:00,0,0.4139654683407492,0.4581937632649552,0.2858867342192291,0.2952707919798213,0.217175597167725,0.4139654683407492,0.4139654683407492,0.14575819030450882,0.0029525342561665946,2.1607389223840885,0,0,0.0,0.0
2018-03-01 09:38:00,0,0.202227816323306,0.3293781204656146,0.2948001875667617,0.2941801906131144,0.22571916892941787,0.4139654683407492,0.4139654683407492,-0.2117376520174432,0.026740360042597694,0.9866922048170006,0,0,0.0,0.0
2018-03-01 09:39:00,0,0.1513809721731837,0.2536637834614805,0.25585808561240947,0.24225379823083468,0.2170043085680824,0.4139654683407492,0.4139654683407492,-0.050846844150122306,-0.1168263058630567,0.8015570541932101,0,0,0.0,0.0
2018-03-01 09:40:00,0,0.2192228398838468,0.3019820160943734,0.1909438761267753,0.2510008749514624,0.2218198870164359,0.4139654683407492,0.4139654683407492,0.06784186771066311,-0.1947426284569024,1.0696128315277105,0,0,0.0,0.0
2018-03-01 09:41:00,0,0.3024885561945839,0.3879536262781806,0.2243641227505346,0.2578571305831311,0.24584922193901232,0.4139654683407492,0.4139654683407492,0.08326571631073712,0.10026073987127793,1.4171213098466429,0,0,0.0,0.0
2018-03-01 09:42:00,0,0.4156055388463498,0.4932349871623172,0.3124389783082566,0.25818514468425124,0.27672796833203905,0.4156055388463498,0.4156055388463498,0.1131169826517659,0.26422456667316613,1.7052858175196692,0,0,0.0,0.0
2018-03-01 09:43:00,0,0.8430588009104244,0.6041763275371727,0.5203842986504492,0.3863513416016749,0.3402657661073975,0.8430588009104244,0.8430588009104244,0.4274532620640746,0.6238359610265776,2.9544839680237547,1,0,1.0,1.0
2018-03-01 09:44:00,0,0.1394908669851961,0.2606197037278454,0.4660517355806532,0.3839733205640774,0.3131135593974589,0.8430588009104244,0.8430588009104244,-0.7035679339252283,-0.1629976892093878,0.5723499205608982,0,0,1.0,1.0
2018-03-01 09:45:00,0,0.2689948003934486,0.3758080688427782,0.41718148942968614,0.39392771266599774,0.32246429380873287,0.8430588009104244,0.8430588009104244,0.12950393340825248,-0.14661073845290123,1.001462241983539,0,0,1.0,1.0
2018-03-01 09:46:00,0,0.2908377700416877,0.4231545599085705,0.23310781247344062,0.3915975554354184,0.32472734300927764,0.8430588009104244,0.8430588009104244,0.02184296964823912,-0.5522210308687368,1.0390132564183434,0,0,1.0,1.0
2018-03-01 09:47:00,0,0.237341687806047,0.317274629660283,0.2657247527470576,0.3559447852273579,0.3070649649558074,0.8430588009104244,0.8430588009104244,-0.0534960822356407,0.09785082082085089,0.9374823101045213,0,0,1.0,1.0
2018-03-01 09:48:00,0,0.1001836764803539,0.2277681906545633,0.20945437810935932,0.2073697603413438,0.2968605509715122,0.2908377700416877,0.8430588009104244,-0.1371580113256931,-0.1688111239130947,0.395718195693952,0,0,0.0,1.0
2018-03-01 09:49:00,0,0.7958055378763317,0.451227556368889,0.377776967387574,0.33863269451957095,0.361303007541827,0.7958055378763317,0.8430588009104244,0.6956218613959778,0.504967767834644,2.8430024864587584,1,0,1.0,2.0
2018-03-01 09:50:00,0,0.1021447340392337,0.2359322130186536,0.3327113161319696,0.30526268124872796,0.34959519695736574,0.7958055378763317,0.8430588009104244,-0.6936608038370979,-0.1351969537668133,0.36491041973288935,0,0,1.0,2.0
2018-03-01 09:51:00,0,5.905920047736927,0.8778841752302161,2.267956773217494,1.428279136787776,0.9099383461116,5.905920047736927,5.905920047736927,5.8037753136976935,5.8057363712565735,21.098804395543134,1,1,2.0,3.0
2018-03-01 09:52:00,0,0.7505801849597681,0.6360288458374288,2.2528816555786393,1.5309268362185202,0.9434358107229418,5.905920047736927,5.905920047736927,-5.15533986277716,-0.0452253529165636,2.6814356404477597,0,0,2.0,3.0
2018-03-01 09:53:00,0,0.5075536743593941,0.5032116521642314,2.388017969018693,1.6124008357943282,0.9098852980678389,5.905920047736927,5.905920047736927,-0.24302651060037395,0.40540894032016045,1.8132273395152916,0,0,2.0,2.0
2018-03-01 09:54:00,0,0.1812144496327393,0.3041556333451224,0.47978276965063027,1.4894826181456098,0.9140576563325931,5.905920047736927,5.905920047736927,-0.32633922472665483,-5.724705598104188,0.6473857071451975,0,0,1.0,2.0
2018-03-01 09:55:00,0,0.1869436877263493,0.2785946076572722,0.2919039372394907,1.506442408883033,0.9058525450658832,5.905920047736927,5.905920047736927,0.005729238093610006,-0.5636364972334188,0.7078767531450976,0,0,1.0,2.0
2018-03-01 09:56:00,0,0.0918342953592188,0.2198245598332092,0.15333081090609893,0.34362525840749125,0.8859521975976363,0.7505801849597681,5.905920047736927,-0.09510939236713051,-0.4157193790001753,0.4328872394281589,0,0,0.0,2.0
2018-03-01 09:57:00,1,0.2412862686501703,0.3248400560329355,0.17335475057857594,0.2417664751455717,0.8863466556820487,0.5075536743593941,5.905920047736927,0.1494519732909515,0.060071819017431,1.1268952027392427,0,0,0.0,2.0
2018-03-01 09:58:00,1,1.440500377568298,0.7669582449933637,0.5912069805258922,0.4283558157873525,1.020378325790843,1.440500377568298,5.905920047736927,1.1992141089181279,1.2535566898419488,3.8472748248555293,1,1,1.0,3.0
2018-03-01 09:59:00,1,0.3969565505219501,0.3671017667610919,0.6929143989134693,0.4715042359651947,0.980493427055405,1.440500377568298,5.905920047736927,-1.043543827046348,0.3051222551627313,1.2439005804601755,0,0,1.0,2.0
2018-03-01 10:00:00,1,0.5950756053572217,0.5147637211533301,0.8108441778158197,0.5531306194913691,1.0297865141872038,1.440500377568298,5.905920047736927,0.1981190548352716,0.35378933670705137,1.3157933944680182,0,0,1.0,2.0
2018-03-01 10:01:00,1,0.0990180884114826,0.1954402674962926,0.36368341476354793,0.5545673781018219,0.4490963182546593,1.440500377568298,1.440500377568298,-0.4960575169457391,-1.3414822891568154,0.31028246665572895,0,0,1.0,1.0
2018-03-01 10:02:00,1,1.112986385346338,0.6938411566982573,0.6023600263716772,0.7289074014410554,0.48533693829331626,1.440500377568298,1.440500377568298,1.0139682969348554,0.7160298348243879,3.4876472222368022,1,1,2.0,2.0
2018-03-01 10:03:00,1,229.2945193133401,3.035866313959632,76.83550792903263,46.29971118859542,23.364033502191386,229.2945193133401,229.2945193133401,228.18153292799374,228.69944370798288,718.5158811340214,1,1,2.0,3.0
2018-03-01 10:04:00,1,0.4260827539633433,0.3898611883186117,76.9445294842166,46.30553642928369,23.38852033262445,229.2945193133401,229.2945193133401,-228.86843655937673,0.32706466555186064,1.0353860775670385,0,0,2.0,3.0
2018-03-01 10:05:00,1,0.3845215464544027,0.4386152052843382,76.70170787125261,46.26342561750313,23.40827811849725,229.2945193133401,229.2945193133401,-0.0415612075089406,-0.7284648388919353,0.934391857028054,0,0,2.0,3.0
2018-03-01 10:06:00,1,0.6230634737026167,0.5913919627070799,0.4778892580401209,46.36823469456136,23.46140103633159,229.2945193133401,229.2945193133401,0.23854192724821405,-228.67145583963747,1.2203048581266425,0,0,2.0,3.0
2018-03-01 10:07:00,1,0.4381460189499178,0.4599159777164406,0.48191034636897906,46.23326662128208,23.48108701136157,229.2945193133401,229.2945193133401,-0.18491745475269894,0.012063264986574507,0.848114597154571,0,0,1.0,3.0
2018-03-01 10:08:00,1,0.4069860907962226,0.4629028326228551,0.4893985278162524,0.4557599767733006,23.37773558268436,0.6230634737026167,229.2945193133401,-0.03115992815369517,0.022464544341819936,0.9418458669882841,0,0,0.0,2.0
2018-03-01 10:09:00,1,213.31016992168836,2.938345638379124,71.38510067714483,43.032577410318304,44.669056919801,213.31016992168836,229.2945193133401,212.90318383089215,212.68710644798574,412.9022312371732,1,1,1.0,3.0
2018-03-01 10:10:00,1,4.635410266088379,0.702938199998988,72.78418875952433,43.882755154245096,45.07309038587412,213.31016992168836,229.2945193133401,-208.67475965559998,4.197264247138461,8.736072494846454,1,1,2.0,4.0
2018-03-01 10:11:00,1,71.29401587690741,1.801926069655416,96.41319868822806,58.01694563488606,52.19259016472371,213.31016992168836,229.2945193133401,66.65860561081902,70.88702978611119,82.13350944016587,1,1,3.0,5.0
2018-03-01 10:12:00,1,21.39491714133798,1.1364922580065884,32.44144776144459,62.20829985936367,54.220783240322874,213.31016992168836,229.2945193133401,-49.899098735569424,-191.9152527803504,8.137307539309232,1,1,4.0,5.0
2018-03-01 10:13:00,1,43.658036191412414,1.3049683456239836,45.4489897365526,70.8585098794869,35.657134928130105,213.31016992168836,213.31016992168836,22.263119050074433,39.022625925324036,16.60482556230169,1,1,5.0,5.0
2018-03-01 10:14:00,1,20.930314477463916,2.427240906166648,28.661089270071432,32.382538790642016,37.70755810048016,71.29401587690741,213.31016992168836,-22.727721713948497,-50.36370139944349,1.63737293192673,1,1,5.0,6.0
2018-03-01 10:15:00,1,3.220816762986928,0.6896593113877191,22.603055810621083,32.09962009002173,37.99118762213341,71.29401587690741,213.31016992168836,-17.70949771447699,-18.174100378351053,0.25196363829549434,1,1,5.0,7.0
2018-03-01 10:16:00,1,47.32175367024144,1.5998759968034633,23.824294970230763,27.305167648688535,42.6610566417873,47.32175367024144,213.31016992168836,44.100936907254514,3.663717478829028,2.236101239106686,1,1,5.0,8.0
2018-03-01 10:17:00,1,54.84495139122972,1.8284547831255948,35.12917394148603,33.995174498666884,48.101737179015274,54.84495139122972,213.31016992168836,7.5231977209882785,33.914636913765804,1.6861632530203734,1,1,5.0,9.0
2018-03-01 10:18:00,1,6.669486737019105,0.71700691300234,36.278730599496754,26.59746460778822,48.727987243637564,54.84495139122972,213.31016992168836,-48.175464654210614,3.4486699740321773,0.20504792450717166,1,1,5.0,10.0
2018-03-01 10:19:00,1,61.39956253235228,1.662667999512147,40.971333553533704,34.691314218765896,33.536926504703956,61.39956253235228,71.29401587690741,54.73007579533317,14.077808862110835,1.8876794211205086,1,1,5.0,10.0
2018-03-01 10:20:00,1,0.1192744430842014,0.2655093298132239,22.7294412374852,34.071005754785354,33.08531292240354,61.39956253235228,71.29401587690741,-61.280288089268076,-54.72567694814552,0.0036669953724347906,0,0,4.0,9.0
2018-03-01 10:21:00,1,48.93655545289193,1.5144749553637182,36.818464142776136,34.39396611131544,30.849566880001994,61.39956253235228,61.39956253235228,48.81728100980773,42.267068715872824,1.5045144437352016,1,1,4.0,9.0
2018-03-01 10:22:00,1,21.435536069852347,2.605217171987381,23.497121988609493,27.71208304703997,30.853628772853426,61.39956253235228,61.39956253235228,-27.501019383039583,-39.96402646249993,0.6586068229658728,1,1,4.0,9.0
2018-03-01 10:23:00,1,15.071728167091711,1.244950333198138,28.481273229945327,29.392531333054496,27.994997970421355,61.39956253235228,61.39956253235228,-6.363807902760636,14.95245372400751,0.7115035936198316,1,1,4.0,9.0
2018-03-01 10:24:00,1,20.62005909544909,2.4066413523230903,19.042441110797714,21.236630645673856,27.963972432219872,48.93655545289193,61.39956253235228,5.5483309283573785,-28.31649635744284,0.9806095019600367,1,1,4.0,9.0
2018-03-01 10:25:00,1,31.029891171309696,1.3692194504874384,22.240559477950168,27.418753991318955,30.744879873052156,48.93655545289193,61.39956253235228,10.409832075860606,9.59435510145735,1.182870001069772,1,1,5.0,9.0
2018-03-01 10:26:00,1,11.390907508929224,0.8305545810764094,21.01361925856267,19.90962440252641,27.151795256920934,31.029891171309696,61.39956253235228,-19.638983662380472,-3.680820658162487,0.5417070866527822,1,1,5.0,9.0
2018-03-01 10:27:00,1,19.11520716004284,2.4960887161677805,20.512001946760588,19.445558620564512,23.57882083380224,31.029891171309696,61.39956253235228,7.724299651113615,-1.5048519354062506,0.9621280036231223,1,1,5.0,9.0
2018-03-01 10:28:00,1,23.975292659775967,1.095724430679947,18.160469109582678,21.226271519101363,25.30940142607793,31.029891171309696,61.39956253235228,4.8600854997331275,-7.0545985115337295,1.1401713101606896,1,1,5.0,9.0
2018-03-01 10:29:00,1,21.85683554784149,1.165550945243712,21.6491117892201,21.473626809579844,21.355128727626848,31.029891171309696,48.93655545289193,-2.1184571119344753,10.465928038912267,1.0394257611861841,1,1,5.0,9.0
2018-03-01 10:30:00,1,0.5836750924535772,0.5073455329501542,15.471934433357012,15.384383593808618,21.401568792563786,23.975292659775967,48.93655545289193,-21.273160455387913,-18.53153206758926,0.027757308505662902,0,0,4.0,9.0
2018-03-01 10:31:00,1,0.3776055756538872,0.4127986818360885,7.6060387386496515,13.181723207153553,16.545673804839982,23.975292659775967,31.029891171309696,-0.20606951679969,-23.59768708412208,0.019006066511288604,0,0,3.0,8.0
2018-03-01 10:32:00,1,11.059911715899258,0.9718035833152224,4.0070641280022405,11.570664118324837,15.508111369444673,23.975292659775967,31.029891171309696,10.68230614024537,-10.796923831942234,0.6470255940195545,1,1,3.0,8.0
2018-03-01 10:33:00,1,0.5553671991150289,0.5327102126387437,3.997628163556058,6.886679026192648,14.056475272647006,21.85683554784149,31.029891171309696,-10.504544516784229,-0.02830789333854833,0.03641021931053557,0,0,2.0,7.0
2018-03-01 10:34:00,1,2.934939116541631,0.9055015012314716,4.850072677185306,3.1022997399326764,12.28796327475626,11.059911715899258,31.029891171309696,2.379571917426602,2.557333540887744,0.2614549452022598,1,1,2.0,7.0
2018-03-01 10:35:00,1,0.436806515036613,0.4648194441718712,1.309037610231091,3.0729260244492838,9.228654809128951,11.059911715899258,23.975292659775967,-2.498132601505018,-10.623105200862645,0.06242388116066071,0,0,2.0,6.0
2018-03-01 10:36:00,1,2.1337581214791825,0.7861467650826908,1.8351679176858091,3.4241565336143425,8.302939870383948,11.059911715899258,23.975292659775967,1.6969516064425696,1.5783909223641537,0.8419351874238865,1,1,3.0,6.0
2018-03-01 10:37:00,1,22.56889083375071,1.379674769865905,8.379818490088836,5.725952357184633,8.648308237754735,22.56889083375071,23.975292659775967,20.43513271227153,19.63395171720908,8.905200239327371,1,1,3.0,6.0
2018-03-01 10:38:00,1,80.75596573534438,1.7795591232658208,35.15287156352476,21.766072064430503,14.326375545311574,80.75596573534438,80.75596573534438,58.18707490159366,80.31915922030777,31.864571931822624,1,1,4.0,6.0
2018-03-01 10:39:00,1,149.2682401920418,2.667106489256034,84.19769892037895,51.032732279530535,27.067516009731605,149.2682401920418,149.2682401920418,68.51227445669741,147.1344820705626,58.89804590194106,1,1,4.0,6.0
2018-03-01 10:40:00,1,19.52236707209342,2.554712330314558,83.18219099982653,54.8498443909419,28.96138520769559,149.2682401920418,149.2682401920418,-129.74587311994836,-3.0465237616572907,2.7899353149094113,1,1,5.0,7.0
2018-03-01 10:41:00,1,44.45318886834964,1.3816785997901209,71.08126537749494,63.31373054031599,33.36894353696516,149.2682401920418,149.2682401920418,24.93082179625622,-36.30277686699473,2.9071205758991665,1,1,5.0,8.0
2018-03-01 10:42:00,1,157.05182309353938,2.639569623317965,73.67579301132749,90.21031699227372,47.96813467472917,157.05182309353938,157.05182309353938,112.59863422518974,7.783582901497596,7.462443435756297,1,1,5.0,8.0
2018-03-01 10:43:00,1,39.773541180170845,1.4538196112580026,80.42618438068662,82.01383208123902,51.88995207283476,157.05182309353938,157.05182309353938,-117.27828191336855,20.251174108077425,1.2759701095818332,1,1,5.0,9.0
2018-03-01 10:44:00,1,12.699542150113835,0.9346396152634844,69.84163547460803,54.70009247285343,52.866412376191974,157.05182309353938,157.05182309353938,-27.07399903005701,-31.753646718235807,0.40741245833545503,1,1,5.0,9.0
2018-03-01 10:45:00,1,0.260862329817248,0.3734286822487143,17.577981886700645,50.84779152439819,52.84881795767004,157.05182309353938,157.05182309353938,-12.438679820296587,-156.79096076372213,0.008368692494713805,0,0,4.0,9.0
2018-03-01 10:46:00,1,19.18724947437605,1.067310046200179,10.71588465143571,45.79460364560347,54.55416709295973,157.05182309353938,157.05182309353938,18.926387144558802,-20.586291705794796,0.6155438034418542,1,1,4.0,9.0
2018-03-01 10:47:00,1,13.76089549516417,2.232359640805053,11.069669099785822,17.13641812592843,53.673367559101074,39.773541180170845,157.05182309353938,-5.4263539792118785,1.0613533450503354,0.4641431571459415,1,1,4.0,9.0
2018-03-01 10:48:00,1,60.04143590295308,2.047573008463188,30.996526957497764,21.18999707048488,51.601914575861954,60.04143590295308,157.05182309353938,46.28054040778891,59.78057357313583,2.0251459383123422,1,1,4.0,9.0
2018-03-01 10:49:00,1,18.23732288597268,2.442938004694223,30.67988476136331,22.297553217656645,38.498822845255035,60.04143590295308,157.05182309353938,-41.8041130169804,-0.9499265884033683,0.9422631155137552,1,1,4.0,9.0
2018-03-01 10:50:00,1,43.13671923463046,1.65209252723259,40.47182600785207,30.87272459861929,40.86025806150874,60.04143590295308,157.05182309353938,24.89939634865778,29.37582373946629,1.4632340337542553,1,1,5.0,9.0
2018-03-01 10:51:00,1,16.344436830966277,2.3882974958181844,25.90615965052314,30.304162069937338,38.0493828577704,60.04143590295308,157.05182309353938,-26.792282403664185,-43.69699907198681,0.8734601320293532,1,1,5.0,9.0
2018-03-01 10:52:00,1,12.43765031271284,2.104962328323825,23.972935459436528,30.039513033447072,23.58796557968775,60.04143590295308,60.04143590295308,-3.906786518253437,-5.799672573259841,0.7193184901635931,1,1,5.0,9.0
2018-03-01 10:53:00,1,0.8172927321657018,0.6544521040645646,9.86645995861494,18.194684399289592,19.692340734887235,43.13671923463046,60.04143590295308,-11.620357580547138,-42.31942650246476,0.054295542664431956,1,0,5.0,9.0
2018-03-01 10:54:00,1,9.145281098932047,0.8710819857896981,7.466741381270197,16.376276041881464,19.336914629769055,43.13671923463046,60.04143590295308,8.327988366766345,-7.19915573203423,0.6075522031983709,1,1,5.0,9.0
2018-03-01 10:55:00,0,7.162577307881844,0.9842532478521744,5.708383712993197,9.181447656531741,20.027086127575515,16.344436830966277,60.04143590295308,-1.982703791050203,-5.275073004830996,0.47583443055571456,1,1,5.0,10.0
2018-03-01 10:56:00,0,1.2870390617126926,0.8343912164073324,5.864965822842195,6.169968102681025,18.23706508630918,12.43765031271284,60.04143590295308,-5.875538246169151,0.4697463295469908,0.0982527024895421,1,1,5.0,10.0
2018-03-01 10:57:00,0,0.5553572821421131,0.5712257036741419,3.0016578839122166,3.7935094965668794,16.916511265006974,9.145281098932047,60.04143590295308,-0.7316817795705794,-8.589923816789934,0.05146263221499585,0,0,4.0,9.0
2018-03-01 10:58:00,0,0.3084571221644379,0.4225726702818599,0.7169511553397477,3.6917423745666276,10.943213386928111,9.145281098932047,43.13671923463046,-0.24690015997767523,-6.854120185717406,0.03782925711524433,0,0,3.0,8.0
2018-03-01 10:59:00,0,0.2742313903752373,0.3554847199014105,0.3793485982272628,1.9175324328552652,9.146904237368366,7.162577307881844,43.13671923463046,-0.034225731789200575,-1.0128076713374552,0.064909769502027,0,0,2.0,7.0
2018-03-01 11:00:00,0,0.958270575352944,0.6388231125927463,0.5136530292975398,0.6766710863494849,4.929059371440614,1.2870390617126926,16.344436830966277,0.6840391849777068,0.4029132932108309,0.8535746749215564,1,0,2.0,7.0
2018-03-01 11:01:00,0,0.4915587417823969,0.4479579268836587,0.574686902503526,0.5175750223634259,3.3437715625222255,0.958270575352944,12.43765031271284,-0.46671183357054713,0.183101619617959,0.5536926630644194,0,0,1.0,6.0
2018-03-01 11:02:00,0,0.1804300717634837,0.2983396963162023,0.5434197962996081,0.4425895802877,2.11804953842729,0.958270575352944,9.145281098932047,-0.3111286700189132,-0.09380131861175361,0.2628926630825204,0,0,1.0,5.0
2018-03-01 11:03:00,0,0.2500859226733768,0.3518014092847276,0.30735824540641915,0.4309153403894877,2.0613288574780575,0.958270575352944,9.145281098932047,0.06965585090989312,-0.7081846526795672,0.4777564564910189,0,0,1.0,4.0
2018-03-01 11:04:00,0,0.4875842445184963,0.4658362744436888,0.30603341298511894,0.47358591121813953,1.1955591720367023,0.958270575352944,7.162577307881844,0.2374983218451195,-0.003974497263900589,0.9959388064898098,0,0,1.0,3.0
2018-03-01 11:05:00,0,0.1418462314481116,0.2635514760727637,0.29317213287999494,0.31030104243717305,0.49348606439332904,0.4915587417823969,1.2870390617126926,-0.3457380130703847,-0.0385838403153721,0.3563781507009511,0,0,0.0,2.0
2018-03-01 11:06:00,0,0.289620009725177,0.3894947874890817,0.30635016189726166,0.26991329602572905,0.39374415919457745,0.4875842445184963,0.958270575352944,0.1477737782770654,0.03953408705180017,0.9685006357273507,0,0,0.0,1.0
2018-03-01 11:07:00,0,0.2402011411396927,0.2876968247367743,0.22388912743766043,0.28186750990097087,0.36222854509433544,0.4875842445184963,0.958270575352944,-0.04941886858548428,-0.2473831033788036,0.8519985552873011,0,0,0.0,1.0
2018-03-01 11:08:00,0,0.4676376248634364,0.3425927811288318,0.33248625857610203,0.3253778503389828,0.3781465953642352,0.4875842445184963,0.958270575352944,0.2274364837237437,0.3257913934153248,1.6587205992910812,0,0,0.0,1.0
2018-03-01 11:09:00,0,0.1598092632377073,0.2847330596313772,0.28921600974694545,0.259822854082825,0.3667043826504823,0.4676376248634364,0.958270575352944,-0.30782836162572913,-0.12981074648746968,0.5922064644389708,0,0,0.0,1.0
2018-03-01 11:10:00,0,0.4094703028050903,0.4577419969205106,0.34563906363541136,0.3133476683542208,0.31182435539569686,0.4676376248634364,0.4915587417823969,0.24966103956738298,0.16926916166539757,1.5173773747787427,0,0,0.0,0.0
2018-03-01 11:11:00,0,0.2805417552775018,0.3529021760423205,0.28327377377343316,0.3115320174646857,0.29072265674520736,0.4676376248634364,0.4875842445184963,-0.12892854752758848,-0.1870958695859346,1.0573918758591263,0,0,0.0,0.0
2018-03-01 11:12:00,0,0.1192129565991667,0.2563612329114445,0.26974167156058626,0.2873343805565805,0.28460094522877566,0.4676376248634364,0.4875842445184963,-0.1613287986783351,-0.04059630663854061,0.4493263816661324,0,0,0.0,0.0
2018-03-01 11:13:00,0,0.8741460550353433,0.7010922911243875,0.42463358897067055,0.3686360665909619,0.3470069584649723,0.8741460550353433,0.8741460550353433,0.7549330984361766,0.464675752230253,3.066298171477931,1,0,1.0,1.0
2018-03-01 11:14:00,0,0.4158145287702718,0.4874831966016947,0.4697245134682606,0.4198371196974747,0.33982998689014987,0.8741460550353433,0.8741460550353433,-0.45833152626507145,0.13527277349277,1.4585792864908496,0,0,1.0,1.0
2018-03-01 11:15:00,0,0.3513199231090565,0.4334405500161373,0.5470935023048905,0.408207043758268,0.36077735605624434,0.8741460550353433,0.8741460550353433,-0.06449460566121529,0.23210696650988982,1.0962613151413771,0,0,1.0,1.0
2018-03-01 11:16:00,0,0.5839539509089087,0.4982417971927027,0.45036280092941233,0.46888948288454946,0.39021075017461754,0.8741460550353433,0.8741460550353433,0.23263402779985215,-0.2901921041264346,1.5351207097502761,0,0,1.0,1.0
2018-03-01 11:17:00,0,0.7007479134577113,0.6267930291651308,0.5453405958252255,0.5851964742562583,0.43626542740641944,0.8741460550353433,0.8741460550353433,0.11679396254880259,0.28493338468743945,1.6981924020769297,0,0,1.0,1.0
2018-03-01 11:18:00,0,0.2402573662417054,0.3449039312244054,0.5083197435361085,0.4584187364975308,0.41352740154424633,0.7007479134577113,0.8741460550353433,-0.46049054721600585,-0.11106255686735111,0.6315978477645953,0,0,0.0,1.0
2018-03-01 11:19:00,0,0.1980123260744354,0.2996513771567084,0.3796725352579507,0.4148582959583635,0.41734770782791913,0.7007479134577113,0.8741460550353433,-0.042245040167270015,-0.38594162483447325,0.5205424538519944,0,0,0.0,1.0
2018-03-01 11:20:00,0,0.219712079897396,0.3041618120969599,0.2193272574045123,0.38853672731603134,0.3983718855371497,0.7007479134577113,0.8741460550353433,0.021699753822960605,-0.48103583356031526,0.6954413979243849,0,0,0.0,1.0
2018-03-01 11:21:00,0,0.6272403997687187,0.5801103125756879,0.34832160191351674,0.39719401708799335,0.4330417499862714,0.7007479134577113,0.8741460550353433,0.4075283198713227,0.3869830335270133,1.63527726581655,0,0,0.0,1.0
2018-03-01 11:22:00,0,0.4246809303077459,0.3649588030683906,0.4238778033246202,0.3419806204580003,0.46358854735712923,0.6272403997687187,0.8741460550353433,-0.2025594694609728,0.2266686042333105,1.010546613129798,0,0,0.0,1.0
2018-03-01 11:23:00,0,0.2560153865481087,0.3382008970457793,0.43597890554152446,0.34513222451928094,0.40177548050840584,0.6272403997687187,0.7007479134577113,-0.16866554375963722,0.036303306650712686,0.6674572324673741,0,0,0.0,0.0
2018-03-01 11:24:00,0,1.071751824557639,0.7544913170644857,0.5841493804711645,0.5198801242159217,0.4673692100871426,1.071751824557639,1.071751824557639,0.8157364380095302,0.44451142478892025,2.762236813533946,1,1,1.0,1.0
2018-03-01 11:25:00,0,0.3908991529178773,0.4112861176234684,0.572888788007875,0.5541175388200179,0.47132713306802454,1.071751824557639,1.071751824557639,-0.6808526716397616,-0.033781777389868595,0.958577097162,0,0,1.0,1.0
2018-03-01 11:26:00,0,0.066564916441611,0.1870588307299884,0.5097386313057091,0.44198244215459637,0.41958822962129483,1.071751824557639,1.071751824557639,-0.3243342364762663,-0.18945047010649768,0.20579135755768044,0,0,1.0,1.0
2018-03-01 11:27:00,0,1.0573491494412726,0.6139519129525408,0.5049377396002536,0.5685160859813017,0.45524835321965096,1.071751824557639,1.071751824557639,0.9907842329996616,-0.014402675116366392,3.268888905867483,1,1,2.0,2.0
2018-03-01 11:28:00,0,0.3568178455847489,0.3836937538276189,0.4935773038225441,0.5886765777886297,0.4669044011539554,1.071751824557639,1.071751824557639,-0.7005313038565237,-0.03408130733312842,0.9544169569030836,0,0,2.0,2.0
2018-03-01 11:29:00,0,0.195564932770257,0.3044450771287613,0.5365773092654261,0.41343919943115337,0.4666596618235375,1.0573491494412726,1.071751824557639,-0.1612529128144919,0.129000016328646,0.5230974019969886,0,0,1.0,2.0
2018-03-01 11:30:00,0,0.2384970002552673,0.3047640242178029,0.26362659287009105,0.38295876889863134,0.4685381538593246,1.0573491494412726,1.071751824557639,0.0429320674850103,-0.8188521491860052,0.6379321663161663,0,0,1.0,2.0
2018-03-01 11:31:00,0,0.2763981963949479,0.3968198273424062,0.2368200431401574,0.4249254248892987,0.43345393352194755,1.0573491494412726,1.071751824557639,0.0379011961396806,-0.08041964918980099,0.8729953288469636,0,0,1.0,2.0
2018-03-01 11:32:00,0,0.4368706446277695,0.4027587746898342,0.3172552804259949,0.3008297239265981,0.43467290495394983,0.4368706446277695,1.071751824557639,0.16047244823282159,0.24130571185751248,1.3798426945067277,0,0,0.0,2.0
2018-03-01 11:33:00,0,0.203620150169377,0.3118053206867583,0.3056296637306981,0.27019018484352375,0.4294333813160767,0.4368706446277695,1.071751824557639,-0.23325049445839247,-0.03487685008589028,0.6431280749132723,0,0,0.0,2.0
2018-03-01 11:34:00,0,0.1557438151534207,0.2975369804401524,0.2654115366501891,0.26222596132015646,0.3378325803756549,0.4368706446277695,1.0573491494412726,-0.04787633501595631,-0.12065438124152719,0.604951109334635,0,0,0.0,1.0
2018-03-01 11:35:00,0,0.0657096366289854,0.1855738133904947,0.14169120065059435,0.22766848859490008,0.3053136287467657,0.4368706446277695,1.0573491494412726,-0.09003417852443531,-0.3711610079987841,0.2972485429137053,0,0,0.0,1.0
2018-03-01 11:36:00,0,0.2436323454466841,0.2755635895514191,0.15502859907636338,0.2211153184052473,0.323020371647273,0.4368706446277695,1.0573491494412726,0.17792270881769873,0.040012195277307094,1.010647192382696,0,0,0.0,1.0
2018-03-01 11:37:00,0,0.1601065791739748,0.2938938403773259,0.1564828537498814,0.16576250531448838,0.23329611462054323,0.2436323454466841,0.4368706446277695,-0.0835257662727093,0.004362764020554105,0.724268917192103,0,0,0.0,0.0
2018-03-01 11:38:00,0,0.0955646475718814,0.2098781654558768,0.1664345240641801,0.14415140479498928,0.20717079481925654,0.2436323454466841,0.4368706446277695,-0.0645419316020934,0.029855010942896013,0.47879629204501545,0,0,0.0,0.0
2018-03-01 11:39:00,0,0.4155549878404656,0.480890100374868,0.2237420715287739,0.19611363933239828,0.22916980032627735,0.4155549878404656,0.4368706446277695,0.3199903402685842,0.17192264239378147,1.8798325629701202,0,0,0.0,0.0
2018-03-01 11:40:00,0,0.1297601393207045,0.2841799315641891,0.2136265915776838,0.20892373987074206,0.2182961142328211,0.4155549878404656,0.4368706446277695,-0.2857948485197611,-0.03034643985327032,0.7134995333195899,0,0,0.0,0.0
2018-03-01 11:41:00,0,0.281956176500731,0.3845409408669403,0.2757571012206337,0.21658850608155147,0.2188519122433994,0.4155549878404656,0.4368706446277695,0.15219603718002653,0.1863915289288496,1.550365169172934,0,0,0.0,0.0
2018-03-01 11:42:00,0,0.2864356865093972,0.3904492373389662,0.23271733411027754,0.24185432754863595,0.2038084164315622,0.4155549878404656,0.4155549878404656,0.004479510008666199,-0.12911930133106836,1.574996217793994,0,0,0.0,0.0
2018-03-01 11:43:00,0,0.1283715751000252,0.2578931452281913,0.2322544793700511,0.24841571305426471,0.19628355892462698,0.4155549878404656,0.4155549878404656,-0.15806411140937202,-0.0013885642206792892,0.8128580147279946,0,0,0.0,0.0
2018-03-01 11:44:00,0,0.3876600194980531,0.4293523040590067,0.2674890937024918,0.2428367193857822,0.21947517935909025,0.3876600194980531,0.4155549878404656,0.2592884443980279,0.1057038429973221,1.9203404750820599,0,0,0.0,0.0
2018-03-01 11:45:00,0,0.2103921674198481,0.3453082197737654,0.24214125400597544,0.2589631250056109,0.23394343243817653,0.3876600194980531,0.4155549878404656,-0.17726785207820503,-0.07604351908954912,0.926783619271573,0,0,0.0,0.0
2018-03-01 11:46:00,0,0.2802572742987089,0.403265004898884,0.2927698204055367,0.25862334456520647,0.23760592532337896,0.3876600194980531,0.4155549878404656,0.0698651068788608,0.1518856991986837,1.1423884675323854,0,0,0.0,0.0
2018-03-01 11:47:00,0,0.6004634587305402,0.5486110689655748,0.36370430014969896,0.3214288990094351,0.2816416132790355,0.6004634587305402,0.6004634587305402,0.3202061844318313,0.21280343923248707,2.1360617459968907,0,0,0.0,0.0
2018-03-01 11:48:00,0,0.175316738579679,0.3123224975001097,0.3520124905363093,0.3308179317053659,0.2896168223798153,0.6004634587305402,0.6004634587305402,-0.4251467201508612,-0.03507542884016909,0.6236638937275314,0,0,0.0,0.0
2018-03-01 11:49:00,0,0.1818144054633846,0.3078269865645051,0.31919820092453455,0.28964880889843214,0.2662427641421071,0.6004634587305402,0.6004634587305402,0.006497666883705594,-0.0984428688353243,0.7411143227320846,0,0,0.0,0.0
2018-03-01 11:50:00,0,0.2828735358246882,0.3684491448990926,0.21333489328925057,0.3041450825794002,0.28155410379250556,0.6004634587305402,0.6004634587305402,0.10105913036130362,-0.317589922905852,1.0062816147171247,0,0,0.0,0.0
2018-03-01 11:51:00,0,0.2433136675711172,0.3603413345862337,0.2360005362863966,0.2967563612338818,0.2776898528995442,0.6004634587305402,0.6004634587305402,-0.03955986825357102,0.0679969289914382,0.9294356072037478,0,0,0.0,0.0
2018-03-01 11:52:00,0,0.1204027585594715,0.2660887753844633,0.21552998731842563,0.2007442211996681,0.26108656010455156,0.2828735358246882,0.6004634587305402,-0.1229109090116457,-0.0614116469039131,0.5307501844744166,0,0,0.0,0.0
2018-03-01 11:53:00,0,6.012841384741868,0.743126640060801,2.1255192702908188,1.368249150432106,0.8495335410687359,6.012841384741868,6.012841384741868,5.892438626182396,5.7299678489171795,22.968495519529036,1,1,1.0,1.0
2018-03-01 11:54:00,0,0.1662683214300598,0.2935977467271599,2.0998374882437996,1.3651399336254408,0.8273943712619364,6.012841384741868,6.012841384741868,-5.846573063311808,-0.0770453461410574,0.7329312328642978,0,0,1.0,1.0
2018-03-01 11:55:00,0,0.2628078774817673,0.3956091568086545,2.147305861217898,1.3611268019568565,0.8326359422681284,6.012841384741868,6.012841384741868,0.09653955605170753,0.14240511892229582,1.038512750693338,0,0,1.0,1.0
2018-03-01 11:56:00,0,0.1116263071899646,0.2562422986656537,0.18023416870059725,1.3347893298806262,0.815772845557254,6.012841384741868,6.012841384741868,-0.15118157029180274,-5.901215077551903,0.5251395479656198,0,0,1.0,1.0
2018-03-01 11:57:00,0,0.3852341137789732,0.4782704770962043,0.25322276615023503,1.3877556009245264,0.7942499110620972,6.012841384741868,6.012841384741868,0.27360780658900863,0.21896579234891342,1.8123117521620693,0,0,1.0,1.0
2018-03-01 11:58:00,0,0.0958529628258615,0.2321401609540883,0.19757112793159978,0.20435791654132526,0.7863035334867154,0.3852341137789732,6.012841384741868,-0.2893811509531117,-0.1669549146559058,0.4509347557639493,0,0,0.0,1.0
2018-03-01 11:59:00,0,0.1247485869612176,0.2725870425057715,0.2019452211886841,0.19605396964755686,0.7805969516364988,0.3852341137789732,6.012841384741868,0.028895624135356096,0.013122279771253006,0.6091477709635721,0,0,0.0,1.0
2018-03-01 12:00:00,0,0.1765864350795314,0.2921226587385624,0.13239599495553683,0.17880968116710966,0.7699682415619831,0.3852341137789732,6.012841384741868,0.051837848118313795,-0.2086476786994418,1.0300886987163196,0,0,0.0,1.0
2018-03-01 12:01:00,0,0.230762593522481,0.3351823401271426,0.17736587185441,0.20263693843361294,0.7687131341571194,0.3852341137789732,6.012841384741868,0.054176158442949596,0.1349096306966195,1.3461166457486777,0,0,0.0,1.0
2018-03-01 12:02:00,0,0.2038826116760924,0.3034138514053854,0.2037438800927016,0.16636663801303678,0.7770611194687815,0.230762593522481,6.012841384741868,-0.026879981846388595,0.0791340247148748,1.0717378545077363,0,0,0.0,1.0
2018-03-01 12:03:00,0,0.064691588608569,0.1793929005087193,0.16644559793571412,0.16013436316957827,0.18224613985545168,0.230762593522481,0.3852341137789732,-0.1391910230675234,-0.1118948464709624,0.37736802545268955,0,0,0.0,0.0
2018-03-01 12:04:00,0,0.3632749976650493,0.4461778460330195,0.21061639931657025,0.2078396453103446,0.20194680747895064,0.3632749976650493,0.3852341137789732,0.2985834090564803,0.1325124041425683,1.9096065299201623,0,0,0.0,0.0
2018-03-01 12:05:00,0,0.1801449736859274,0.3251345697365092,0.20270385331984855,0.20855135303162378,0.19368051709936665,0.3632749976650493,0.3852341137789732,-0.18313002397912187,-0.023737637990164984,1.0099697379583932,0,0,0.0,0.0
2018-03-01 12:06:00,0,0.055963786947804,0.1626172319319388,0.19979458609959358,0.17359159171668842,0.18811426507515056,0.3632749976650493,0.3852341137789732,-0.12418118673812341,-0.008727801660764992,0.313756915235256,0,0,0.0,0.0
2018-03-01 12:07:00,0,0.4421226466978725,0.5010566819698022,0.22607713577720132,0.22123959872104443,0.1938031183670405,0.4421226466978725,0.4421226466978725,0.3861588597500685,0.07884764903282321,2.478728573406784,0,0,0.0,0.0
2018-03-01 12:08:00,0,0.8485166387947987,0.7142222644816981,0.4488676908134917,0.37800460875829034,0.26906948596393426,0.8485166387947987,0.8485166387947987,0.40639399209692617,0.6683716651088712,4.419017029611991,1,0,1.0,1.0
2018-03-01 12:09:00,0,0.2080448533130186,0.3384705388540745,0.49956137960189656,0.34695857988788426,0.2773991125991143,0.8485166387947987,0.8485166387947987,-0.6404717854817801,0.15208106636521462,1.0100994029087873,0,0,1.0,1.0
2018-03-01 12:10:00,0,0.2326888350714343,0.3651718382573018,0.4297501090597506,0.35746735216498565,0.2830093525983046,0.8485166387947987,0.8485166387947987,0.0246439817584157,-0.20943381162643818,1.0605461516359034,0,0,1.0,1.0
2018-03-01 12:11:00,0,0.7551151171749745,0.6575913095326409,0.39861626851980914,0.49729761821041973,0.335444604963554,0.8485166387947987,0.8485166387947987,0.5224262821035401,-0.09340152161982418,3.4266120810089196,0,0,1.0,1.0
2018-03-01 12:12:00,0,1.4038870154311132,0.8636792129877596,0.7972303225591739,0.6896504919570678,0.455445045339056,1.4038870154311132,1.4038870154311132,0.6487718982561387,1.1958421621180946,4.711300340775964,1,1,2.0,2.0
2018-03-01 12:13:00,0,1.1830484519619104,0.7584488511938045,1.114016861522666,0.7565568545904902,0.5672807316743902,1.4038870154311132,1.4038870154311132,-0.22083856346920272,0.9503596168904761,2.9377923376107575,1,1,2.0,3.0
2018-03-01 12:14:00,0,0.3918817951222674,0.4149528141345059,0.9929390875050971,0.7933242429523399,0.570141411420112,1.4038870154311132,1.4038870154311132,-0.791166656839643,-0.3632333220527071,0.9397572380065137,0,0,2.0,3.0
2018-03-01 12:15:00,0,0.591866838007522,0.5500395717326663,0.7222656950305666,0.8651598435395575,0.6113135978522715,1.4038870154311132,1.4038870154311132,0.19998504288525465,-0.8120201774235911,1.1448195594689197,0,0,2.0,3.0
2018-03-01 12:16:00,0,0.525845003040371,0.4628328238550545,0.5031978787233867,0.8193058207126368,0.6583017194615282,1.4038870154311132,1.4038870154311132,-0.06602183496715108,-0.6572034489215395,0.9409295720045378,0,0,2.0,3.0
2018-03-01 12:17:00,0,0.4433072285801777,0.4960293252528399,0.5203396898760236,0.6271898633424497,0.6584201776497587,1.1830484519619104,1.4038870154311132,-0.08253777446019328,0.051425433457910286,0.7932392215248274,0,0,1.0,3.0
2018-03-01 12:18:00,0,0.6236758576655194,0.5931158629972071,0.5309426964286893,0.5153153444831715,0.6359360995368307,0.6236758576655194,1.4038870154311132,0.18036862908534168,0.03180901965799732,1.1159848518665618,0,0,0.0,2.0
2018-03-01 12:19:00,0,0.3747671634264751,0.4539867895787743,0.48058341655739073,0.511892418144013,0.6526083305481765,0.6236758576655194,1.4038870154311132,-0.24890869423904427,-0.15107783961389587,0.6705959068648889,0,0,0.0,2.0
2018-03-01 12:20:00,0,0.5682670980149055,0.5746151871237117,0.5222367063689667,0.5071724701454897,0.6861661568425236,0.6236758576655194,1.4038870154311132,0.1934999345884304,0.12495986943472781,0.9796560564501292,0,0,0.0,2.0
2018-03-01 12:21:00,0,0.7958735009861629,0.6629139790007933,0.5796359208091811,0.5611781697346482,0.6902419952236423,0.7958735009861629,1.4038870154311132,0.22760640297125745,0.17219764332064358,1.3720349077623557,1,0,1.0,3.0
2018-03-01 12:22:00,0,0.671475912720206,0.6561522575121587,0.6785388372404247,0.6068119065626538,0.6170008849525516,0.7958735009861629,1.1830484519619104,-0.12439758826595693,0.2967087492937309,1.157581438296598,0,0,1.0,2.0
2018-03-01 12:23:00,0,0.9051833512054313,0.7070115893435205,0.7908442549706001,0.6631134052706361,0.5892143748769036,0.9051833512054313,0.9051833512054313,0.23370743848522524,0.33691625319052576,1.5604780838164336,1,0,2.0,2.0
2018-03-01 12:24:00,0,0.2701084086991101,0.3613036251335484,0.6155892242082491,0.6421816543251632,0.577037036234588,0.9051833512054313,0.9051833512054313,-0.6350749425063211,-0.5257650922870528,0.46564958521186334,0,0,2.0,2.0
2018-03-01 12:25:00,0,0.872549539829235,0.7054660556427462,0.6826137665779255,0.703038142688029,0.6051053064167593,0.9051833512054313,0.9051833512054313,0.6024411311301249,0.20107362710902899,1.4640769033350836,1,0,3.0,3.0
2018-03-01 12:26:00,0,1.0612640486199063,0.7776978908410908,0.7346406657160838,0.7561162522147777,0.6586472109747128,1.0612640486199063,1.0612640486199063,0.1887145087906713,0.15608069741447506,1.6388232391955102,1,1,3.0,4.0
2018-03-01 12:27:00,0,0.4891810817169179,0.5073706049237025,0.807664890055353,0.71965728601412,0.6632345962883868,1.0612640486199063,1.0612640486199063,-0.5720829669029884,0.21907267301780775,0.7554023204074508,0,0,3.0,4.0
2018-03-01 12:28:00,0,0.599713752661212,0.5540116512880017,0.716719627666012,0.6585633663052762,0.6608383857879561,1.0612640486199063,1.0612640486199063,0.11053267094429409,-0.27283578716802304,0.9435457594528347,0,0,2.0,4.0
2018-03-01 12:29:00,0,0.4379252217589708,0.4927973573563701,0.5089400187123668,0.6921267289172484,0.6671541916212057,1.0612640486199063,1.0612640486199063,-0.16178853090224116,-0.6233388268609354,0.688999517043832,0,0,2.0,4.0
2018-03-01 12:30:00,0,0.9685907363059388,0.6825229784343305,0.6687432369087073,0.7113349682125891,0.7071865554503091,1.0612640486199063,1.0612640486199063,0.5306655145469681,0.47940965458902096,1.320189188845206,1,0,2.0,5.0
2018-03-01 12:31:00,0,1.074387996965335,0.7785857025337513,0.8269679850100816,0.713959757881675,0.7350380050482263,1.074387996965335,1.074387996965335,0.1057972606593961,0.47467424430412297,1.3916695524957736,1,1,2.0,5.0
2018-03-01 12:32:00,0,1.4815965706719845,0.9174289852546303,1.1748584346477529,0.9124428556726881,0.8160500708434041,1.4815965706719845,1.4815965706719845,0.40720857370664953,1.0436713489130136,1.6668363524211134,1,1,3.0,6.0
2018-03-01 12:33:00,0,1.725121325288119,1.0015041417137402,1.4270352976418128,1.1375243701980697,0.8980438682516727,1.725121325288119,1.725121325288119,0.24352475461613454,0.7565305889821802,1.8739685114497509,1,1,4.0,6.0
2018-03-01 12:34:00,0,1.5258116334176557,0.9025642351337252,1.5775098431259196,1.3551016525298065,1.0236141907235274,1.725121325288119,1.725121325288119,-0.19930969187046332,0.45142363645232075,1.503368754632014,1,1,5.0,7.0
2018-03-01 12:35:00,0,1.766098538633582,1.0278356531764528,1.6723438324464521,1.514603212995335,1.112969090603962,1.766098538633582,1.766098538633582,0.24028690521592622,0.28450196796159744,1.6539181917449663,1,1,5.0,7.0
2018-03-01 12:36:00,0,0.4049879137447986,0.4423662346958538,1.232299361932012,1.3807231963512279,1.0473414771164513,1.766098538633582,1.766098538633582,-1.3611106248887834,-1.3201334115433205,0.3964676779857062,0,0,4.0,6.0
2018-03-01 12:37:00,0,0.2330143647393411,0.3299176340960129,0.8013669390392405,1.1310067551646994,1.0217248054186936,1.766098538633582,1.766098538633582,-0.1719735490054575,-1.2927972686783147,0.22811215098072166,0,0,3.0,6.0
2018-03-01 12:38:00,0,0.9092459688771264,0.7126727648375996,0.5157494157870887,0.9678316838825008,1.0526780270402851,1.766098538633582,1.766098538633582,0.6762316041377853,-0.8568525697564555,0.890117027605266,1,0,3.0,7.0
2018-03-01 12:39:00,0,1.1886161341088215,0.7701017349873671,0.7769588225750964,0.9003925840207339,1.12774711827527,1.766098538633582,1.766098538633582,0.2793701652316951,0.7836282203640229,1.0504753988842568,1,1,3.0,8.0
2018-03-01 12:40:00,0,0.7272111199823054,0.6532440026138272,0.9416910743227511,0.6926151002904787,1.1036091566429067,1.1886161341088215,1.766098538633582,-0.46140501412651613,0.49419675524296425,0.6426947854861781,0,0,2.0,7.0
2018-03-01 12:41:00,0,1.100937153554708,0.8336456885919542,1.005588135881945,0.8318049482524603,1.1062640723018442,1.1886161341088215,1.766098538633582,0.3737260335724025,0.1916911846775815,0.9617039252004301,1,1,3.0,7.0
2018-03-01 12:42:00,0,0.6908966281238946,0.5794476827964912,0.8396816338869693,0.9233814009293712,1.0271940780470352,1.1886161341088215,1.766098538633582,-0.41004052543081326,-0.49771950598492687,0.6873960218032836,0,0,3.0,6.0
2018-03-01 12:43:00,0,0.8593903799080614,0.7094177933870429,0.8837413871955545,0.9134102831355582,0.9406209835090295,1.1886161341088215,1.766098538633582,0.1684937517841668,0.13217925992575608,0.9718101843696252,1,0,3.0,6.0
2018-03-01 12:44:00,0,1.7277454911408874,1.0163791426995918,1.0926774997242812,1.0212361545419715,0.9608143692813526,1.7277454911408874,1.766098538633582,0.8683551112328259,0.6268083375861795,1.9537578073297028,1,1,3.0,6.0
2018-03-01 12:45:00,0,0.2275755189790499,0.3540985535181092,0.938237130009333,0.9213090343413203,0.8069620673158994,1.7277454911408874,1.7277454911408874,-1.5001699721618376,-0.4633211091448447,0.28687131850493863,0,0,3.0,5.0
2018-03-01 12:46:00,0,0.8677265689578003,0.666857530668605,0.9410158596925792,0.8746669174219388,0.8532359328371996,1.7277454911408874,1.7277454911408874,0.6401510499787504,0.008336189049738874,1.0048254864294157,1,0,3.0,6.0
2018-03-01 12:47:00,0,1.3017562042971844,0.8682178812328026,0.7990194307446782,0.9968388326565968,0.9601101167929837,1.7277454911408874,1.7277454911408874,0.4340296353393841,-0.42598928684370296,1.4651377119711009,1,1,4.0,7.0
2018-03-01 12:48:00,0,0.7408312802302107,0.644240230133982,0.9701046844950652,0.9731270127210265,0.9432686479282923,1.7277454911408874,1.7277454911408874,-0.5609249240669737,0.5132557612511608,0.8578810170737673,0,0,3.0,6.0
2018-03-01 12:49:00,0,1.4668917269673418,0.965380128278642,1.169826403831579,0.9209562598863175,0.9710962072141441,1.4668917269673418,1.7277454911408874,0.7260604467371311,0.5991651580095415,1.6986574409719701,1,1,3.0,6.0
2018-03-01 12:50:00,0,0.2779274536946933,0.395341364930107,0.8285501536307486,0.9310266468294461,0.926167840585383,1.4668917269673418,1.7277454911408874,-1.1889642732726484,-1.0238287506024912,0.32183938909036747,0,0,3.0,6.0
2018-03-01 12:51:00,0,0.4150447189310779,0.4664745423994356,0.7199546331977044,0.8404902768241017,0.8575785971230202,1.4668917269673418,1.7277454911408874,0.13711726523638462,-0.3257865612991328,0.5187333861757983,0,0,2.0,5.0
2018-03-01 12:52:00,0,1.0749742323204596,0.771499034083889,0.5893154683154103,0.7951338824287566,0.8959863575426766,1.4668917269673418,1.7277454911408874,0.6599295133893817,-0.3919174946468822,1.2448178314833003,1,1,2.0,6.0
2018-03-01 12:53:00,0,0.9125457199109616,0.74246651762114,0.8008548903874998,0.8294767703649069,0.9013018915429667,1.4668917269673418,1.7277454911408874,-0.16242851240949807,0.6346182662162683,1.025174295462998,1,0,3.0,6.0
2018-03-01 12:54:00,0,0.1897294529731599,0.3258895846734747,0.7257498017348604,0.5740443155660705,0.7475002877261938,1.0749742323204596,1.4668917269673418,-0.7228162669378017,-0.225315265957918,0.2358997746573544,0,0,2.0,5.0
2018-03-01 12:55:00,0,0.4483945717103355,0.4936657379680323,0.516889914864819,0.6081377391691989,0.7695821929993224,1.0749742323204596,1.4668917269673418,0.25866511873717557,-0.6265796606101242,0.5575105855547515,0,0,2.0,5.0
2018-03-01 12:56:00,0,0.4833351417371455,0.5391938979543907,0.3738197221402136,0.6217958237304124,0.7311430502772569,1.0749742323204596,1.4668917269673418,0.03494057002681,-0.4292105781738161,0.7896546472917173,0,0,2.0,4.0
2018-03-01 12:57:00,0,0.8287381504133476,0.620619111250069,0.5868226212869428,0.5725486073489899,0.6838412448888732,0.9125457199109616,1.4668917269673418,0.34540300867620216,0.6390086974401877,1.3539610000419482,1,0,2.0,4.0
2018-03-01 12:58:00,0,1.2422339131936753,0.8243588107881492,0.8514357351147228,0.6384862460055327,0.7339815081852197,1.2422339131936753,1.4668917269673418,0.4134957627803276,0.7938393414833398,1.8935405927165234,1,1,2.0,5.0
2018-03-01 12:59:00,0,0.9297239688325784,0.706616323055261,1.0002320108132003,0.7864851491774164,0.6802647323717433,1.2422339131936753,1.2422339131936753,-0.3125099443610969,0.44638882709543287,1.4171808194158728,1,0,3.0,5.0
