TimeWindow,Dst Port,Protocol,Flow Duration,Tot Fwd Pkts,Tot Bwd Pkts,TotLen Fwd Pkts,TotLen Bwd Pkts,Fwd Pkt Len Max,Fwd Pkt Len Min,Fwd Pkt Len Mean,Fwd Pkt Len Std,Bwd Pkt Len Max,Bwd Pkt Len Min,Bwd Pkt Len Mean,Bwd Pkt Len Std,Flow Byts/s,Flow Pkts/s,Flow IAT Mean,Flow IAT Std,Flow IAT Max,Flow IAT Min,Fwd IAT Tot,Fwd IAT Mean,Fwd IAT Std,Fwd IAT Max,Fwd IAT Min,Bwd IAT Tot,Bwd IAT Mean,Bwd IAT Std,Bwd IAT Max,Bwd IAT Min,Fwd PSH Flags,Bwd PSH Flags,Fwd URG Flags,Bwd URG Flags,Fwd Header Len,Bwd Header Len,Fwd Pkts/s,Bwd Pkts/s,Pkt Len Min,Pkt Len Max,Pkt Len Mean,Pkt Len Std,Pkt Len Var,FIN Flag Cnt,SYN Flag Cnt,RST Flag Cnt,PSH Flag Cnt,ACK Flag Cnt,URG Flag Cnt,CWE Flag Count,ECE Flag Cnt,Down/Up Ratio,Pkt Size Avg,Fwd Seg Size Avg,Bwd Seg Size Avg,Fwd Byts/b Avg,Fwd Pkts/b Avg,Fwd Blk Rate Avg,Bwd Byts/b Avg,Bwd Pkts/b Avg,Bwd Blk Rate Avg,Subflow Fwd Pkts,Subflow Fwd Byts,Subflow Bwd Pkts,Subflow Bwd Byts,Init Fwd Win Byts,Init Bwd Win Byts,Fwd Act Data Pkts,Fwd Seg Size Min,Active Mean,Active Std,Active Max,Active Min,Idle Mean,Idle Std,Idle Max,Idle Min,Flow Count,Infiltration Ratio,IsInfiltrationState
2018-03-01 01:00:00,6726.471482889734,8.079847908745247,19951098.342205323,8.007604562737642,6.551330798479087,647.3422053231939,2545.254752851711,322.95817490494295,14.368821292775666,73.08228031726236,99.19001590193916,527.0874524714828,24.79467680608365,143.1074820641445,186.79775478193918,36948.4845462559,5543.055867287658,6508287.9394259965,926443.2695715678,8710446.266159697,5955528.49809886,19795893.482889734,6833072.292471596,1064494.9227086673,8685559.486692015,5976482.030418251,10619399.589353612,816165.7715351331,840966.236745784,2110346.72243346,154020.10646387833,0.0076045627376425855,0.0,0.0,0.0,150.53992395437263,144.2281368821293,4211.849920578091,1331.2059467682736,14.368821292775666,560.1292775665399,105.97143619953232,160.54077316193914,54984.907408427374,0.0,0.0076045627376425855,0.3193916349809886,0.6387832699619772,0.13688212927756654,0.019011406844106463,0.0,0.3193916349809886,0.39543726235741444,117.30820683006463,73.08228031726236,143.1074820641445,0.0,0.0,0.0,0.0,0.0,0.0,8.007604562737642,647.3422053231939,6.551330798479087,2545.254752851711,10851.433460076045,23892.623574144487,3.517110266159696,17.809885931558934,685183.2802947909,318513.4661777605,944542.927756654,465284.2205323194,7962691.783577947,293132.5980000015,8272661.669201521,7608682.711026616,263,0.0,0
2018-03-01 01:01:00,8016.841176470588,6.7176470588235295,19032975.188235294,6.641176470588236,4.535294117647059,698.4941176470588,784.1411764705882,367.7,9.911764705882353,82.96967463947058,118.22763836841176,540.8882352941176,15.047058823529412,115.53438517088236,191.01964883547058,19409.591600504595,5876.3548816001885,10660582.40325994,1044100.4617785274,12818681.329411766,10057778.15882353,19046049.505882353,11030761.418990001,1276815.4570633979,12924537.129411764,10096802.770588236,4401901.988235294,1334186.8662774707,497499.8806159535,2103011.011764706,961898.2882352942,0.03529411764705882,0.0,0.0,0.0,127.12941176470588,99.12941176470588,4066.370189210706,1809.9846923770647,9.911764705882353,589.1235294117647,95.2770038094294,159.10199508204119,46149.970609169,0.0,0.03529411764705882,0.21764705882352942,0.6470588235294118,0.20588235294117646,0.041176470588235294,0.0,0.21764705882352942,0.21764705882352942,104.59111942362941,82.96967463947058,115.53438517088236,0.0,0.0,0.0,0.0,0.0,0.0,6.641176470588236,698.4941176470588,4.535294117647059,784.1411764705882,12176.217647058824,32215.176470588234,3.123529411764706,18.32941176470588,799371.942649,240987.17056082207,975976.6352941176,625072.7588235295,11937893.261764705,294967.3015969627,12273314.352941176,11646086.211764706,170,0.0,0
2018-03-01 01:02:00,11875.659898477157,6.862944162436548,17621191.1928934,6.939086294416244,4.553299492385787,644.3705583756346,771.263959390863,342.20812182741116,9.878172588832488,76.50726935468528,108.17316550873097,510.9086294416244,7.274111675126903,103.39666323900508,181.62928175079696,19469.990221796066,9240.210330353482,9561121.016943483,580711.1293091225,10996135.035532994,9195841.40609137,17579599.609137055,9747102.496680202,685997.5153754072,11051768.16751269,9226689.989847716,3197880.8223350253,454999.15097461926,474143.7325718589,1111570.1472081218,117438.92385786802,0.005076142131979695,0.0,0.0,0.0,123.22842639593908,98.39593908629442,6541.503018276615,2698.707311965036,9.878172588832488,549.1015228426396,87.20997386689847,145.70828607562436,43174.189423566364,0.0,0.005076142131979695,0.19289340101522842,0.6142131979695431,0.2182741116751269,0.04060913705583756,0.0,0.19289340101522842,0.27918781725888325,95.56265343425888,76.50726935468528,103.39666323900508,0.0,0.0,0.0,0.0,0.0,0.0,6.939086294416244,644.3705583756346,4.553299492385787,771.263959390863,10858.355329949238,29833.903553299493,3.1725888324873095,17.98984771573604,604727.4661659899,622172.0011373877,1057128.4467005075,162906.0609137056,10194157.647208123,297197.56191602064,10504526.751269035,9948876.725888325,197,0.0,0
2018-03-01 01:03:00,6004.70987654321,10.372427983539094,13449226.790123457,5.6460905349794235,4.899176954732511,421.0946502057613,1763.6275720164608,220.38888888888889,19.244855967078188,58.94051765312552,67.08973299399177,458.05555555555554,42.33127572016461,157.52453486417696,162.32872144657821,203903.37485098286,16941.48827972602,3607206.1621479904,1193363.9584355128,7238857.516460906,3055667.0781893004,13305562.930041153,3982705.235669543,1485068.7321957035,7229046.5205761315,3080037.452674897,6979492.417695473,839948.5108700494,648273.214256284,2059514.0658436215,289771.21810699586,0.04526748971193416,0.0,0.0,0.0,109.1358024691358,102.27160493827161,15286.76104882258,1650.9610078142841,19.135802469135804,476.9156378600823,102.64037921555555,146.34867927145268,54093.6075950044,0.0,0.04526748971193416,0.2777777777777778,0.4444444444444444,0.13580246913580246,0.018518518518518517,0.0,0.2777777777777778,0.5761316872427984,118.6250814009465,58.94051765312552,157.52453486417696,0.0,0.0,0.0,0.0,0.0,0.0,5.6460905349794235,421.0946502057613,4.899176954732511,1763.6275720164608,6159.701646090535,12644.860082304527,2.2983539094650207,15.201646090534979,260860.59129790124,144877.13364028806,378963.1522633745,162011.98765432098,6754804.520156379,173420.67801469352,6933652.255144033,6592175.417695473,486,0.0,0
2018-03-01 01:04:00,6652.557422969187,9.661064425770308,17155239.88795518,6.605042016806722,8.607843137254902,390.078431372549,9041.607843137255,206.80392156862746,16.532212885154063,52.74632395569467,61.30012770271709,409.453781512605,32.88235294117647,112.63667634512605,124.10292345817928,196001.63770291125,11726.181394297037,5999467.829706245,987026.190216915,8582621.277310925,5470708.12605042,17136376.086834732,6343493.47022775,1179488.926280958,8620261.582633054,5498380.179271708,7685995.238095238,663747.3283695185,796645.0441082955,2290287.4201680673,91905.24649859944,0.0196078431372549,0.0,0.0,0.0,137.84873949579833,234.48739495798318,6039.389747323056,5685.509865334358,16.369747899159663,430.2717086834734,80.86265038264146,111.94357593930252,37231.55751178652,0.0,0.0196078431372549,0.21568627450980393,0.453781512605042,0.1484593837535014,0.04201680672268908,0.0,0.21568627450980393,0.5322128851540616,93.26683068296079,52.74632395569467,112.63667634512605,0.0,0.0,0.0,0.0,0.0,0.0,6.605042016806722,390.078431372549,8.607843137254902,9041.607843137255,7375.473389355742,15267.848739495797,2.2436974789915967,15.630252100840336,399611.51770616247,307729.22071408964,622587.4929971988,182685.42296918767,7933261.61959944,219447.16986110123,8199849.168067227,7726451.739495798,357,0.0,0
2018-03-01 01:05:00,10948.205128205129,7.44017094017094,22052402.072649572,7.482905982905983,6.512820512820513,620.5769230769231,2820.4529914529912,296.517094017094,11.91025641025641,66.25955981446154,92.02452523370086,481.0,19.555555555555557,135.88890172547008,172.87749108820512,23391.314842137854,10101.963263246244,7993081.642299531,1079621.8657166737,10226305.247863248,7309743.688034188,22009195.452991452,8466585.489217093,1217708.8138008032,10290385.094017094,7403304.525641026,11184528.653846154,1296599.6837850427,664043.5600791179,2449744.329059829,710901.3418803419,0.029914529914529916,0.0,0.0,0.0,151.45299145299145,143.98290598290598,5924.374942156804,4175.632782736646,11.91025641025641,521.517094017094,99.8973510273077,151.34951828520084,52870.18388223329,0.004273504273504274,0.029914529914529916,0.2863247863247863,0.5726495726495726,0.23931623931623933,0.07264957264957266,0.0,0.2863247863247863,0.3717948717948718,109.0383829327564,66.25955981446154,135.88890172547008,0.0,0.0,0.0,0.0,0.0,0.0,7.482905982905983,620.5769230769231,6.512820512820513,2820.4529914529912,9930.141025641025,21849.252136752137,3.3632478632478633,18.256410256410255,96577.33370264957,42303.730487093046,173454.55128205128,73984.89316239316,9423386.677346155,299574.76729630516,9792735.042735042,9041864.02991453,234,0.0,0
2018-03-01 01:06:00,8763.144144144144,9.027027027027026,14820345.171171172,5.717717717717718,3.894894894894895,430.3453453453453,1098.6126126126126,221.52552552552552,16.28828828828829,58.36899514462162,68.08116824126127,383.003003003003,23.84084084084084,105.896435767988,133.8512779412913,55002.53434026008,16003.666872329813,5142262.865517679,926476.4682181528,7598034.756756756,4614209.735735736,14772359.345345346,5477277.378716246,1090534.0553179495,7629258.117117117,4666708.705705706,6939688.138138138,711392.865792991,782628.4703380448,2238895.4864864866,174345.53153153154,0.05105105105105105,0.0,0.0,0.0,101.96996996996997,84.09609609609609,12726.373620482915,3275.9190894574626,16.28828828828829,411.14114114114113,80.31713296732732,115.27923924880781,36373.84620102111,0.0,0.05105105105105105,0.2012012012012012,0.4774774774774775,0.21021021021021022,0.04504504504504504,0.0,0.2012012012012012,0.40540540540540543,91.67390908277778,58.36899514462162,105.896435767988,0.0,0.0,0.0,0.0,0.0,0.0,5.717717717717718,430.3453453453453,3.894894894894895,1098.6126126126126,8167.825825825826,15365.555555555555,2.3723723723723724,16.49249249249249,665726.086857958,149921.3172252367,774662.2192192192,559857.4624624625,6947983.761690691,256900.25913207393,7262990.603603603,6716856.033033033,333,0.0,0
2018-03-01 01:07:00,7476.525,10.8,15129638.245454546,4.584090909090909,3.7045454545454546,328.5931818181818,790.7977272727272,175.83863636363637,17.870454545454546,48.730566096565916,51.73537692626137,339.7681818181818,41.98409090909091,110.3607409553409,112.33333099745228,298143.7422172468,16389.63555261893,4709931.250813821,1005520.6221253072,7575336.779545454,4266972.165909091,15082812.652272727,5057996.082638841,1274495.4421527951,7576327.6,4280431.590909091,9005419.018181818,945753.6544858182,1035295.4618480603,3152970.9545454546,311257.1477272727,0.03636363636363636,0.0,0.0,0.0,88.68181818181819,75.71818181818182,12719.737493488085,3669.8980594450636,17.870454545454546,355.88863636363635,73.20207128211364,102.62253412646136,31056.89199574925,0.004545454545454545,0.03636363636363636,0.18409090909090908,0.35,0.17272727272727273,0.04318181818181818,0.0,0.18409090909090908,0.5704545454545454,87.83343638295455,48.730566096565916,110.3607409553409,0.0,0.0,0.0,0.0,0.0,0.0,4.584090909090909,328.5931818181818,3.7045454545454546,790.7977272727272,5862.75,11221.947727272727,1.9318181818181819,14.481818181818182,79945.28405656818,30082.539603545454,116217.05454545455,58221.145454545454,7200025.651827273,111469.61120453566,7339459.779545454,7079703.4772727275,440,0.0,0
2018-03-01 01:08:00,8876.74537037037,9.488425925925926,20054867.12037037,5.68287037037037,4.423611111111111,372.4513888888889,1407.962962962963,179.3148148148148,17.479166666666668,49.997698219266205,54.384947840810185,404.96064814814815,29.087962962962962,134.39530138280094,147.05870833006944,287318.6340802806,26427.12411596352,4632204.3978557745,1381162.446064094,8690668.379629629,3983601.840277778,19868571.430555556,5105356.1994590815,1702718.6315798992,8664368.368055556,4008410.7708333335,13090229.597222222,1016952.9505222823,1448639.3125943732,4113954.537037037,91026.72685185185,0.06481481481481481,0.0,0.0,0.0,106.35185185185185,95.89814814814815,23732.532894128028,2691.4134712427426,17.479166666666668,427.28935185185185,88.47192271527777,127.96803501924305,47270.31272267644,0.0023148148148148147,0.06481481481481481,0.2523148148148148,0.44907407407407407,0.19212962962962962,0.027777777777777776,0.0,0.2523148148148148,0.4583333333333333,101.31649065038194,49.997698219266205,134.39530138280094,0.0,0.0,0.0,0.0,0.0,0.0,5.68287037037037,372.4513888888889,4.423611111111111,1407.962962962963,6900.324074074074,8777.800925925925,2.5,15.777777777777779,219500.77603631944,129621.55154796789,334901.275462963,126867.99074074074,8189998.127997685,218971.99694483195,8437038.701388888,7958533.238425926,432,0.0,0
2018-03-01 01:09:00,6848.9872029250455,10.376599634369287,21677583.0511883,6.641681901279708,6.83363802559415,372.764168190128,4318.453382084095,177.82449725776965,18.420475319926872,47.913974869360146,51.188015690881166,406.6599634369287,40.574040219378425,152.95613715308957,139.41718295758685,285247.8573029889,20312.20951896575,3667862.4039119715,1572233.4876039717,9028826.259597806,3033478.365630713,21535927.976234004,4240453.631299734,2018078.5575954644,8995610.842778793,3068145.511882998,17077287.058500916,1200419.5897627475,1766677.0979130778,5670290.334552103,156490.00914076783,0.04753199268738574,0.0,0.0,0.0,127.49542961608775,144.02193784277878,16633.793272392082,3675.906579296704,18.323583180987203,420.50091407678246,98.82722127197441,131.42657009773492,51240.33503342462,0.0,0.04753199268738574,0.24862888482632542,0.3912248628884826,0.19012797074954296,0.04753199268738574,0.0,0.24862888482632542,0.583180987202925,113.82550357300182,47.913974869360146,152.95613715308957,0.0,0.0,0.0,0.0,0.0,0.0,6.641681901279708,372.764168190128,6.83363802559415,4318.453382084095,6046.2303473491775,7871.868372943327,2.550274223034735,15.042047531992687,308924.9655991773,102852.92603528958,412929.6672760512,241514.34003656308,8494490.648341864,270877.5866328715,8769160.02559415,8249660.407678245,547,0.0,0
2018-03-01 01:10:00,9563.825431034482,9.920258620689655,17212662.620689657,4.8405172413793105,3.7004310344827585,328.67672413793105,1037.959051724138,161.79094827586206,16.280172413793103,44.997475047196126,47.78413846575431,318.26724137931035,32.45043103448276,104.65370324420259,109.60617953920259,335936.8879019491,43665.275374926554,4651903.692230898,1184114.067570127,8481207.405172413,4164523.9288793104,17110922.316810343,5040237.960339719,1508255.2626009185,8453730.84913793,4204116.719827586,10444525.314655172,937261.408441015,1286162.6199439187,3944831.025862069,256586.69181034484,0.06896551724137931,0.0,0.0,0.0,88.65517241379311,76.47413793103448,38708.80336590392,4949.568619292683,16.280172413793103,338.13577586206895,71.76886732461207,99.31613436219827,33373.81060507146,0.01293103448275862,0.06896551724137931,0.16810344827586207,0.33405172413793105,0.2521551724137931,0.0625,0.0,0.16810344827586207,0.5258620689655172,84.36607289134699,44.997475047196126,104.65370324420259,0.0,0.0,0.0,0.0,0.0,0.0,4.8405172413793105,328.67672413793105,3.7004310344827585,1037.959051724138,6150.370689655172,8745.010775862069,1.9892241379310345,15.189655172413794,182161.05223433187,173154.26551792666,336613.3017241379,61560.19612068965,8130035.833965518,170588.00507684855,8304636.405172414,7990583.857758621,464,0.0,0
2018-03-01 01:11:00,10486.860082304527,9.736625514403292,14343686.748971194,4.868312757201646,3.7263374485596708,321.798353909465,909.7098765432099,162.8395061728395,15.960905349794238,46.030933479942384,49.47622307391358,312.60493827160496,32.36213991769547,103.18906662661112,108.54000695900412,192461.5020792019,31137.17872769762,3748690.842392464,1027675.7472855218,6799602.417695473,3273964.3559670784,14003582.74074074,4085781.317900823,1225049.397819506,6687346.730452674,3316202.995884774,9492199.296296297,910510.7148082387,1058242.7873501354,3209634.1872427985,216834.9938271605,0.07613168724279835,0.0,0.0,0.0,91.20164609053498,78.18930041152264,24951.42462091786,6181.987884434682,15.960905349794238,335.2448559670782,70.45244505191975,98.61015437483127,31699.735585656952,0.00411522633744856,0.07613168724279835,0.18930041152263374,0.35390946502057613,0.2736625514403292,0.08024691358024691,0.0,0.18930041152263374,0.51440329218107,83.39042818389301,46.030933479942384,103.18906662661112,0.0,0.0,0.0,0.0,0.0,0.0,4.868312757201646,321.798353909465,3.7263374485596708,909.7098765432099,5605.952674897119,9508.862139917695,1.9259259259259258,15.588477366255145,210314.55552442386,227448.26024142472,387161.36831275723,52059.15843621399,6337953.940656379,196335.91436642842,6559468.528806584,6150984.685185186,486,0.0,0
2018-03-01 01:12:00,10950.073555166375,9.691768826619965,13619080.092819614,5.2907180385288965,4.423817863397548,478.78633975481614,2089.6514886164623,187.0140105078809,16.238178633975483,50.94408990639755,57.383694571628716,317.4238178633976,36.02276707530648,110.18322423343258,108.12888141380034,268413.52139563067,54898.43000888569,3229690.4381420566,924551.6960529446,5952123.905429072,2797907.0192644484,13471864.366024518,3572742.328091021,1160911.979359891,5894379.443082312,2815440.0945709283,8991444.315236427,820940.5991147986,943662.2124128492,2814772.397548161,209883.01751313484,0.13134851138353765,0.0,0.0,0.0,100.4553415061296,93.26795096322242,48788.664418922104,6103.354436572582,16.238178633975483,341.63397548161123,78.64537232471103,106.6299168668669,38290.839523333,0.012259194395796848,0.13134851138353765,0.17688266199649738,0.30472854640980734,0.329246935201401,0.0840630472854641,0.0,0.17688266199649738,0.500875656742557,92.27264488764447,50.94408990639755,110.18322423343258,0.0,0.0,0.0,0.0,0.0,0.0,5.2907180385288965,478.78633975481614,4.423817863397548,2089.6514886164623,4988.339754816112,8017.523642732049,2.1436077057793343,15.971978984238179,230986.09225120844,62982.8884903571,305936.6514886165,185845.01751313484,5510076.178749562,238192.2551518392,5747632.933450088,5303381.977232925,571,0.0,0
2018-03-01 01:13:00,11407.05306122449,7.877551020408164,20088941.175510205,6.244897959183674,4.522448979591837,714.0081632653062,1377.0081632653062,240.93061224489796,17.26530612244898,61.11939029328979,72.50789559625305,381.9551020408163,20.03265306122449,103.78040680824489,131.44175391836734,133535.21907137128,27307.96329006455,8591845.381083956,1010006.4601721931,11542388.4,8102426.0,19893806.836734693,8900191.485916844,1247015.7071949367,11543312.881632652,8112654.3918367345,7676832.6081632655,885397.2799712694,917329.2408797919,2860863.881632653,282591.5387755102,0.036734693877551024,0.0,0.0,0.0,115.15102040816326,95.36326530612244,21850.718704110077,5455.376847498584,11.975510204081633,416.8122448979592,83.88524107346939,116.66447734397958,36924.968429410816,0.0,0.036734693877551024,0.2,0.4530612244897959,0.2816326530612245,0.09795918367346938,0.0,0.2,0.3795918367346939,93.72078757,61.11939029328979,103.78040680824489,0.0,0.0,0.0,0.0,0.0,0.0,6.244897959183674,714.0081632653062,4.522448979591837,1377.0081632653062,8999.538775510204,17580.21632653061,2.363265306122449,16.718367346938777,335102.24783538777,298615.6368658775,552752.9142857143,125152.83673469388,10617270.397032652,419387.9137153641,11089542.220408164,10237879.236734694,245,0.0,0
2018-03-01 01:14:00,13180.059233449478,7.599303135888502,15551316.083623694,5.32404181184669,3.3554006968641117,429.5923344947735,590.8432055749129,211.94425087108013,10.501742160278745,52.033745962473866,67.00729411710802,322.0522648083624,15.358885017421603,78.70853219250871,111.73636825696863,51134.39666779964,38501.23456167358,6079782.11998504,1126122.1836213395,8786222.766550522,5479421.585365853,15452939.080139372,6463876.541831011,1327400.4723809261,8758195.993031358,5552363.017421603,6825884.369337979,1034815.663700209,958047.4776653191,2679947.362369338,402837.59581881535,0.08710801393728224,0.0,0.0,0.0,99.51219512195122,73.29616724738676,32156.845991076072,6336.416513044614,10.501742160278745,355.33449477351917,64.6088293818223,97.66719015065156,28603.993314817875,0.006968641114982578,0.08710801393728224,0.17073170731707318,0.45993031358885017,0.3554006968641115,0.09407665505226481,0.0,0.17073170731707318,0.3310104529616725,73.13460914581881,52.033745962473866,78.70853219250871,0.0,0.0,0.0,0.0,0.0,0.0,5.32404181184669,429.5923344947735,3.3554006968641117,590.8432055749129,8045.651567944251,15537.951219512195,2.21602787456446,18.1602787456446,331898.82758923346,232331.42788971335,539150.3867595819,166746.12543554007,8011589.734874564,263970.8235302399,8296260.341463415,7766698.358885017,287,0.0,0
2018-03-01 01:15:00,5813.622377622378,11.213986013986014,19668673.036363635,5.636363636363637,5.220979020979021,354.63916083916087,2138.7874125874127,176.51468531468532,20.716083916083917,48.97066867905174,49.90036547869091,374.4041958041958,47.86993006993007,140.76152452900698,126.07777157757623,376257.96115620097,22753.93248739746,3011606.575184686,1681667.7782011223,8456589.86013986,2351850.678321678,19579500.104895104,3598032.6271717576,2130708.0064810454,8393535.443356642,2438803.6937062936,15801204.909090908,1243661.5283758698,1904282.8807847223,5768906.871328671,183150.0755244755,0.055944055944055944,0.0,0.0,0.0,106.95384615384616,108.76083916083915,21149.39524191203,1601.9772673779844,20.716083916083917,391.8167832167832,91.11368025567832,121.25391931451048,44704.488349142164,0.002797202797202797,0.055944055944055944,0.22517482517482518,0.33426573426573425,0.16083916083916083,0.022377622377622378,0.0,0.22517482517482518,0.6041958041958042,107.71118806538462,48.97066867905174,140.76152452900698,0.0,0.0,0.0,0.0,0.0,0.0,5.636363636363637,354.63916083916087,5.220979020979021,2138.7874125874127,4919.909090909091,5985.748251748252,2.2587412587412588,14.176223776223777,304314.22427060135,44250.98528355664,357672.63496503496,274971.1160839161,7986210.858886713,268156.0222726223,8282970.612587413,7730156.016783217,715,0.0,0
2018-03-01 01:16:00,5443.484552845528,10.913821138211382,20220812.28780488,5.8585365853658535,5.378861788617886,400.6569105691057,2605.318699186992,193.34634146341463,26.616260162601627,56.19017986645528,53.31244663843903,392.31056910569106,49.28943089430894,151.649191688374,133.36938849492682,119388.61543054058,11473.61592634363,3579447.9478969304,1316994.1960376657,7691138.835772358,2996919.0471544717,20088299.954471543,4083941.8490235517,1647927.1353168576,7620169.4276422765,3022651.830894309,15237759.931707317,1115041.125632488,1473172.121615015,4452224.952845529,157256.6,0.07479674796747968,0.0,0.0,0.0,108.08455284552845,114.10731707317073,9361.596644127774,2109.787106082366,26.216260162601625,414.6552845528455,100.44152217952846,126.18731989375448,47762.314517835075,0.0016260162601626016,0.07479674796747968,0.25040650406504067,0.3333333333333333,0.14959349593495935,0.01951219512195122,0.0,0.25040650406504067,0.5739837398373984,119.63453981411382,56.19017986645528,151.649191688374,0.0,0.0,0.0,0.0,0.0,0.0,5.8585365853658535,400.6569105691057,5.378861788617886,2605.318699186992,4601.907317073171,7008.10243902439,2.5544715447154474,13.632520325203252,173471.42380357237,120012.25834262614,311479.3512195122,97340.00650406504,7296991.247671545,264231.498442365,7509370.8292682925,7045114.980487805,615,0.0,0
2018-03-01 01:17:00,5839.837662337663,11.931818181818182,14985029.733766234,4.646103896103896,4.232954545454546,316.3847402597403,1439.5478896103896,154.16396103896105,23.36201298701299,48.105183618247565,43.79717456207549,360.7621753246753,57.199675324675326,144.2215967507143,121.03949227152111,263921.6736841189,18246.146327559396,1821439.7140464385,1241058.6243111836,5553674.353896104,1288621.9878246754,14634414.091720778,2238808.5616646567,1501726.4013591127,5334621.823051948,1308259.362012987,12531039.91396104,942639.9156879549,1320438.202082183,3851273.2824675324,106516.38068181818,0.03814935064935065,0.0,0.0,0.0,85.59740259740259,87.48376623376623,15253.310828288122,2988.7498200610553,23.258928571428573,370.538961038961,90.16454455756494,118.36506543660471,43554.83974967349,0.005681818181818182,0.03814935064935065,0.2077922077922078,0.2800324675324675,0.16071428571428573,0.027597402597402596,0.0,0.2077922077922078,0.7069805194805194,108.89290678798459,48.105183618247565,144.2215967507143,0.0,0.0,0.0,0.0,0.0,0.0,4.646103896103896,316.3847402597403,4.232954545454546,1439.5478896103896,4001.5146103896104,3650.2021103896104,1.9577922077922079,13.366883116883116,157532.1087836932,143840.99328622821,330062.226461039,66760.65584415584,5216148.149951299,186743.83453231413,5382151.396915585,5010850.650162337,1232,0.0,0
2018-03-01 01:18:00,17275.697674418603,8.323643410852712,14384394.317829458,4.284883720930233,3.143410852713178,293.68023255813955,863.4360465116279,144.3003875968992,9.251937984496124,39.488536017610464,46.27853024335271,248.88372093023256,21.738372093023255,76.29384637445736,86.49855525131784,305623.2750385454,87557.5730244001,3959608.335406646,1158494.6855398507,7438504.120155038,3509693.815891473,14344357.891472869,4361423.617402383,1514049.4392707807,7465309.184108527,3538086.4573643412,9026436.193798449,847275.1564885136,1225308.5902950142,3570213.1918604653,193803.64534883722,0.1298449612403101,0.0,0.0,0.0,83.89922480620154,65.9922480620155,77329.28959643996,10220.302101818308,9.251937984496124,274.38178294573646,56.69936405127907,82.36867615517829,26705.507886564694,0.01744186046511628,0.1298449612403101,0.13565891472868216,0.26744186046511625,0.4748062015503876,0.12790697674418605,0.0,0.13565891472868216,0.4496124031007752,66.48864817179069,39.488536017610464,76.29384637445736,0.0,0.0,0.0,0.0,0.0,0.0,4.284883720930233,293.68023255813955,3.143410852713178,863.4360465116279,5148.897286821705,8871.953488372093,1.7635658914728682,17.06201550387597,28770.960324709304,23888.507161205638,58424.6492248062,12617.941860465116,7227144.077007752,60942.58842169671,7262119.465116279,7129277.395348838,516,0.0,0
2018-03-01 01:19:00,10819.511380880122,9.981790591805765,19878336.330804247,5.6054628224582705,4.7147192716236725,365.69499241274656,1650.6115326251897,170.55235204855842,17.883156297420335,48.41640674760698,50.516944042039455,354.1699544764795,32.983308042488616,124.05444195278301,124.37538285303641,582573.8447845739,57528.599525800484,3336163.924328924,1768951.5303020626,8847256.820940819,2612316.952959029,19730000.514415782,3890043.966654644,2253240.6649730443,8815985.679817906,2652048.08801214,14891760.35811836,1202368.411242349,1743364.8654557203,5349431.461305007,263463.3990895296,0.11077389984825493,0.0,0.0,0.0,105.30500758725341,98.26403641881639,51401.02247777179,6119.938873315732,17.783004552352047,376.98786039453717,84.31406282371775,115.27438047996509,43266.34542141712,0.006069802731411229,0.11077389984825493,0.19878603945371776,0.2959028831562974,0.3141122913505311,0.05614567526555387,0.0,0.19878603945371776,0.543247344461305,98.45377170011533,48.41640674760698,124.05444195278301,0.0,0.0,0.0,0.0,0.0,0.0,5.6054628224582705,365.69499241274656,4.7147192716236725,1650.6115326251897,4719.176024279211,6846.267071320182,2.1623672230652504,15.435508345978755,332955.1111114871,191855.3031063419,496877.6388467375,200176.33080424886,8365426.139267072,292150.32446994423,8651622.10925645,8072019.172989378,659,0.0,0
2018-03-01 01:20:00,14691.19867549669,7.73841059602649,12884846.662251655,4.73841059602649,3.2682119205298013,411.9933774834437,920.1887417218543,203.21192052980132,11.129139072847682,53.90196961023179,64.62984921079469,297.07284768211923,18.97682119205298,84.6920571760596,102.59128798678809,458365.25485313055,92308.81604287052,5543370.853057968,910153.2982618894,8124958.218543046,5092347.867549669,12831068.413907284,5924922.98879139,1204729.2069089245,8154277.324503311,5131615.4635761585,5177963.990066225,837416.4369880795,888519.9352499619,2640423.976821192,300003.5231788079,0.1423841059602649,0.0,0.0,0.0,89.97350993377484,67.50993377483444,89234.9957183266,3066.244231204401,11.129139072847682,336.0927152317881,72.40726277377483,97.94853440004304,31458.588692522415,0.016556291390728478,0.1423841059602649,0.16556291390728478,0.39072847682119205,0.40728476821192056,0.04966887417218543,0.0,0.16556291390728478,0.3509933774834437,82.05585115430463,53.90196961023179,84.6920571760596,0.0,0.0,0.0,0.0,0.0,0.0,4.73841059602649,411.9933774834437,3.2682119205298013,920.1887417218543,7167.721854304636,14612.175496688742,1.9105960264900663,17.986754966887418,245088.82713023177,159669.61575626547,362207.9701986755,129857.88079470198,7341932.2135761585,472935.48376761586,7805853.476821192,6988919.321192053,302,0.0,0
2018-03-01 01:21:00,11897.928057553956,8.635491606714629,16775092.357314149,5.184652278177458,3.815347721822542,368.12709832134294,941.6786570743405,176.6450839328537,13.321342925659472,48.50456932310312,56.06735998790168,316.3525179856115,27.256594724220623,101.54420688948201,111.40365019191607,701832.6284326055,78934.66081513933,5081323.743331276,1237418.5277507869,8632780.97122302,4486689.714628297,16538484.29736211,5542742.612414077,1533193.4145759644,8544269.395683452,4528866.378896883,9549793.800959233,1288340.6115384102,1088643.316546712,3708855.7194244605,594429.8153477218,0.12470023980815348,0.0,0.0,0.0,94.378896882494,78.86810551558753,74030.0907500357,4895.79124317631,13.318944844124701,347.9856115107914,73.46791012585132,103.83527316415827,34893.136837855825,0.016786570743405275,0.12470023980815348,0.1774580335731415,0.35251798561151076,0.35251798561151076,0.07434052757793765,0.0,0.1774580335731415,0.4724220623501199,84.77464613468105,48.50456932310312,101.54420688948201,0.0,0.0,0.0,0.0,0.0,0.0,5.184652278177458,368.12709832134294,3.815347721822542,941.6786570743405,6214.551558752997,10419.503597122302,1.9640287769784173,16.5947242206235,318870.6374980096,322086.3353276528,597749.9880095923,89056.94244604316,7774952.854798562,524338.3858508184,8342215.37410072,7265773.8081534775,417,0.0,0
2018-03-01 01:22:00,8073.780839895013,10.408136482939632,14755512.144356955,5.069553805774278,4.360892388451443,376.56167979002623,1556.0039370078741,175.17322834645668,18.82020997375328,48.97428937439632,51.20047991082677,347.36876640419945,40.76509186351706,123.49646867043306,118.39797875513123,461057.0686534753,35878.39251079985,2732471.3508590255,1046591.3841107301,6146808.002624672,2305763.62992126,14657890.413385827,3097457.969775506,1335735.9891764056,6104936.230971129,2319632.7703412073,11078723.35433071,836861.3404214279,1212948.0990372512,3648670.594488189,127327.10236220472,0.09186351706036745,0.0,0.0,0.0,99.2020997375328,93.31758530183727,31216.962178675676,4652.422535211953,18.05249343832021,368.1706036745407,81.96325397396325,111.618298766021,39144.309114953176,0.014435695538057743,0.09186351706036745,0.21128608923884515,0.32808398950131235,0.2335958005249344,0.04068241469816273,0.0,0.21128608923884515,0.583989501312336,96.77948327283464,48.97428937439632,123.49646867043306,0.0,0.0,0.0,0.0,0.0,0.0,5.069553805774278,376.56167979002623,4.360892388451443,1556.0039370078741,4849.706036745407,6584.253280839895,2.220472440944882,15.254593175853019,135678.5908803806,86282.03077892099,237229.6968503937,80691.62335958006,5749123.347311024,240660.15471798758,5966063.54855643,5508075.824146981,762,0.0,0
2018-03-01 01:23:00,7469.144897959183,9.818367346938775,20898334.163265307,6.238775510204082,5.124489795918367,684.4040816326531,1284.0836734693878,213.28775510204082,20.43673469387755,60.830124098240816,63.935807784063265,418.04285714285714,37.78163265306122,134.0793783527143,145.1125872654102,319759.4717737656,33747.227687400904,4128869.1991390293,1983279.8850763768,9394541.375510205,3202564.393877551,20744821.210204083,4844461.088466542,2470086.7589094527,9419364.018367346,3272120.285714286,14906438.391836734,1676086.3967949369,1808590.966176848,5277388.395918367,530515.0959183674,0.07346938775510205,0.0,0.0,0.0,118.93061224489796,108.46530612244898,31032.225525235965,2712.200553772398,17.122448979591837,445.64897959183673,94.86983721690407,131.31659295959795,44846.64261657912,0.004081632653061225,0.07346938775510205,0.2510204081632653,0.4142857142857143,0.20612244897959184,0.026530612244897958,0.0,0.2510204081632653,0.5285714285714286,108.7829407310551,60.830124098240816,134.0793783527143,0.0,0.0,0.0,0.0,0.0,0.0,6.238775510204082,684.4040816326531,5.124489795918367,1284.0836734693878,6078.84081632653,10498.491836734695,2.66734693877551,15.657142857142857,362667.5113562041,102504.57665389778,456455.9346938775,291221.2571428571,8604209.678612245,621320.1910205879,9127670.663265307,8040168.093877551,490,0.0,0
2018-03-01 01:24:00,10761.171186440679,9.405084745762712,19441316.23898305,5.810169491525424,4.930508474576271,396.43728813559323,1949.7118644067796,196.49661016949153,16.038983050847456,50.52651382850847,59.323298340101694,406.26949152542375,37.41694915254237,139.58407131676273,142.98300503442374,465438.8156609648,53736.89247377989,3986438.555858455,1457274.8913890326,7806924.183050848,3307373.3322033896,19323825.622033898,4526631.954760091,1782409.239716377,7765649.4338983055,3328977.220338983,13056207.769491525,1086245.0908280117,1372511.2520801001,3633173.886440678,102206.9372881356,0.08983050847457627,0.0,0.0,0.0,109.55254237288136,107.2542372881356,49914.19190456528,3814.169117050325,15.908474576271187,427.3694915254237,90.74712262146271,131.67289816620337,48636.879351542375,0.001694915254237288,0.08983050847457627,0.2457627118644068,0.3677966101694915,0.27288135593220336,0.05254237288135593,0.0,0.2457627118644068,0.5050847457627119,104.72348832994406,50.52651382850847,139.58407131676273,0.0,0.0,0.0,0.0,0.0,0.0,5.810169491525424,396.43728813559323,4.930508474576271,1949.7118644067796,4996.166101694916,9463.962711864408,2.613559322033898,15.620338983050848,223701.27560538982,209531.78949632865,398389.15762711863,78918.8406779661,7409319.97391017,206922.68680309315,7586064.974576271,7199191.877966101,590,0.0,0
2018-03-01 01:25:00,14073.962382445141,7.4858934169279,16368791.028213166,5.717868338557993,4.329153605015674,506.0376175548589,747.6771159874609,244.78056426332287,10.094043887147336,58.55621982191222,78.43664252482759,376.77115987460814,18.41065830721003,91.09787183612227,129.86832720727273,573652.9860846037,67320.49054248829,5779310.631185861,1077593.154982857,8268854.742946709,5176500.184952978,16326040.548589341,6243009.35496373,1271752.8142894274,8300318.021943574,5244302.3887147335,8692189.112852665,1180684.5860518182,843659.2288152555,2581579.7147335424,458550.14420062694,0.11598746081504702,0.0,0.0,0.0,112.16300940438872,93.74294670846395,59502.37818762733,7805.202121544796,10.094043887147336,405.6269592476489,72.99929312228527,113.27237111276176,33541.637460683356,0.018808777429467086,0.11598746081504702,0.1724137931034483,0.43573667711598746,0.3667711598746082,0.09090909090909091,0.0,0.1724137931034483,0.36990595611285265,82.31122363884953,58.55621982191222,91.09787183612227,0.0,0.0,0.0,0.0,0.0,0.0,5.717868338557993,506.0376175548589,4.329153605015674,747.6771159874609,8091.17868338558,17969.60501567398,2.407523510971787,18.031347962382444,548208.4207466145,131797.0021144375,649980.4169278997,455037.74921630096,7567109.932210031,338799.76813324954,7910591.344827586,7160273.297805643,319,0.0,0
2018-03-01 01:26:00,9487.444444444445,9.768361581920903,17612800.549905837,5.536723163841808,4.6403013182674195,373.5894538606403,1725.0715630885122,197.26365348399247,18.43502824858757,52.07198557712429,57.85089998485876,392.1883239171375,40.02448210922787,132.9061736307533,134.27851089676082,235298.46545708805,44236.32438413533,3635593.2133306647,1348873.4595214294,7607105.033898305,3015774.4086629003,17519381.785310734,4157334.9641988194,1681098.9594840272,7573215.195856874,3056424.2768361582,12081167.173258003,1163984.0785906517,1413483.868640903,4139540.8625235404,265075.3728813559,0.05273069679849341,0.0,0.0,0.0,100.8060263653484,98.69679849340866,39140.76285975192,5092.976236003862,18.43502824858757,411.6723163841808,89.36022123646516,124.80389589870245,44725.406120191605,0.007532956685499058,0.05273069679849341,0.23540489642184556,0.391713747645951,0.22033898305084745,0.05084745762711865,0.0,0.23540489642184556,0.5480225988700564,103.93728104950095,52.07198557712429,132.9061736307533,0.0,0.0,0.0,0.0,0.0,0.0,5.536723163841808,373.5894538606403,4.6403013182674195,1725.0715630885122,6819.065913370998,10510.338983050848,2.361581920903955,15.374764595103578,520213.5988920904,35251.87203937877,567241.5216572505,498688.35781544255,6964266.182286252,411011.56122687727,7372927.36346516,6635693.290018832,531,0.0,0
2018-03-01 01:27:00,10351.297539149888,9.442953020134228,19606642.80313199,5.389261744966443,4.485458612975392,425.1409395973154,1140.8165548098434,197.71364653243847,16.45413870246085,52.88598326804026,61.1648837382528,337.2192393736018,34.4496644295302,107.79029157465324,113.46566191856152,406826.3862497185,38618.0367855611,4874968.312104309,1452662.538198058,8910952.742729306,4209459.769574944,19515356.3310962,5418146.525498815,1797735.2117054441,8853700.058165548,4241581.944071588,12825714.39821029,1311145.81731264,1468141.3363015472,4175136.3691275166,286630.6241610738,0.1029082774049217,0.0,0.0,0.0,102.34451901565996,93.87919463087249,32151.739377052272,6459.131474412042,16.109619686800894,367.8501118568233,76.7985938881208,107.9519979887226,34764.602899391524,0.0044742729306487695,0.1029082774049217,0.20134228187919462,0.34451901565995524,0.2953020134228188,0.06487695749440715,0.0,0.20134228187919462,0.5279642058165548,90.0295908257047,52.88598326804026,107.79029157465324,0.0,0.0,0.0,0.0,0.0,0.0,5.389261744966443,425.1409395973154,4.485458612975392,1140.8165548098434,5969.901565995526,9771.845637583892,2.232662192393736,15.677852348993289,214144.1013003132,184437.49007649772,405123.9753914989,79749.78970917226,8297150.32698434,347705.90471577446,8622192.049217002,7900041.747203579,447,0.0,0
2018-03-01 01:28:00,7293.803695150115,10.803695150115473,16044574.189376444,4.799076212471132,3.74364896073903,413.9907621247113,940.1016166281755,195.35103926096997,23.170900692840647,58.32206169191686,57.94145589972286,350.6766743648961,45.61431870669746,112.74859767171594,111.51019127492147,189327.65559048273,21962.80353269556,3368808.6278847717,1722037.4010445727,8370605.907621247,2611131.9699769053,15997571.02078522,3855412.8588112635,2164524.9998033037,8408080.796766743,2661066.2794457274,10078690.993071593,1085216.7346608222,1542638.3926046058,4457971.6073903,263759.31870669744,0.05542725173210162,0.0,0.0,0.0,84.01847575057737,74.39260969976905,17008.64164569872,4949.9346718598545,23.170900692840647,378.7459584295612,82.1581853629007,108.33677225621015,33317.830120903025,0.0,0.05542725173210162,0.20323325635103925,0.3510392609699769,0.18013856812933027,0.050808314087759814,0.0,0.20323325635103925,0.6374133949191686,98.14346797034642,58.32206169191686,112.74859767171594,0.0,0.0,0.0,0.0,0.0,0.0,4.799076212471132,413.9907621247113,3.74364896073903,940.1016166281755,5803.732101616628,11397.886836027714,2.016166281755196,14.383371824480369,493499.86102420324,207437.84454924753,662363.5704387991,350379.4272517321,7429907.384702079,708574.1194150284,8122669.170900693,6846725.58660508,433,0.0,0
2018-03-01 01:29:00,9741.066852367689,9.381615598885794,14369316.796657382,5.075208913649025,4.64066852367688,367.2841225626741,1451.1838440111421,190.24233983286908,15.267409470752089,50.22975383763789,60.606790637526466,397.4512534818941,43.061281337047355,139.10149974885795,137.82905965011142,813842.7164246705,93252.71419720433,1853152.7549560072,1363690.0807365843,4885510.005571031,1133682.2256267408,14215414.364902508,2402843.146047883,1581734.3224658668,4781567.490250696,1214707.409470752,10552451.189415041,1454919.0924956824,996800.5115567558,3201830.9749303623,653921.5264623956,0.08913649025069638,0.0,0.0,0.0,96.93593314763231,98.74094707520891,88199.88749349018,5043.90421733381,15.22841225626741,413.4874651810585,89.78930467852368,130.9472349529025,48087.708957440715,0.008356545961002786,0.08913649025069638,0.18384401114206128,0.35376044568245124,0.2757660167130919,0.055710306406685235,0.0,0.18384401114206128,0.5654596100278552,104.73376279152367,50.22975383763789,139.10149974885795,0.0,0.0,0.0,0.0,0.0,0.0,5.075208913649025,367.2841225626741,4.64066852367688,1451.1838440111421,4432.969359331476,9030.052924791087,2.0473537604456826,15.465181058495821,111195.02706980502,65172.06662495702,177522.59052924791,64621.48189415042,4154880.154367688,594850.6062529356,4629294.771587743,3604472.9359331476,359,0.0,0
2018-03-01 01:30:00,6986.287593984963,10.203007518796992,15467334.287593985,4.9680451127819545,4.0394736842105265,368.65225563909775,1244.922932330827,182.0563909774436,19.68609022556391,53.77518491719925,56.67533283178759,375.94172932330827,37.44924812030075,126.6919332859831,129.50724379590977,168314.1563573155,28542.682988076336,1789604.3553534271,1729772.215723329,6862195.112781955,1025221.8571428572,14971277.815789474,2334538.9827624494,2046553.118291996,6710339.631578947,1177440.545112782,10608707.736842105,1069318.4788721222,1481256.4468358678,4377517.979323308,187740.64661654134,0.08458646616541353,0.0,0.0,0.0,87.04511278195488,82.3157894736842,23973.08979528846,4565.292478260564,19.68609022556391,393.4887218045113,87.26546265642857,119.02302169797932,42442.82562797228,0.0037593984962406013,0.08458646616541353,0.24436090225563908,0.3684210526315789,0.19924812030075187,0.046992481203007516,0.0,0.24436090225563908,0.6052631578947368,102.02684837304511,53.77518491719925,126.6919332859831,0.0,0.0,0.0,0.0,0.0,0.0,4.9680451127819545,368.65225563909775,4.0394736842105265,1244.922932330827,3573.6015037593984,8035.87030075188,1.9530075187969924,14.774436090225564,512515.1009225752,249773.40526703006,710741.0206766918,338920.6033834586,5999628.123618421,655763.160213664,6590420.97556391,5457965.994360902,532,0.0,0
2018-03-01 01:31:00,7712.426195426196,10.534303534303534,12901733.234927235,4.715176715176715,4.1808731808731805,318.84199584199587,1192.054054054054,162.17255717255716,21.255717255717254,51.97765081381913,50.072332389455305,373.1122661122661,40.74428274428274,132.15537283846984,132.04484388476715,179667.78598646907,30678.15341071183,1082576.083202323,1124699.8599650308,4231234.214137214,542934.4178794179,12647250.656964658,1494043.859310603,1341007.0215564684,4086967.771309771,577875.6424116424,11246517.286902286,1080515.8089618024,1053503.7622049218,3377411.9854469853,309321.70478170476,0.10187110187110188,0.0,0.0,0.0,91.57588357588358,87.45114345114345,27934.140137230872,2737.353871030002,18.573804573804573,385.72972972972974,86.12575387900831,119.01185461204157,41958.401254752185,0.004158004158004158,0.10187110187110188,0.19334719334719336,0.35343035343035345,0.21621621621621623,0.029106029106029108,0.0,0.19334719334719336,0.5883575883575883,101.54804388594386,51.97765081381913,132.15537283846984,0.0,0.0,0.0,0.0,0.0,0.0,4.715176715176715,318.84199584199587,4.1808731808731805,1192.054054054054,3866.068607068607,7945.970893970894,2.0228690228690227,14.910602910602911,119779.56792972973,28580.542684288797,157621.11642411642,100218.46777546777,3673326.0675821207,249069.57991705183,3910922.282744283,3426108.0914760916,481,0.0,0
2018-03-01 01:32:00,9452.683333333332,7.0055555555555555,16913083.877777778,6.344444444444444,4.205555555555556,598.7555555555556,742.7777777777778,310.80555555555554,11.205555555555556,75.14404546386666,101.66620363261111,509.6277777777778,16.944444444444443,112.47460104177777,180.2611984837222,27693.17854201474,16802.228741164945,3963980.22054,1438370.9712782712,7157866.061111111,3121752.5833333335,16284220.205555556,4396557.273012222,1638603.9337731043,7233062.772222222,3189495.316666667,7627360.788888888,1156806.6713281667,855782.1558957904,2404337.5833333335,428394.40555555554,0.03888888888888889,0.0,0.0,0.0,108.91111111111111,91.71111111111111,10420.180575762384,6382.048165778127,11.205555555555556,527.8777777777777,89.27355660816667,144.97571850072777,42947.69330112998,0.005555555555555556,0.03888888888888889,0.19444444444444445,0.5944444444444444,0.20555555555555555,0.06666666666666667,0.0,0.19444444444444445,0.3055555555555556,99.18201700750001,75.14404546386666,112.47460104177777,0.0,0.0,0.0,0.0,0.0,0.0,6.344444444444444,598.7555555555556,4.205555555555556,742.7777777777778,6058.433333333333,24920.316666666666,2.783333333333333,17.666666666666668,861295.5610216111,435248.00935759477,1206388.8555555556,559555.0722222222,5870493.208838888,690641.1133705808,6684738.4,5214677.077777778,180,0.0,0
2018-03-01 01:33:00,15337.142857142857,7.4714285714285715,12015622.276190476,4.714285714285714,3.357142857142857,365.2142857142857,628.6761904761905,189.97142857142856,13.495238095238095,52.45073939706666,60.40959533652381,311.46666666666664,16.29047619047619,78.41651812666667,109.68276831595239,871370.6544573777,106314.83353687289,3026332.0255239364,1303248.8952371646,5269711.576190476,2211052.980952381,11529743.457142858,3189105.921357619,1097388.9159694212,4802591.485714286,2326905.438095238,4858017.785714285,1601087.4934831907,309397.8131849582,2044095.638095238,1283089.6095238095,0.12857142857142856,0.0,0.0,0.0,88.72380952380952,71.4095238095238,85540.18891235901,20765.92851082011,13.219047619047618,325.2952380952381,66.23752881433333,91.36781770704286,28073.681098880435,0.004761904761904762,0.12857142857142856,0.0761904761904762,0.35714285714285715,0.44761904761904764,0.14761904761904762,0.0,0.0761904761904762,0.4380952380952381,75.7676684882,52.45073939706666,78.41651812666667,0.0,0.0,0.0,0.0,0.0,0.0,4.714285714285714,365.2142857142857,3.357142857142857,628.6761904761905,4758.742857142857,14587.861904761905,1.7714285714285714,17.80952380952381,500366.136349381,53533.77198372633,570572.5571428571,467929.56666666665,4479830.55952381,375754.8509691475,4926101.871428572,4122131.1761904764,210,0.0,0
2018-03-01 01:34:00,6904.568253968254,11.346031746031747,11533397.887301587,4.173015873015873,3.5047619047619047,277.14761904761906,1017.4492063492063,142.6174603174603,20.652380952380952,46.49082291711111,43.02312399750953,302.5492063492064,46.7968253968254,112.04357171850793,96.87641588446031,272782.46264289203,34540.40703319254,1165200.012799717,1288649.05396745,4774123.625396825,570049.6682539682,11201067.976190476,1506079.3958697303,1496094.3683498113,4609912.558730159,588672.2396825397,8665663.60952381,964315.8353550603,1016452.0985289041,2963416.765079365,260341.50634920635,0.050793650793650794,0.0,0.0,0.0,76.22222222222223,69.96825396825396,31442.764830828433,3087.473400366946,20.652380952380952,321.75873015873015,74.77402320737143,96.53426546269523,30553.311465216382,0.0031746031746031746,0.050793650793650794,0.2111111111111111,0.3253968253968254,0.16825396825396827,0.03015873015873016,0.0,0.2111111111111111,0.6317460317460317,90.67772748103174,46.49082291711111,112.04357171850793,0.0,0.0,0.0,0.0,0.0,0.0,4.173015873015873,277.14761904761906,3.5047619047619047,1017.4492063492063,3976.7825396825397,5715.447619047619,1.692063492063492,14.285714285714286,300129.42414498416,84126.62812306383,380935.546031746,244128.97619047618,4332259.374088889,169100.54592960523,4535797.677777777,4153476.0285714287,630,0.0,0
2018-03-01 01:35:00,6126.620396600567,8.80169971671388,19647361.725212466,7.90084985835694,8.008498583569406,580.1133144475921,4378.71388101983,272.4617563739377,14.46742209631728,67.78049587721813,88.15228995525213,584.7422096317281,30.291784702549574,177.3757734405949,212.50583272673086,153450.57344475633,11220.665323516623,2293504.6029812978,1292280.5458378857,6000413.192634561,1638622.252124646,19342062.07365439,2726003.1551301414,1519867.7081330125,5880217.994334278,1668217.685552408,14494983.889518414,1201869.5865510057,1249464.6259323074,3816476.3796033994,248966.611898017,0.06515580736543909,0.0,0.0,0.0,152.21529745042494,173.58640226628896,9203.860730927932,2015.508286389034,14.46742209631728,595.0226628895184,118.7604650398187,180.14360772162038,67229.74226154159,0.0,0.06515580736543909,0.3626062322946176,0.5750708215297451,0.11331444759206799,0.0226628895184136,0.0,0.3626062322946176,0.48725212464589235,132.55837883111613,67.78049587721813,177.3757734405949,0.0,0.0,0.0,0.0,0.0,0.0,7.90084985835694,580.1133144475921,8.008498583569406,4378.71388101983,5437.203966005665,18223.076487252125,3.4107648725212463,16.453257790368273,458257.69246260624,181823.25265509915,651899.1473087819,341545.31161473086,5235069.01965439,464740.3033424961,5645437.957507082,4758779.1813031165,353,0.0,0
2018-03-01 01:36:00,6005.528868360278,10.18013856812933,18149704.11547344,5.842956120092379,5.406466512702078,472.1270207852194,2119.903002309469,224.8729792147806,19.20323325635104,61.08041162583372,69.83345183169746,481.8845265588915,43.26789838337182,158.59003720618938,168.52648624650809,82884.38725360944,22969.030461904564,1582666.3949676675,1654769.8652780668,6369931.090069284,819621.8914549653,17980182.113163974,2158500.1423211317,2056065.6354046015,6386880.5912240185,872871.1570438799,14954466.31408776,1344801.5667215982,1672567.3542789551,4961025.443418014,288962.311778291,0.04157043879907621,0.0,0.0,0.0,109.22863741339492,114.30023094688222,19370.403650545846,3596.5132035693396,19.20323325635104,493.46420323325634,104.88609936644342,150.24326361249655,53692.86594459571,0.0023094688221709007,0.04157043879907621,0.27713625866050806,0.44110854503464203,0.14318706697459585,0.04157043879907621,0.0,0.27713625866050806,0.5750577367205543,120.53531015883603,61.08041162583372,158.59003720618938,0.0,0.0,0.0,0.0,0.0,0.0,5.842956120092379,472.1270207852194,5.406466512702078,2119.903002309469,5337.618937644342,13039.951501154734,2.69284064665127,15.150115473441108,252667.39273605082,241796.4618691877,502642.8521939954,90719.59122401847,5649711.08217321,377859.39580557606,6059823.260969977,5332803.503464203,433,0.0,0
2018-03-01 01:37:00,6127.565406976744,11.274709302325581,14986021.27616279,5.46656976744186,5.648982558139535,340.9113372093023,3067.0625,167.62572674418604,22.475290697674417,51.25848253039898,49.58808997980814,405.3154069767442,48.04360465116279,155.16901715013083,140.36072987827617,228788.1278452106,28562.309667967933,844604.9940437163,1221019.968448798,4885063.997819767,355279.8444767442,14697964.295784883,1279985.2696491273,1513059.7541972073,4697758.069040698,384706.8045058139,13757182.565406976,929090.5763425677,1404567.3840122803,4282383.398255814,84314.38081395348,0.05450581395348837,0.0,0.0,0.0,104.10174418604652,117.34302325581395,25967.999787933644,2588.6564401665296,22.463662790697676,416.2100290697674,99.56563768798546,131.80651410969259,51764.27474260647,0.006540697674418605,0.05450581395348837,0.25290697674418605,0.31468023255813954,0.18386627906976744,0.02688953488372093,0.0,0.25290697674418605,0.6656976744186046,117.9239750293205,51.25848253039898,155.16901715013083,0.0,0.0,0.0,0.0,0.0,0.0,5.46656976744186,340.9113372093023,5.648982558139535,3067.0625,3869.6678779069766,4777.545784883721,2.1969476744186047,14.049418604651162,109088.83850573402,75753.9735806712,201384.37572674418,61589.22529069767,4609583.172452762,97804.55818274617,4694547.804505814,4481888.497093023,1376,0.0,0
2018-03-01 01:38:00,7126.030222222223,10.992,14838572.679111112,4.697777777777778,4.619555555555555,320.2408888888889,1750.431111111111,163.7422222222222,19.41777777777778,47.40144847502756,48.93342026467289,410.2471111111111,49.001777777777775,151.46635259845334,143.0922663199769,181557.3237147056,23468.557454153863,1150834.3770700344,1270275.4236247325,5051330.533333333,614846.4968888889,14537284.180444444,1652100.3103369111,1508738.7079722385,4886311.8195555555,739666.6186666667,13086235.012444444,983002.5945325494,1382354.4786615693,4175584.9093333334,144396.1137777778,0.041777777777777775,0.0,0.0,0.0,88.92444444444445,96.06755555555556,19068.78080920859,4396.115876733943,19.39022222222222,414.23555555555555,94.81924106983999,131.83850747420445,50329.01768532463,0.0044444444444444444,0.041777777777777775,0.25333333333333335,0.312,0.20266666666666666,0.058666666666666666,0.0,0.25333333333333335,0.6773333333333333,111.8428017316889,47.40144847502756,151.46635259845334,0.0,0.0,0.0,0.0,0.0,0.0,4.697777777777778,320.2408888888889,4.619555555555555,1750.431111111111,4163.564444444444,6442.653333333334,2.089777777777778,14.129777777777777,124790.69676326223,85926.4695981906,245260.3262222222,74248.34666666666,4589980.081293333,258003.70589863215,4826771.908444445,4325039.021333333,1125,0.0,0
2018-03-01 01:39:00,11499.788774002955,9.957163958641063,13098003.41211226,4.450516986706056,3.6484490398818314,326.11669128508123,1071.9955686853766,143.7370753323486,17.816838995568684,45.41320052412556,43.60941488461891,317.84490398818315,35.805022156573116,110.47635329991138,109.1895492376514,393958.41939693014,68944.29312337092,1252035.9072620561,1320800.461917198,5389928.2156573115,701619.940915805,12927175.672082718,1666986.9439989938,1677139.7006434042,5309535.561299852,734569.0324963073,10477909.069423929,957704.1874823058,1296257.497521012,4112786.5642540623,295535.80502215656,0.11816838995568685,0.0,0.0,0.0,83.10192023633678,74.88330871491875,62545.06851489031,6392.465435135076,17.760709010339735,333.562776957164,75.55011795987149,101.90263989207385,36480.715212997064,0.019202363367799114,0.11816838995568685,0.16986706056129985,0.2658788774002954,0.33825701624815363,0.09453471196454949,0.0,0.16986706056129985,0.5760709010339734,89.87740322182127,45.41320052412556,110.47635329991138,0.0,0.0,0.0,0.0,0.0,0.0,4.450516986706056,326.11669128508123,3.6484490398818314,1071.9955686853766,3071.5612998522897,6922.550960118168,1.742983751846381,15.474150664697193,260685.06536159528,102702.0919140589,347735.3116691285,188024.9364844904,4885810.3812629245,364109.43997314945,5222640.496307238,4579821.586410635,677,0.0,0
2018-03-01 01:40:00,9997.398340248963,10.73997233748271,13139707.95988935,4.654218533886584,4.174273858921162,375.1853388658368,1230.0539419087138,171.36652835408023,17.023513139695712,48.04220841735684,51.110622754741364,340.6680497925311,39.44260027662517,109.02104755474411,111.67954626856155,582692.478277063,49409.579401453666,928801.9330539521,1378652.5473885045,5473974.986168741,417618.72890733054,12907136.26417704,1351359.25417544,1777410.2008895662,5474316.345781466,469301.030428769,11139948.338865837,800678.5885889253,1443801.043029277,4394487.92946058,97597.29045643154,0.09266943291839558,0.0,0.0,0.0,85.5878284923928,83.71784232365145,41750.40121568537,7652.84905607801,16.89073305670816,354.0594744121715,74.71219730885201,104.17051808588934,34008.317068547636,0.009681881051175657,0.09266943291839558,0.18533886583679116,0.2710926694329184,0.27247579529737204,0.06639004149377593,0.0,0.18533886583679116,0.648686030428769,89.24382605044813,48.04220841735684,109.02104755474411,0.0,0.0,0.0,0.0,0.0,0.0,4.654218533886584,375.1853388658368,4.174273858921162,1230.0539419087138,3194.217150760719,8363.80082987552,2.1009681881051177,14.544951590594744,172662.2991528354,112669.95814527206,293397.5753803596,100897.0428769018,5050172.815052559,269087.09011358046,5297257.513139696,4824492.677731673,723,0.0,0
2018-03-01 01:41:00,14452.298245614034,7.568922305764411,11755757.7518797,7.032581453634085,4.6992481203007515,539.0225563909775,702.2456140350877,217.1578947368421,11.37092731829574,57.2926648041604,71.13913940300752,384.6015037593985,17.040100250626566,89.42997794323308,133.5513180053634,59512.08643257409,76193.9463983902,2073658.0988845984,1221676.4408221932,5030944.298245614,1455699.679197995,11673167.27819549,2440198.873236842,1497908.7682825434,5054638.521303258,1492309.9598997494,6524522.045112782,858407.8717238597,832533.4231844008,2472184.6290726815,371536.31829573936,0.12781954887218044,0.0,0.0,0.0,133.00250626566415,99.24812030075188,72562.81558593272,3620.809096167153,11.37092731829574,399.9498746867168,72.12710314875189,111.16532544752631,33895.69448918815,0.03258145363408521,0.12781954887218044,0.16290726817042606,0.37343358395989973,0.40100250626566414,0.07268170426065163,0.0,0.16290726817042606,0.3233082706766917,82.08079901212531,57.2926648041604,89.42997794323308,0.0,0.0,0.0,0.0,0.0,0.0,7.032581453634085,539.0225563909775,4.6992481203007515,702.2456140350877,4978.077694235589,17050.817042606515,3.8596491228070176,17.63408521303258,660061.0737061905,107180.94110783297,748187.754385965,583824.1654135338,4468029.311802004,261912.65702416215,4763310.24310777,4238692.325814537,399,0.0,0
2018-03-01 01:42:00,5843.022116903633,11.336492890995261,13466802.300157977,8.802527646129542,12.502369668246445,819.7646129541864,12747.356240126383,192.98815165876778,21.56872037914692,56.69658720309874,58.5227768870387,414.7045813586098,51.85781990521327,156.34839013551658,141.40542014141784,833078.6045760203,42736.12345623039,772487.7324805126,1271735.2382933835,4974630.542654028,282251.54976303317,13161819.947077408,1213981.5310445798,1610730.202144124,4806437.576619273,316031.9849921011,12194112.838862559,890785.5210386832,1481637.9040321226,4384107.424170616,69385.89889415482,0.06240126382306477,0.0,0.0,0.0,166.9699842022117,250.4170616113744,40345.80899825523,2387.784305720203,20.372827804107423,427.8341232227488,102.42290419132148,136.72986533938862,52755.160588249884,0.008688783570300158,0.06240126382306477,0.24723538704581358,0.3167456556082148,0.1848341232227488,0.029225908372827805,0.0,0.24723538704581358,0.6824644549763034,120.15163711938071,56.69658720309874,156.34839013551658,0.0,0.0,0.0,0.0,0.0,0.0,8.802527646129542,819.7646129541864,12.502369668246445,12725.905213270142,3655.451816745656,6475.432859399684,2.585308056872038,14.164296998420221,115078.97219120062,68656.64631809368,214208.45655608215,74654.36966824645,4417323.714887836,405863.43296930054,4740550.163507109,4050205.6603475516,1266,0.0,0
2018-03-01 01:43:00,7799.075757575758,10.851515151515152,12008054.25909091,4.516666666666667,3.653030303030303,306.9227272727273,766.8227272727273,165.3530303030303,19.566666666666666,49.766902839016666,49.49118178976364,334.5272727272727,45.77272727272727,108.82958170258031,107.55402615486969,510466.60169207415,49040.5875759529,957124.0491211172,1048114.81320293,3706389.1,449520.3606060606,11891249.031818181,1368339.021819576,1268594.925782532,3642885.8015151517,471195.2803030303,9863539.266666668,865365.8881731515,1012733.8319547235,2821614.9833333334,128201.67424242424,0.07121212121212121,0.0,0.0,0.0,82.26666666666667,76.51515151515152,44228.11050640602,4810.397087688676,19.51969696969697,346.0151515151515,73.92996817781818,100.85943880609092,30017.150530408486,0.012121212121212121,0.07121212121212121,0.19393939393939394,0.31666666666666665,0.21515151515151515,0.06515151515151515,0.0,0.19393939393939394,0.6212121212121212,89.26803713030303,49.766902839016666,108.82958170258031,0.0,0.0,0.0,0.0,0.0,0.0,4.516666666666667,306.9227272727273,3.653030303030303,766.8227272727273,3382.478787878788,10198.454545454546,1.9772727272727273,14.472727272727273,160406.87088265154,130015.82124419637,264789.08181818185,69672.03333333334,3257755.7139454545,159321.41145309983,3430269.9075757577,3101386.3484848486,660,0.0,0
2018-03-01 01:44:00,7726.780693533271,10.652296157450797,15759462.297094658,4.94095595126523,4.672914714151828,333.84910965323337,1649.3411433926897,171.61761949390817,19.382380506091845,47.596325521199624,50.52984432649016,422.2136832239925,50.28209934395501,153.1165471201031,147.06528834042174,292423.98377973604,29336.333970257296,1355898.1561069821,1449386.2119409195,5260010.637300843,714435.1180880974,15475479.636363637,1839802.3204956064,1702687.2849184317,5088761.440487348,760724.8500468604,12878823.667291472,886932.0696773703,1248309.6367007445,3535011.764761012,69368.12558575445,0.059044048734770385,0.0,0.0,0.0,93.52202436738519,98.77038425492034,22570.13831075806,6760.620449920075,19.285848172446112,427.8434864104967,94.16487469393627,134.70886390337486,51255.29792763518,0.0028116213683223993,0.059044048734770385,0.23898781630740393,0.32146204311152765,0.21649484536082475,0.05435801312089972,0.0,0.23898781630740393,0.6541705716963448,111.18921849642831,47.596325521199624,153.1165471201031,0.0,0.0,0.0,0.0,0.0,0.0,4.94095595126523,333.84910965323337,4.672914714151828,1649.3411433926897,3335.8041237113403,6387.8247422680415,2.2193064667291473,14.417994376757264,118221.72404589504,71015.8530005073,205178.6419868791,74578.17432052483,4944780.94164761,109868.77502154933,5026942.933458295,4780432.578256795,1067,0.0,0
2018-03-01 01:45:00,9920.732079905993,9.665099882491187,14230498.638072856,4.99529964747356,4.192714453584019,361.5017626321974,1215.1257344300823,170.62514688601644,19.28789659224442,51.30211353453232,52.17227225421622,385.9882491186839,36.95417156286722,123.63860040781434,133.98098577608695,366002.85401322565,55248.05306591761,816923.6229139789,1413197.213098452,5231500.175088132,251656.45593419505,14021763.495887192,1292803.15107031,1809147.6165361393,5186320.991774383,260786.0035252644,12712615.705052879,1141820.8577936848,1620718.6721422276,4650171.924794359,163580.18331374854,0.11750881316098707,0.0,0.0,0.0,95.67097532314924,88.78025851938895,49817.346708154655,5422.640621942232,16.126909518213868,397.86251468860166,82.59636210050883,120.11093882831493,41942.28135807889,0.009400705052878966,0.11750881316098707,0.20681551116333724,0.32432432432432434,0.3196239717978848,0.05405405405405406,0.0,0.20681551116333724,0.5487661574618097,97.19183266531962,51.30211353453232,123.63860040781434,0.0,0.0,0.0,0.0,0.0,0.0,4.99529964747356,361.5017626321974,4.192714453584019,1215.1257344300823,4492.137485311398,8132.356051703878,2.0893066980023502,15.891891891891891,207122.50026814337,97201.44905987618,291006.2937720329,138851.09400705053,4758745.276156287,315585.7701190766,5032795.860164512,4491654.40893067,851,0.0,0
2018-03-01 01:46:00,12152.00396039604,8.982178217821783,12796104.897029703,6.217821782178218,6.675247524752475,498.33465346534655,5092.427722772277,193.4910891089109,24.76039603960396,62.341364130443566,57.73557963783564,363.8910891089109,30.683168316831683,115.15706820186931,124.27587614318614,146033.00903565428,48221.77024852478,1419090.4326918602,1221815.4159994305,4917509.182178218,860086.0712871287,12595349.207920792,1850473.3888364828,1435699.5490881673,4852236.8158415845,1007484.2,9473938.308910891,833798.3380831907,1106215.147425274,3371226.805940594,196386.15247524754,0.06336633663366337,0.0,0.0,0.0,116.64950495049504,138.00396039603962,41115.266582226745,7101.973012437721,20.653465346534652,383.360396039604,87.45133841941188,111.41748578999801,39623.035257157964,0.0039603960396039604,0.06336633663366337,0.18613861386138614,0.35247524752475246,0.299009900990099,0.07326732673267326,0.0,0.18613861386138614,0.49504950495049505,102.60809723722575,62.341364130443566,115.15706820186931,0.0,0.0,0.0,0.0,0.0,0.0,6.217821782178218,498.33465346534655,6.675247524752475,5092.427722772277,5306.710891089109,10867.839603960396,2.0752475247524753,15.738613861386138,293021.5336120792,131014.23271112425,439714.2831683168,208512.30495049505,4481566.0764158415,168454.99525722023,4642313.176237624,4331526.441584159,505,0.0,0
2018-03-01 01:47:00,10582.877551020409,9.45748299319728,14475860.198979592,5.214285714285714,4.365646258503402,507.9540816326531,1239.6955782312925,205.93537414965985,16.61904761904762,55.3321881302534,64.42568421811224,400.2448979591837,38.535714285714285,130.03668732367348,138.79925866624149,520002.84549176396,82092.95479980242,1526889.8087634859,1253808.1321115675,4690189.642857143,917238.8129251701,14311194.709183674,1986415.7412087924,1503197.26886697,4581619.994897959,942976.3095238095,11221367.037414966,1093169.381284995,1061007.2850662367,3058262.2465986395,307506.8214285714,0.1292517006802721,0.0,0.0,0.0,97.31292517006803,92.99319727891157,73523.46379866241,8559.374081143556,16.539115646258505,411.51020408163265,89.35062325882653,128.12194515383334,47373.719468275114,0.008503401360544218,0.1292517006802721,0.21428571428571427,0.31802721088435376,0.32142857142857145,0.061224489795918366,0.0,0.21428571428571427,0.5221088435374149,103.74022503632143,55.3321881302534,130.03668732367348,0.0,0.0,0.0,0.0,0.0,0.0,5.214285714285714,507.9540816326531,4.365646258503402,1239.6955782312925,3616.059523809524,9302.270408163266,2.302721088435374,15.619047619047619,181185.27594838437,168929.89464516568,333065.09523809527,64747.02380952381,4205952.918403061,232343.6916223612,4458803.363945578,3980987.7482993198,588,0.0,0
2018-03-01 01:48:00,14680.288571428571,7.951428571428571,11438870.148571428,5.5,5.414285714285715,487.7914285714286,2688.2914285714287,221.55142857142857,12.468571428571428,56.877767955057145,71.9463924912,386.0057142857143,22.85142857142857,108.93164224218286,131.02872434679713,426377.055959469,84486.81580069492,1188332.8846126476,770889.3343247112,2890768.7914285716,714554.9171428571,11397906.842857143,1526563.7639317142,881709.7505445373,2934247.8914285717,786707.1828571429,8079776.305714286,607314.9363057057,551511.9772513594,1631359.8257142857,165322.75714285715,0.13142857142857142,0.0,0.0,0.0,102.29714285714286,115.98857142857143,72885.88819508576,11587.853431880734,12.288571428571428,405.5657142857143,84.45619168914286,119.20667039840572,41460.01816620457,0.014285714285714285,0.13142857142857142,0.18571428571428572,0.4114285714285714,0.36,0.1457142857142857,0.0,0.18571428571428572,0.5142857142857142,95.32986633980572,56.877767955057145,108.93164224218286,0.0,0.0,0.0,0.0,0.0,0.0,5.5,487.7914285714286,5.414285714285715,2688.2914285714287,4025.1114285714284,15039.842857142858,2.38,17.81714285714286,434523.2858235428,179737.94593626115,721680.8371428571,332893.17714285717,2169633.1394942855,221511.22949643192,2405320.214285714,1930614.2485714285,350,0.0,0
2018-03-01 01:49:00,9494.12305516266,10.074964639321076,17186632.271570016,5.482319660537482,5.073550212164074,388.3338048090523,1949.1301272984442,187.7100424328147,18.492220650636494,51.227587297843,56.638461231910895,399.86280056577084,39.7029702970297,141.2698262565969,139.43691893671712,231908.02210059873,32248.115363996625,1548426.4468951626,1476714.8502302647,5884809.823196606,916179.748231966,17060083.465346534,2088839.2254057564,1863063.6797988685,5822903.857142857,948585.8613861386,14160608.516265912,1204559.3945133998,1479134.6626856765,4349849.326732674,266519.24611032533,0.09618104667609619,0.0,0.0,0.0,103.80763790664781,106.68175388967468,27991.872419433676,4248.4761085343425,17.806223479490807,416.36775106082035,91.53131836776946,128.4089825973239,47802.787714600345,0.002828854314002829,0.09618104667609619,0.24752475247524752,0.3635077793493635,0.2347949080622348,0.05799151343705799,0.0,0.24752475247524752,0.5813295615275813,106.4020184129307,51.227587297843,141.2698262565969,0.0,0.0,0.0,0.0,0.0,0.0,5.482319660537482,388.3338048090523,5.073550212164074,1949.1301272984442,4648.611032531825,8416.958981612446,2.3437057991513437,15.134370579915135,174707.8495849222,165296.7792848819,367607.11032531824,68676.83451202263,5287766.322623762,210811.3770143354,5508359.169731258,5093687.558698727,707,0.0,0
2018-03-01 01:50:00,7192.732631578948,10.178947368421053,15433291.549473684,5.162105263157895,4.578947368421052,465.68,1305.1873684210527,206.53052631578947,21.997894736842106,60.80158365503158,64.22896383666105,418.3515789473684,43.37684210526316,132.4637193315158,141.25136801034947,772511.0854894875,34747.994301748935,1438813.298347654,1347769.1113504402,5528711.616842105,821270.7031578948,14941104.050526315,1881110.2812507325,1558264.98974083,5092972.629473684,874078.0063157894,11760033.503157895,973190.5866935599,1421557.9750793986,4193859.6294736844,140412.05052631578,0.05894736842105263,0.0,0.0,0.0,92.85052631578948,94.71157894736842,31226.673361962192,3518.4308593809387,21.997894736842106,438.7473684210526,93.22992019530527,130.18524734326317,44731.084754910735,0.004210526315789474,0.05894736842105263,0.24842105263157896,0.3831578947368421,0.1957894736842105,0.023157894736842106,0.0,0.24842105263157896,0.6021052631578947,109.95220435113684,60.80158365503158,132.4637193315158,0.0,0.0,0.0,0.0,0.0,0.0,5.162105263157895,465.68,4.578947368421052,1305.1873684210527,4314.187368421052,10556.145263157894,2.218947368421053,15.073684210526316,494937.4295782106,210288.30645159903,660308.6968421052,346839.2947368421,4870597.460172631,340210.1058364173,5247755.023157895,4540403.581052631,475,0.0,0
2018-03-01 01:51:00,8828.11830357143,9.886160714285714,13754224.433035715,5.066964285714286,4.845982142857143,373.04017857142856,1524.4151785714287,184.5,15.352678571428571,51.521039376714285,59.83666737989063,348.31919642857144,38.098214285714285,107.3448700432433,113.67347061168303,311757.56378556724,40873.99254312553,1219548.3804943378,1543295.8094234553,5470539.381696428,530736.8191964285,13523175.93080357,1896677.918118973,1686193.8885600243,5337145.810267857,862983.6808035715,11957010.92857143,1568049.7473587657,1365779.0041426257,4565372.283482143,688777.8816964285,0.05357142857142857,0.0,0.0,0.0,98.35714285714286,100.01785714285714,36849.78964833972,4019.0957954439887,15.352678571428571,363.328125,74.47773474696429,107.49619645932366,33815.03873491414,0.017857142857142856,0.05357142857142857,0.234375,0.38169642857142855,0.234375,0.05803571428571429,0.0,0.234375,0.640625,87.5824624345692,51.521039376714285,107.3448700432433,0.0,0.0,0.0,0.0,0.0,0.0,5.066964285714286,373.04017857142856,4.845982142857143,1524.4151785714287,4707.265625,9642.424107142857,2.1026785714285716,15.973214285714286,143895.2607125,116580.13723389062,253249.64285714287,62209.747767857145,4607106.53509375,761736.1233126182,5185895.046875,3989757.4196428573,448,0.0,0
2018-03-01 01:52:00,9847.467509025271,9.667870036101084,14867699.617328519,5.0324909747292415,4.07942238267148,485.8375451263538,853.0848375451263,188.68772563176896,18.259927797833935,55.01488871288809,60.17321087041516,323.2184115523466,36.19314079422383,97.01076768268953,104.51925715384476,488932.84731566726,57249.15358361896,1667360.3644071855,1291466.4831371184,5537777.8122743685,1090512.2797833935,14728921.96931408,2132477.047604747,1614351.0158220958,5514142.250902527,1150464.0144404331,10300528.797833934,884537.7695308123,1365333.4894457466,3795744.2924187724,99947.56859205777,0.09025270758122744,0.0,0.0,0.0,87.42238267148015,84.08664259927798,52349.8401898665,4891.053536867357,18.25812274368231,354.60649819494586,73.66501964669676,101.96077305406499,30975.91703811478,0.009025270758122744,0.09025270758122744,0.2111913357400722,0.33935018050541516,0.27617328519855594,0.05956678700361011,0.0,0.2111913357400722,0.5487364620938628,87.6928344450668,55.01488871288809,97.01076768268953,0.0,0.0,0.0,0.0,0.0,0.0,5.0324909747292415,485.8375451263538,4.07942238267148,853.0848375451263,3187.476534296029,9083.20036101083,2.027075812274368,15.227436823104693,635330.5242136281,132244.32505469958,754341.546931408,542145.3050541516,4726258.841725632,510802.90160048957,5161569.397111913,4302804.416967509,554,0.0,0
2018-03-01 01:53:00,5864.432835820896,11.328358208955224,13863950.839552239,4.78544776119403,4.3190298507462686,367.53171641791045,925.5820895522388,185.30783582089552,22.416044776119403,55.26687153009701,54.42794474073321,344.93470149253733,46.259328358208954,110.37142277325187,108.95064351705224,401492.7456253865,49395.760966375376,1527249.4674850747,1462846.248282964,5372345.388059702,858003.3376865672,13628050.875,2025752.7499321045,1746182.699059622,5241404.39738806,916057.598880597,10744484.38619403,1110143.6633920541,1144961.0286271467,3490244.9850746267,343414.697761194,0.06529850746268656,0.0,0.0,0.0,90.91791044776119,88.74626865671642,46444.52228103178,2949.53123735733,22.41417910447761,355.7555970149254,78.67952924404851,102.01163050899254,31290.22025715174,0.013059701492537313,0.06529850746268656,0.17537313432835822,0.30597014925373134,0.17537313432835822,0.033582089552238806,0.0,0.17537313432835822,0.6753731343283582,95.1223265516306,55.26687153009701,110.37142277325187,0.0,0.0,0.0,0.0,0.0,0.0,4.78544776119403,367.53171641791045,4.3190298507462686,925.5820895522388,3925.8246268656717,10048.154850746268,2.0093283582089554,14.164179104477611,160834.61287699625,115568.79542170161,256358.75,80662.97014925373,4874971.596024253,258443.78868068676,5129825.51119403,4606143.253731343,536,0.0,0
2018-03-01 01:54:00,10620.528455284553,8.577235772357724,15165311.487804879,5.902439024390244,4.734417344173441,614.4607046070461,863.1056910569106,240.3170731707317,14.265582655826558,62.73034743112737,78.87223262199187,376.6368563685637,29.094850948509485,94.67683932879133,123.30496835994309,310477.348638337,54724.78997790051,1729849.2057225837,1767510.2410920276,5381371.192411924,784249.756097561,15069654.17886179,2399875.963646802,1905205.585869165,5389957.650406504,1084298.3143631436,9218769.745257452,1118868.164189431,1075335.5816966547,2850528.620596206,352778.8753387534,0.06504065040650407,0.0,0.0,0.0,100.21680216802169,99.2520325203252,51234.31367143832,3476.835230532954,14.262872628726287,405.2981029810298,75.36565316984282,113.14919998636586,32710.25333630993,0.018970189701897018,0.06504065040650407,0.21680216802168023,0.4146341463414634,0.2872628726287263,0.06504065040650407,0.0,0.21680216802168023,0.46883468834688347,87.0328256507019,62.73034743112737,94.67683932879133,0.0,0.0,0.0,0.0,0.0,0.0,5.902439024390244,614.4607046070461,4.734417344173441,863.1056910569106,4503.523035230352,15600.130081300813,2.3495934959349594,16.5420054200542,497308.9961698645,435758.95417240844,875884.4607046071,186840.84823848237,4490639.643962059,386492.8783702744,4868130.411924119,4098977.4227642277,369,0.0,0
2018-03-01 01:55:00,7167.847593582887,11.181818181818182,15248737.131016042,4.982620320855615,5.042780748663102,330.8529411764706,2195.664438502674,176.1818181818182,21.02807486631016,50.885827200224604,51.928063664528075,366.4852941176471,49.57620320855615,130.06071189100803,118.24539085852406,314742.70409190044,40961.892353137046,1409535.9200753802,1363975.9966538823,5178679.054812835,779253.1016042781,15026679.06684492,1930553.8782855412,1660056.1980583814,5056911.262032085,808859.1644385026,11985045.163101604,1039166.1885529278,1306872.4399021433,3851208.3395721926,158873.0280748663,0.053475935828877004,0.0,0.0,0.0,93.88235294117646,104.49732620320856,37510.39907010687,3446.5992073407097,20.94385026737968,378.4197860962567,85.9910225472139,113.84888494564439,38267.70893114825,0.0106951871657754,0.053475935828877004,0.23796791443850268,0.31016042780748665,0.17914438502673796,0.05080213903743316,0.0,0.23796791443850268,0.6631016042780749,102.70132033238637,50.885827200224604,130.06071189100803,0.0,0.0,0.0,0.0,0.0,0.0,4.982620320855615,330.8529411764706,5.042780748663102,2195.664438502674,3127.803475935829,8554.708556149733,2.1016042780748663,13.989304812834225,116811.22606549466,81775.4184069971,204191.69786096257,64154.39572192513,4466394.566372994,440457.22233467625,4843598.612299466,4039908.804812834,748,0.0,0
2018-03-01 01:56:00,7531.572602739726,9.221917808219178,15811631.961643836,5.6136986301369864,4.920547945205479,533.917808219178,910.8794520547946,224.84109589041097,16.33150684931507,60.24407696526027,71.49266394852056,398.172602739726,32.42191780821918,104.26231936863013,132.25849254569863,208395.50369535637,32568.226904366864,1715438.2461201288,1598978.282947816,5450972.136986301,886935.8876712329,15748142.561643835,2267763.096739443,1831809.3484687326,5432673.498630137,1013100.4657534247,10614033.180821918,1248940.1406485206,1349373.3071350488,3601405.282191781,361683.3452054795,0.0821917808219178,0.0,0.0,0.0,101.43561643835616,104.32876712328768,29597.30172045658,2968.417807996715,16.33150684931507,413.2849315068493,78.21169525355069,116.63744621553971,34776.56687842351,0.01643835616438356,0.0821917808219178,0.2191780821917808,0.4273972602739726,0.2136986301369863,0.049315068493150684,0.0,0.2191780821917808,0.5534246575342465,91.68054529201919,60.24407696526027,104.26231936863013,0.0,0.0,0.0,0.0,0.0,0.0,5.6136986301369864,533.917808219178,4.920547945205479,910.8794520547946,4322.216438356164,14345.917808219177,2.2684931506849315,16.12054794520548,572615.8350733424,124459.63914773511,774190.7780821918,469510.5479452055,4683585.912293151,386557.4134221352,5091906.632876712,4374032.375342466,365,0.0,0
2018-03-01 01:57:00,4629.702836004933,11.637484586929716,18287403.982737362,5.298397040690506,4.977805178791615,335.13810110974106,1903.9889025893958,173.3810110974106,22.74969173859433,50.65720165969914,49.61472124554377,386.1479654747226,57.9482120838471,144.3254590111714,125.20663287627497,222248.73357246615,16054.304390717683,1145212.930923679,1612593.0542853873,5977302.935881628,446946.8360049322,18080587.187422935,1717288.9182413744,2009963.5099865329,5855834.004932183,466672.8988902589,16276594.004932182,1309190.0171541714,1818751.6323289862,5215149.885326757,151599.728729963,0.03822441430332922,0.0,0.0,0.0,99.6498150431566,104.73982737361283,13569.95980482133,2480.3949279978815,22.711467324291,396.6818742293465,90.33782166766092,121.4217131274439,42860.28565985765,0.0036991368680641184,0.03822441430332922,0.2712700369913687,0.35141800246609123,0.11960542540073983,0.032059186189889025,0.0,0.2712700369913687,0.7127003699136868,108.15139200001725,50.65720165969914,144.3254590111714,0.0,0.0,0.0,0.0,0.0,0.0,5.298397040690506,335.13810110974106,4.977805178791615,1903.9889025893958,3319.2589395807645,6479.843403205919,2.210850801479655,14.046855733662145,338892.5628802096,146830.06825852554,478630.29223181255,240417.87916152898,5447142.726363749,273896.88014814444,5727024.302096178,5176956.768187423,811,0.0,0
2018-03-01 01:58:00,7392.5474452554745,10.592457420924575,18647675.777372263,5.706812652068127,5.751824817518248,396.67518248175185,2457.0851581508514,173.57542579075425,19.01824817518248,50.23772550609002,53.43914263717153,437.4014598540146,43.832116788321166,154.64851294892944,153.78798302821167,273206.2994906295,23369.139568639526,1384752.0254926293,1592201.2639143611,6679523.406326034,757668.1885644769,18468655.270072993,1965568.215439707,2029346.7311626798,6613569.384428224,815185.7226277372,16017839.847931873,1186844.33483495,1805901.9786373887,5571018.083941606,170132.37469586375,0.08637469586374696,0.0,0.0,0.0,108.16058394160584,119.48418491484185,20811.17380516939,2552.9555873621025,18.953771289537713,449.17031630170317,96.6932836234915,138.7444717432944,51854.29394359395,0.00851581508515815,0.08637469586374696,0.29075425790754256,0.36982968369829683,0.17153284671532848,0.0340632603406326,0.0,0.29075425790754256,0.6143552311435523,112.8954206407786,50.23772550609002,154.64851294892944,0.0,0.0,0.0,0.0,0.0,0.0,5.706812652068127,396.67518248175185,5.751824817518248,2457.0851581508514,3412.976885644769,6468.895377128953,2.383211678832117,14.62287104622871,185837.72077682117,122189.33293849685,329273.23600973235,104561.11557177616,6219134.751924574,225245.86947261757,6447640.036496351,6035957.299270073,822,0.0,0
2018-03-01 01:59:00,11226.497409326425,9.580310880829016,9298295.727979274,4.715025906735751,4.038860103626943,380.82901554404145,1415.238341968912,199.47668393782382,17.44300518134715,57.221155826629534,63.29931550490155,368.04145077720204,35.531088082901555,121.14060706955958,126.4225132926943,99671.75207591376,34517.406018851405,1285344.1410134637,1003100.0734240918,3930241.3756476683,775580.5803108808,9033914.437823834,1650426.752788748,1237980.5512002208,3970457.6735751294,807542.7150259067,5690769.194300518,903609.6457352436,727201.4638039938,2061948.1139896372,284681.7383419689,0.06994818652849741,0.0,0.0,0.0,86.11398963730569,81.80310880829016,27694.669455477862,6809.69626059848,17.409326424870468,382.0699481865285,85.55148311881607,114.94372511244819,38401.43540987493,0.0051813471502590676,0.06994818652849741,0.15803108808290156,0.36528497409326427,0.27202072538860106,0.10880829015544041,0.0,0.15803108808290156,0.5569948186528497,99.7658545323886,57.221155826629534,121.14060706955958,0.0,0.0,0.0,0.0,0.0,0.0,4.715025906735751,380.82901554404145,4.038860103626943,1415.238341968912,4227.678756476684,13482.17098445596,1.7875647668393781,15.7720207253886,286823.81494126946,240608.42257260758,485973.085492228,122745.31865284975,3054493.7416943004,606802.6648509067,3639290.89119171,2492675.595854922,386,0.0,0
2018-03-01 02:00:00,16201.301948051949,7.090909090909091,9966028.779220778,4.461038961038961,2.8344155844155843,353.5551948051948,476.92857142857144,195.5616883116883,8.590909090909092,51.26527208423701,65.17264158172078,319.7987012987013,15.12012987012987,73.78522388818182,110.81819296155845,897106.3454551128,111293.71062216973,2077039.1037874904,1005566.5531939289,4238918.4902597405,1521104.2954545454,9715547.957792208,2449229.551053247,1189508.6912969395,4285609.548701298,1594887.4448051949,5127502.48051948,896574.720587987,581711.3212484359,1873334.4707792208,439678.7272727273,0.18831168831168832,0.0,0.0,0.0,82.24675324675324,61.675324675324674,99192.58479110336,12093.6973243866,8.441558441558442,336.05194805194805,62.04847198170779,94.14967053884091,26583.840726121336,0.01948051948051948,0.18831168831168832,0.12987012987012986,0.34415584415584416,0.4935064935064935,0.14935064935064934,0.0,0.12987012987012986,0.36038961038961037,70.96030290354871,51.26527208423701,73.78522388818182,0.0,0.0,0.0,0.0,0.0,0.0,4.461038961038961,353.5551948051948,2.8344155844155843,476.92857142857144,3161.4805194805194,14369.487012987012,1.8571428571428572,18.16883116883117,278749.8863000649,287780.85193474684,531494.2272727273,76848.8538961039,3741019.5706915585,226969.48889928253,3981168.8311688313,3538264.1233766233,308,0.7564935064935064,1
2018-03-01 02:01:00,7778.462484624846,10.971709717097172,17210060.49200492,5.191881918819188,4.605166051660516,376.6150061500615,1726.120541205412,170.12423124231242,20.309963099630995,50.01162716897417,50.35546296478106,370.9840098400984,42.28659286592866,129.48019755364083,126.10192343006149,275852.54057464877,29599.4253351214,1289528.5644966797,1450201.733881792,5710059.473554736,668881.9938499385,17042479.637146372,1797402.6677269137,1835357.4658604455,5619624.730627307,679444.5731857319,14614577.055350553,1194116.5934879608,1631184.7439527554,4666509.018450185,168213.8917589176,0.1008610086100861,0.0,0.0,0.0,96.35916359163592,96.15252152521525,26621.479416332273,2970.6288838750384,20.309963099630995,386.2275522755228,86.2597646203444,116.21503540760641,40802.03126946182,0.01107011070110701,0.1008610086100861,0.22755227552275523,0.3025830258302583,0.2140221402214022,0.04305043050430504,0.0,0.22755227552275523,0.5904059040590406,101.85348029622386,50.01162716897417,129.48019755364083,0.0,0.0,0.0,0.0,0.0,0.0,5.191881918819188,376.6150061500615,4.605166051660516,1726.120541205412,2888.9249692496924,7192.351783517835,2.220172201722017,14.238622386223863,236117.34071697417,108399.76153308118,359052.34932349325,168474.55350553506,5237943.296784747,286537.91090390814,5531113.131611316,4905363.907749077,813,0.7023370233702337,1
2018-03-01 02:02:00,7627.333333333333,7.890350877192983,11079355.114035089,5.741228070175438,4.293859649122807,517.7061403508771,891.9824561403509,280.61842105263156,10.710526315789474,69.54553280807018,91.61379446635965,511.2894736842105,24.75438596491228,121.07991080061403,176.5476308809649,43908.578850103164,8922.487351292795,1960801.111423054,933354.1522472407,4389807.350877193,1484211.4385964912,11073543.763157895,2363263.7062236844,1172700.4229901182,4457524.578947368,1503763.75877193,6941615.486842105,1054099.7954571622,771135.5572211742,2485391.1052631577,554076.6447368421,0.013157894736842105,0.0,0.0,0.0,109.43859649122807,92.71929824561404,7431.119543652543,1491.367807853794,10.710526315789474,513.2850877192982,88.51044127447368,142.60760192364035,42671.01997141448,0.0,0.013157894736842105,0.2324561403508772,0.6052631578947368,0.17543859649122806,0.043859649122807015,0.0,0.2324561403508772,0.34649122807017546,99.64682409999999,69.54553280807018,121.07991080061403,0.0,0.0,0.0,0.0,0.0,0.0,5.741228070175438,517.7061403508771,4.293859649122807,891.9824561403509,6052.622807017544,24159.02192982456,2.6359649122807016,17.80701754385965,439284.82599842106,379448.86708933767,712180.3114035088,171332.84210526315,3454970.8819429823,277523.1787417692,3789642.201754386,3202376.013157895,228,0.5789473684210527,1
2018-03-01 02:03:00,8023.486486486487,10.62993762993763,17102111.32016632,5.3180873180873185,4.742203742203742,385.18503118503116,1725.1226611226612,179.47193347193348,21.83160083160083,55.831484716810806,54.534013484363825,396.5072765072765,43.016632016632016,136.6710275462786,135.98875065689398,107104.69249862431,12206.782853854585,1761915.5096115044,1480774.8617130062,6185093.16008316,1068761.501039501,16971602.08731809,2289922.063592285,1865048.6661319681,6173851.029106029,1095778.9272349272,13452518.758835759,1319638.7328507588,1533165.3114937916,4660857.126819127,351279.92515592516,0.058212058212058215,0.0,0.0,0.0,96.85654885654886,97.45530145530145,7015.729393877009,5186.296744659477,21.83160083160083,403.76299376299374,92.23642909199584,122.38316239236174,42808.52764640654,0.004158004158004158,0.058212058212058215,0.19334719334719336,0.35135135135135137,0.18503118503118504,0.05405405405405406,0.0,0.19334719334719336,0.5841995841995842,108.494683477526,55.831484716810806,136.6710275462786,0.0,0.0,0.0,0.0,0.0,0.0,5.3180873180873185,385.18503118503116,4.742203742203742,1725.1226611226612,3682.02079002079,10062.280665280665,2.1164241164241164,14.461538461538462,226883.84976683994,180812.27980252128,453266.23908523907,111050.53222453223,5401037.583638254,481823.3184415744,5973346.931392931,4925936.349272349,481,0.45322245322245325,1
2018-03-01 02:04:00,6981.141955835962,10.555205047318612,11681492.38170347,4.296529968454259,3.5741324921135647,315.2712933753943,978.2776025236593,169.00157728706625,17.960567823343847,49.98258710282808,51.752522209955835,349.73186119873816,39.47791798107256,112.33305057712934,117.78779480103785,215501.27571102572,29748.328642382203,1319699.568487422,1006600.0119918527,3961355.714511041,821859.0094637224,11635890.260252366,1697093.3340328548,1234397.6653594638,3962119.3958990537,853821.7933753943,9222559.197160883,789166.2714198675,980931.4660185322,2812832.5630914825,137923.190851735,0.10252365930599369,0.0,0.0,0.0,82.10094637223975,73.84858044164038,26137.263323707306,3605.2912354681703,17.960567823343847,358.2129337539432,77.19114302305994,105.51245116255521,33921.57674320529,0.006309148264984227,0.10252365930599369,0.2476340694006309,0.34858044164037855,0.20977917981072555,0.04416403785488959,0.0,0.2476340694006309,0.5741324921135647,91.80458829734226,49.98258710282808,112.33305057712934,0.0,0.0,0.0,0.0,0.0,0.0,4.296529968454259,315.2712933753943,3.5741324921135647,978.2776025236593,3797.9526813880125,9850.65141955836,1.944794952681388,15.160883280757098,179668.0466651104,75170.76522758028,246796.6072555205,129111.45110410094,3590341.739102524,178987.6435871054,3753824.7902208203,3421901.6593059935,634,0.8264984227129337,1
2018-03-01 02:05:00,8519.793010752688,9.981182795698924,14432577.51075269,5.696236559139785,5.190860215053763,447.4193548387097,1772.6048387096773,213.05913978494624,16.397849462365592,58.63167068233333,68.89932743433064,474.5833333333333,38.40860215053763,150.71782741435484,169.19955696314514,85638.55775880355,22796.157813596143,1351443.1755026935,1435186.9712284503,5154980.373655914,645894.4758064516,14151350.274193548,1902815.0568774461,1809567.0093042927,5190097.9677419355,696691.7231182796,11299620.4327957,1322477.7825555403,1257037.2315631085,3901459.876344086,436282.43279569893,0.08870967741935484,0.0,0.0,0.0,104.38709677419355,107.9247311827957,17980.634888757682,4814.292828560457,16.397849462365592,482.241935483871,98.21701591258065,143.65026025374732,48863.14184216724,0.002688172043010753,0.08870967741935484,0.2446236559139785,0.40053763440860213,0.20161290322580644,0.05913978494623656,0.0,0.2446236559139785,0.5268817204301075,113.20460834923387,58.63167068233333,150.71782741435484,0.0,0.0,0.0,0.0,0.0,0.0,5.696236559139785,447.4193548387097,5.190860215053763,1772.6048387096773,4639.2338709677415,13748.22311827957,2.3844086021505375,15.150537634408602,263029.37484129035,221798.19281647337,440358.1048387097,109860.54301075269,4424785.617018817,436563.68287327164,4854837.852150538,4024359.129032258,372,0.3629032258064516,1
2018-03-01 02:06:00,11099.866666666667,8.250793650793652,11069004.650793651,4.787301587301587,3.292063492063492,400.9428571428571,716.3079365079365,219.57142857142858,12.161904761904761,57.55467741571111,70.72082563184127,412.2984126984127,21.885714285714286,105.87427303755555,145.44907670298412,172074.17313118567,48566.60256317439,2420846.8059877576,930922.2216278078,4768736.733333333,1933058.1746031747,11016743.244444445,2733378.2505549206,1122486.3773651663,4803757.187301587,1979238.5873015872,5711213.774603175,752012.1699438222,756567.8086086272,2219310.5682539684,301591.7968253968,0.11428571428571428,0.0,0.0,0.0,88.24126984126984,68.5968253968254,42407.33287943659,6144.742824153149,12.161904761904761,420.37142857142857,78.08530920204127,118.64915016249208,37191.1694373943,0.006349206349206349,0.11428571428571428,0.2253968253968254,0.44761904761904764,0.28253968253968254,0.06666666666666667,0.0,0.2253968253968254,0.37777777777777777,89.23657974168253,57.55467741571111,105.87427303755555,0.0,0.0,0.0,0.0,0.0,0.0,4.787301587301587,400.9428571428571,3.292063492063492,716.3079365079365,4514.68253968254,17218.31746031746,2.0285714285714285,17.09206349206349,365582.0132689841,233726.41228818218,576851.726984127,203756.17460317462,4089089.202984127,259037.8540981623,4408180.765079365,3849014.057142857,315,0.5650793650793651,1
2018-03-01 02:07:00,4853.879919273461,11.953582240161452,15430909.544904137,4.882946518668012,4.648839556004036,315.4550958627649,1563.9747729566095,155.803229061554,22.75378405650858,48.53571638271947,44.555909765901106,397.64581231079717,51.342078708375375,145.7824442326438,135.43311786012512,134945.02137645008,10390.824525796124,978036.1272257689,1431638.408316495,5260928.481331988,373211.64984863775,15214649.786074672,1531145.773490434,1758094.1111057918,5217156.667003027,476391.0635721493,13611531.526740666,1165252.005016418,1482570.7606062582,4415401.876892028,234097.93138244198,0.05852674066599395,0.0,0.0,0.0,90.49445005045409,95.14026236125126,7463.426712302589,2921.856791223963,22.677093844601412,403.510595358224,90.74779524480626,123.53762057343693,44612.03452287764,0.0,0.05852674066599395,0.260343087790111,0.30978809283551967,0.12714429868819374,0.03128153380423814,0.0,0.260343087790111,0.6942482341069627,108.38382700690919,48.53571638271947,145.7824442326438,0.0,0.0,0.0,0.0,0.0,0.0,4.882946518668012,315.4550958627649,4.648839556004036,1563.9747729566095,2855.7396569122097,6356.191725529768,2.0978809283551967,13.271442986881937,150219.5037242886,103860.88558784763,270262.83148335014,84573.78102926337,4804601.151350151,257951.52504961958,5067139.223007063,4554815.607467205,991,0.7124117053481333,1
2018-03-01 02:08:00,9138.216560509554,10.495222929936306,15250775.234076433,5.321656050955414,4.68312101910828,378.38057324840764,1617.6050955414012,190.79936305732485,18.28503184713376,53.42777476133758,57.651980522487264,425.4331210191083,37.788216560509554,137.10880781820063,147.12017892148089,541811.0537111927,55772.61846098928,1028863.2739317144,1382668.1385571319,5315685.748407643,445568.55732484075,15091559.796178345,1486028.942745855,1742433.977905474,5208095.350318471,449642.178343949,13010324.234076433,952922.4526478265,1484478.4036265276,4330220.964968153,71150.9872611465,0.07802547770700637,0.0,0.0,0.0,98.02547770700637,96.98089171974522,48200.166175747014,7564.437067566164,18.186305732484076,433.2738853503185,90.70047195202707,129.06139653717995,46092.08389827231,0.009554140127388535,0.07802547770700637,0.2643312101910828,0.3630573248407643,0.20063694267515925,0.06528662420382166,0.0,0.2643312101910828,0.5764331210191083,105.53406309292515,53.42777476133758,137.10880781820063,0.0,0.0,0.0,0.0,0.0,0.0,5.321656050955414,378.38057324840764,4.68312101910828,1617.6050955414012,4051.4140127388537,10936.523885350318,2.3917197452229297,14.815286624203821,297206.47135385347,140752.3263389761,419679.33121019107,199630.3805732484,4843462.659898089,197315.9485256843,5033448.1751592355,4595252.218152867,628,0.5796178343949044,1
2018-03-01 02:09:00,14129.859531772576,7.377926421404682,15095850.39464883,5.662207357859532,4.575250836120401,539.6588628762541,869.2374581939799,272.10367892976586,10.20401337792642,67.80125469458862,89.65109499189967,463.190635451505,13.642140468227424,104.44826010244148,165.0067690994983,379114.44441150874,69174.37844280245,3069216.379378002,1417536.3700217817,6304176.247491639,2315182.0434782607,14598389.49832776,3553775.102337087,1640382.266843968,6171032.792642141,2393608.0903010033,8721029.24749164,1485925.5050966556,1120767.3047206907,3358880.722408027,731460.618729097,0.07357859531772576,0.0,0.0,0.0,110.19397993311037,98.5685618729097,61856.145900791395,7313.641277849224,10.20401337792642,476.38461538461536,83.34187053297994,132.04953230287626,40652.11379761247,0.0033444816053511705,0.07357859531772576,0.22408026755852842,0.48494983277591974,0.32441471571906355,0.12040133779264214,0.0,0.22408026755852842,0.38127090301003347,92.42867678286622,67.80125469458862,104.44826010244148,0.0,0.0,0.0,0.0,0.0,0.0,5.662207357859532,539.6588628762541,4.575250836120401,869.2374581939799,6292.214046822743,22498.351170568563,2.5384615384615383,17.93979933110368,207029.91963615382,204053.22033613874,374170.6755852843,63880.28762541806,5261473.741722409,525104.8507361935,5788111.401337793,4734274.715719064,299,0.6956521739130435,1
2018-03-01 02:10:00,9932.608490566037,10.221698113207546,11773847.702830188,4.885220125786163,4.30503144654088,340.7311320754717,1893.756289308176,170.73427672955975,16.98427672955975,50.0021335983805,52.66157055511006,358.7138364779874,35.44496855345912,115.30625127694968,122.9649812365566,209109.84322323347,55163.73264516494,1255744.8239337548,1040612.169763535,4426705.63836478,786249.3647798742,11599932.411949685,1606448.005150802,1295737.4895559691,4362882.238993711,810823.6053459119,9418761.342767296,806172.7297736997,1120811.3388012059,3287111.6493710694,92506.6210691824,0.11949685534591195,0.0,0.0,0.0,92.23270440251572,88.81132075471699,51072.43818122557,4083.3800663525817,16.92452830188679,366.4512578616352,78.68158255250628,108.39499664514624,35743.45008858093,0.009433962264150943,0.11949685534591195,0.2028301886792453,0.3113207547169811,0.2783018867924528,0.05660377358490566,0.0,0.2028301886792453,0.550314465408805,92.97724471183963,50.0021335983805,115.30625127694968,0.0,0.0,0.0,0.0,0.0,0.0,4.885220125786163,340.7311320754717,4.30503144654088,1893.756289308176,3522.0330188679245,10488.301886792453,2.0,15.238993710691824,199880.36608083334,138927.79907301886,313525.2342767296,103092.71698113208,3969907.168562893,244034.0426074563,4207767.349056603,3734072.2955974843,636,0.800314465408805,1
2018-03-01 02:11:00,6294.301043219076,10.713859910581222,14959013.388971685,5.473919523099851,4.75558867362146,518.3397913561848,1194.7004470938898,228.16691505216096,18.59612518628912,60.11410516650968,70.72903617545752,414.6527570789866,41.034277198211626,132.11828407122206,141.49186141898508,113776.35459131048,27507.618610666756,989180.9204894527,1257383.8024728382,4755005.548435171,456823.1266766021,14711115.561847989,1445028.4345010836,1569434.4088705643,4615915.733233979,490442.2056631893,12918591.59314456,1083349.4499955752,1444587.2361658672,4050502.3725782414,186575.24590163934,0.07302533532041729,0.0,0.0,0.0,102.99850968703427,99.7913561847988,24363.903968652598,3139.622873932881,18.539493293591654,434.14157973174366,90.33137172070045,128.95604276742176,43792.35377169791,0.007451564828614009,0.07302533532041729,0.2563338301043219,0.36363636363636365,0.18181818181818182,0.038748137108792845,0.0,0.2563338301043219,0.6095380029806259,105.81324052637855,60.11410516650968,132.11828407122206,0.0,0.0,0.0,0.0,0.0,0.0,5.473919523099851,518.3397913561848,4.75558867362146,1194.7004470938898,3890.026825633383,10090.45305514158,2.4664679582712368,14.742175856929956,243152.54847338746,106049.20895560557,371344.45305514155,177852.6259314456,4305387.881241431,215346.5356442102,4512559.512667661,4027613.3278688523,671,0.834575260804769,1
2018-03-01 02:12:00,8044.114967462039,9.79175704989154,16202857.015184382,5.72234273318872,5.273318872017353,451.8416485900217,2568.6268980477225,211.763557483731,18.0412147505423,56.98738086665076,65.38536677108459,396.527114967462,36.66377440347072,132.1862289821692,135.204366515141,203050.87812580285,37653.228041922375,1940688.2408501315,1212571.324661641,4705445.381778742,1265797.3796095445,16139566.60086768,2343616.9532124726,1431308.3264993795,4707758.555314533,1296997.2277657266,11469523.3340564,920138.8701454881,868858.3941265622,2551845.3470715834,269136.9284164859,0.08893709327548807,0.0,0.0,0.0,107.26247288503254,113.84815618221258,32599.487478337152,5048.777482576866,18.0412147505423,409.11930585683297,93.26028443154013,123.91444700584815,44354.51287679446,0.006507592190889371,0.08893709327548807,0.22559652928416485,0.368763557483731,0.2386117136659436,0.06724511930585683,0.0,0.22559652928416485,0.5227765726681128,107.19775110835141,56.98738086665076,132.1862289821692,0.0,0.0,0.0,0.0,0.0,0.0,5.72234273318872,451.8416485900217,5.273318872017353,2568.6268980477225,4111.253796095445,11919.965292841649,2.577006507592191,15.401301518438178,314756.09697633405,103229.74402335584,428087.37310195225,246840.76138828634,4020199.991505423,369206.66088542796,4386182.232104122,3549178.4056399134,461,0.6529284164859002,1
2018-03-01 02:13:00,13684.488095238095,8.294642857142858,14059033.577380951,6.904761904761905,5.595238095238095,534.7053571428571,1082.6875,229.16369047619048,9.386904761904763,55.420932688779764,74.5076327877113,426.0863095238095,24.601190476190474,108.0786184378869,147.32013232585416,164026.6794050674,45277.00769581691,1709978.1192636518,1381595.1250915276,5223266.779761905,1028320.318452381,13371326.080357144,2092795.7680724405,1590570.2144889492,4934003.931547619,1042922.7261904762,10664341.50892857,1536470.8620328482,1342172.9943433632,3914900.3571428573,549991.5446428572,0.09821428571428571,0.0,0.0,0.0,129.67857142857142,117.8452380952381,40199.497201876424,5073.424815372178,9.25,435.63392857142856,75.67095900447619,123.46325813777975,38382.48150932101,0.0,0.09821428571428571,0.23214285714285715,0.4255952380952381,0.3244047619047619,0.07738095238095238,0.0,0.23214285714285715,0.5178571428571429,86.70821529660714,55.420932688779764,108.0786184378869,0.0,0.0,0.0,0.0,0.0,0.0,6.904761904761905,534.7053571428571,5.595238095238095,1082.6875,5248.800595238095,17294.782738095237,3.4226190476190474,17.345238095238095,373550.7798059226,307254.66714206035,609090.8035714285,160842.66666666666,4532151.563991072,332779.5925520447,4817793.074404762,4232537.931547619,336,0.7767857142857143,1
2018-03-01 02:14:00,7485.617683686177,11.022415940224159,17287897.264009964,6.394769613947696,5.444582814445828,1644.4831880448319,1647.4209215442092,165.27521793275218,20.59651307596513,50.45779015576588,48.257733046833124,410.8318804483188,44.028642590286424,144.64338902398507,143.18491788078455,292877.6740263631,32135.56980280609,1084880.0202580881,1573367.8182123988,6056023.161892901,436336.50311332504,17252311.414694894,1648739.8427702154,2029332.131303086,6052646.384806974,450426.44956413447,15343262.9875467,1182535.341485949,1767676.173049052,5220663.270236612,131917.52303860523,0.0896637608966376,0.0,0.0,0.0,107.79078455790784,103.11830635118307,28852.982620888877,3276.3187422952474,20.59651307596513,419.21544209215443,92.03184435534247,127.8439885248132,46197.878299086806,0.0037359900373599006,0.0896637608966376,0.23536737235367372,0.33997509339975096,0.1855541718555417,0.031133250311332503,0.0,0.23536737235367372,0.5902864259028643,108.70437274537983,50.45779015576588,144.64338902398507,0.0,0.0,0.0,0.0,0.0,0.0,6.394769613947696,1644.4831880448319,5.444582814445828,1647.4209215442092,3479.53300124533,6488.880448318804,3.6201743462017433,14.391033623910337,82264.82026479451,63870.60388177896,165941.9613947696,43400.58904109589,5588416.576946451,349741.81322966935,5910726.95516812,5256122.874221669,803,0.5579078455790785,1
2018-03-01 02:15:00,5821.458333333333,10.425,22164974.841666665,11.366666666666667,9.188888888888888,710.0527777777778,2674.133333333333,200.85555555555555,20.725,56.128251771972224,59.594434828472224,393.2472222222222,41.225,133.89015138338888,130.71146806544445,100813.79893706004,10553.33245543354,2515423.9717501854,1778190.9356841836,7917503.047222222,1782708.961111111,22067926.86388889,3140247.013483639,2306335.111262884,7831436.527777778,1798677.677777778,16297611.486111112,1390760.6225303055,1909397.3960608265,5488529.680555556,305692.5027777778,0.06111111111111111,0.0,0.0,0.0,214.1888888888889,187.85555555555555,6595.659181174767,3955.131073973264,20.619444444444444,408.8777777777778,94.00181822500001,121.98012193103611,43473.09159588214,0.0,0.06111111111111111,0.18055555555555555,0.36666666666666664,0.16666666666666666,0.03888888888888889,0.0,0.18055555555555555,0.6111111111111112,109.17786787805557,56.128251771972224,133.89015138338888,0.0,0.0,0.0,0.0,0.0,0.0,11.366666666666667,710.0527777777778,9.188888888888888,2674.133333333333,3583.5777777777776,9157.094444444445,7.447222222222222,14.266666666666667,556568.6970981389,61276.470195098584,633125.9222222222,518917.9666666667,7253206.010433333,473004.2059705083,7708655.311111111,6715595.208333333,360,0.6666666666666666,1
2018-03-01 02:16:00,10413.430678466077,10.141592920353983,14202733.802359883,6.758112094395281,5.713864306784661,2030.4365781710915,2449.34808259587,188.08849557522123,31.315634218289084,63.92523505994101,52.58298146330384,321.08554572271385,44.24188790560472,117.32570596855459,102.41840625156341,158017.06932864065,36141.95455499371,1331793.8232611788,1238552.6750057042,4780176.256637168,743512.1651917404,13998508.92920354,1771172.9336778761,1591451.7466889068,4796237.648967552,753747.3421828909,11014168.728613568,996243.912259469,1115248.9147081804,3409384.138643068,268040.39528023597,0.06489675516224189,0.0,0.0,0.0,97.51032448377582,102.66666666666667,27612.61479453487,8523.940398205697,30.817109144542773,337.99705014749264,92.46715055902655,97.3955065940413,33623.10048763086,0.0058997050147492625,0.06489675516224189,0.09734513274336283,0.28023598820059,0.2536873156342183,0.11504424778761062,0.0,0.09734513274336283,0.5870206489675516,111.73177724353982,63.92523505994101,117.32570596855459,0.0,0.0,0.0,0.0,0.0,0.0,6.758112094395281,2030.4365781710915,5.713864306784661,2449.34808259587,3224.4542772861355,9111.433628318584,3.8289085545722714,14.123893805309734,223014.17658817107,193409.90356137257,451881.0324483776,95537.98820058997,3990489.488483776,537867.4238225141,4532335.601769911,3465028.581120944,339,0.6814159292035398,1
2018-03-01 02:17:00,8985.043624161073,10.466442953020135,16364732.29362416,7.157718120805369,6.6124161073825505,550.9865771812081,3366.06711409396,161.78859060402684,22.209731543624162,54.87405797821644,48.59358048722315,319.246644295302,43.783557046979865,110.96804154052013,102.24388798083892,983800.2249925137,92152.1242863764,1283766.3686010917,1665284.5995498344,6251586.872483222,605531.6610738256,16119317.869127518,1889783.83091872,2038950.1472972636,6185949.536912751,737049.3775167785,13643948.308724832,1366238.1197560537,1828093.518075962,5220092.098993288,336104.5536912752,0.13590604026845637,0.0,0.0,0.0,134.6979865771812,132.59060402684563,87390.9083122094,4748.93151545023,19.95469798657718,341.2063758389262,81.71964701251174,102.44306084101007,33855.863516446356,0.008389261744966443,0.13590604026845637,0.13590604026845637,0.2751677852348993,0.2902684563758389,0.02348993288590604,0.0,0.13590604026845637,0.5553691275167785,98.04705422575503,54.87405797821644,110.96804154052013,0.0,0.0,0.0,0.0,0.0,0.0,7.157718120805369,550.9865771812081,6.6124161073825505,3366.06711409396,2717.692953020134,6348.627516778523,3.216442953020134,14.805369127516778,165937.96640248323,152170.64577272217,318608.7667785235,64150.90100671141,5664667.165110739,388933.34547770326,6037850.686241611,5303645.1644295305,596,0.8087248322147651,1
2018-03-01 02:18:00,12472.823333333334,8.543333333333333,16519230.37,5.573333333333333,4.4,607.6166666666667,2020.59,197.26666666666668,15.12,56.964465017500004,62.28125349693334,324.83666666666664,26.576666666666668,92.16128368593334,108.7212490724,669191.2470183105,89483.20215843577,2790263.725283055,1549269.3818073093,7215909.93,2057206.5966666667,16527166.55,3348678.9360033334,1949416.477845883,7246564.79,2099727.22,10469953.85,1426398.0049518666,1614419.3804209619,4480752.2,334313.41,0.17,0.0,0.0,0.0,97.44,88.90666666666667,78914.3314547565,10559.71878208768,14.613333333333333,346.6066666666667,75.24524590996667,101.2795352463,31665.474040933666,0.01,0.17,0.12,0.31,0.37666666666666665,0.09,0.0,0.12,0.4266666666666667,86.94975118400001,56.964465017500004,92.16128368593334,0.0,0.0,0.0,0.0,0.0,0.0,5.573333333333333,607.6166666666667,4.4,2020.59,4452.48,12640.963333333333,2.34,16.213333333333335,524218.04748570005,184767.83283623977,700242.7733333333,401133.4066666667,6129206.99101,665196.671834008,6796092.27,5489768.323333333,300,0.6566666666666666,1
2018-03-01 02:19:00,6181.250460405156,10.802946593001842,17045121.994475137,5.569060773480663,4.994475138121547,440.1510128913444,1366.2412523020257,202.46408839779005,20.104972375690608,57.29566365396501,62.374855621941066,395.25046040515656,44.13259668508287,135.7822393027256,134.33348131611234,405724.1864473231,43942.10838030471,1041970.8046237287,1415023.924508032,5063556.524861879,394747.6279926335,16692736.344383057,1553213.7452227604,1716883.4417560617,4922810.8195211785,431168.1012891344,14526970.209944751,1225050.9177401161,1446723.6164818115,4211940.193370165,232714.182320442,0.06813996316758748,0.0,0.0,0.0,102.74033149171271,104.51565377532228,40718.69119574652,3219.2035927364363,20.104972375690608,410.50644567219155,92.36459564752487,125.16391291654512,43581.20783366133,0.0055248618784530384,0.06813996316758748,0.2283609576427256,0.3443830570902394,0.1878453038674033,0.040515653775322284,0.0,0.2283609576427256,0.6427255985267035,108.4881170677035,57.29566365396501,135.7822393027256,0.0,0.0,0.0,0.0,0.0,0.0,5.569060773480663,440.1510128913444,4.994475138121547,1366.2412523020257,3793.6758747697972,7698.040515653775,2.410681399631676,14.659300184162063,196022.36071346226,117656.00979461096,343970.0976058932,124000.43462246777,4482094.674983425,381909.9110589068,4828362.534069981,4024666.9097605892,543,0.2983425414364641,1
2018-03-01 02:20:00,6941.030927835051,10.058419243986254,15660211.266323024,4.93298969072165,4.350515463917525,391.26116838487974,1133.2680412371135,188.22164948453607,17.42611683848797,54.420799915824745,58.81165892631099,386.13745704467357,39.07388316151203,123.80535364666666,133.31302437492957,296615.056334621,47037.40974716406,1681637.98781619,1514997.497888284,5970197.798969072,1015154.6048109966,15453473.47250859,2183291.7952446463,1859445.3699441731,5858734.957044673,1046539.4759450172,12391070.08934708,1157700.992386335,1537630.2101794402,4366103.304123712,186318.40721649484,0.10309278350515463,0.0,0.0,0.0,93.99312714776632,90.93470790378007,43770.952436074585,3260.167330813529,17.347079037800686,401.61168384879727,85.40698575084193,121.01246078555668,41013.51640527545,0.005154639175257732,0.10309278350515463,0.2268041237113402,0.3711340206185567,0.21305841924398625,0.03264604810996564,0.0,0.2268041237113402,0.5824742268041238,100.5301996445189,54.420799915824745,123.80535364666666,0.0,0.0,0.0,0.0,0.0,0.0,4.93298969072165,391.26116838487974,4.350515463917525,1133.2680412371135,3920.360824742268,9129.113402061856,2.1735395189003435,15.195876288659793,164224.45479350514,122512.70474769003,320876.4948453608,87413.2560137457,5406795.52504811,334494.6282561632,5736636.37628866,5069948.448453608,582,0.8573883161512027,1
2018-03-01 02:21:00,5968.736585365854,10.849756097560975,18292675.253658537,5.464390243902439,5.216585365853659,365.190243902439,1872.3326829268292,186.22926829268292,21.962926829268294,52.67650539885854,54.72349161687512,408.22731707317075,49.239024390243905,148.36793874854632,138.62095633067122,140819.0740876884,18224.741998122205,1066756.6536598143,1647500.1385506692,5932621.233170732,359656.6868292683,17963033.622439023,1690385.3457643362,2015591.233999297,5749332.270243903,439255.39707317075,16018469.949268293,1236062.9288225533,1791352.1114513741,5004990.985365854,110328.79707317073,0.041951219512195125,0.0,0.0,0.0,102.37268292682927,110.06439024390244,15545.927117670471,2676.1362694011355,20.24780487804878,423.1629268292683,95.5280013015639,131.82983943698147,49624.52325218135,0.002926829268292683,0.041951219512195125,0.26439024390243904,0.34536585365853656,0.19121951219512195,0.03609756097560975,0.0,0.26439024390243904,0.6634146341463415,112.34095121467024,52.67650539885854,148.36793874854632,0.0,0.0,0.0,0.0,0.0,0.0,5.464390243902439,365.190243902439,5.216585365853659,1872.3326829268292,3976.846829268293,6133.686829268293,2.3180487804878047,14.575609756097561,197045.9044596878,51431.45644147034,267236.5375609756,165864.5404878049,5309886.166590244,351103.5893206337,5651201.276097561,4971321.285853659,1025,0.76,1
2018-03-01 02:22:00,6736.29290617849,10.993135011441648,18231330.298627004,5.338672768878719,4.945080091533181,442.8615560640732,1504.6155606407322,195.9828375286041,20.78604118993135,52.81071933318077,57.8011632388524,411.24942791762015,44.58009153318078,128.9122900346682,137.01288576567507,330302.4671981792,27561.82757117334,1031841.1504164885,1361449.225588951,4314159.3958810065,326272.9279176201,18142028.54118993,1670685.0269573422,1609241.461450207,4315457.602974828,390752.01601830666,16685558.112128146,1393513.273031586,1411388.0349715848,3696078.7711670483,162923.9313501144,0.05377574370709382,0.0,0.0,0.0,103.38215102974829,104.18306636155606,23599.570516514083,3960.162793245929,19.901601830663616,418.604118993135,85.59355311135012,122.81770411476658,41784.694909946506,0.006864988558352402,0.05377574370709382,0.2494279176201373,0.3512585812356979,0.17963386727688788,0.05263157894736842,0.0,0.2494279176201373,0.6533180778032036,101.29415993636155,52.81071933318077,128.9122900346682,0.0,0.0,0.0,0.0,0.0,0.0,5.338672768878719,442.8615560640732,4.945080091533181,1504.6155606407322,3442.112128146453,9351.535469107552,2.7048054919908466,14.640732265446225,80654.51989000001,58423.779345125855,205309.84782608695,52640.88672768879,3867769.803281464,181959.733029229,4076947.73798627,3667936.0881006867,874,0.683066361556064,1
2018-03-01 02:23:00,10170.06561922366,10.309611829944547,15102348.518484289,4.893715341959335,4.527726432532347,352.9667282809612,1559.768022181146,166.30314232902035,19.352125693160815,49.19626951102958,50.767187217118305,370.87338262476896,45.004621072088725,133.71406812002772,127.56718678296765,185409.55887184278,47629.27684004487,1200676.6330825468,1437981.9379451377,5214596.243992606,538309.820702403,14626628.532347504,1693420.853072146,1640373.0242239912,4961368.73844732,662815.4916820702,12360365.770794824,1073704.925914084,1314884.1758066579,3934241.23012939,253249.41774491683,0.07578558225508318,0.0,0.0,0.0,89.30129390018485,93.82255083179298,38979.56852755066,8646.324978686493,19.351201478743068,380.00554528650645,87.73139644022459,119.39025186092975,44144.065973144534,0.0036968576709796672,0.07578558225508318,0.19593345656192238,0.28650646950092423,0.28650646950092423,0.09611829944547134,0.0,0.19593345656192238,0.6709796672828097,104.18270025594731,49.19626951102958,133.71406812002772,0.0,0.0,0.0,0.0,0.0,0.0,4.893715341959335,352.9667282809612,4.527726432532347,1559.768022181146,5337.613678373383,9272.408502772643,2.002772643253235,14.798521256931608,287677.93643601664,148215.70419597297,466336.9944547135,192971.97042513863,4721903.491583179,268804.89752700273,4984034.337338262,4439782.541589648,1082,0.3789279112754159,1
2018-03-01 02:24:00,12136.356104651162,10.343023255813954,11633303.832848838,4.129360465116279,3.640988372093023,326.9912790697674,1184.8459302325582,154.80087209302326,22.05668604651163,49.816554697146806,45.44428871960319,299.65843023255815,44.825581395348834,111.3068043892878,96.59446254931686,367657.58098850003,50255.993272439846,1066785.5936783352,1026935.6458250664,3815952.8415697673,592054.8241279069,11633316.640988372,1497487.6891943314,1271029.6592411248,3836352.156976744,661123.2877906977,9469329.672965117,863864.8137065406,1013900.0275130701,2756951.4200581396,195741.92441860464,0.08139534883720931,0.0,0.0,0.0,77.86046511627907,75.77325581395348,36814.79477395708,13434.547393196939,21.905523255813954,314.7543604651163,78.02100424043604,96.54437979518458,32587.155019730606,0.011627906976744186,0.08139534883720931,0.11627906976744186,0.25,0.32558139534883723,0.12936046511627908,0.0,0.11627906976744186,0.6337209302325582,95.47373618093023,49.816554697146806,111.3068043892878,0.0,0.0,0.0,0.0,0.0,0.0,4.129360465116279,326.9912790697674,3.640988372093023,1184.8459302325582,4094.6831395348836,8227.079941860466,1.818313953488372,15.029069767441861,117090.35179268896,68649.72492785276,201038.76744186046,68614.52325581395,3258113.4795029075,273029.13294472656,3527482.351744186,2996399.3066860465,688,0.6642441860465116,1
2018-03-01 02:25:00,10634.937062937062,9.477855477855478,16665000.969696969,9.265734265734265,7.242424242424242,2023.6060606060605,1486.927738927739,217.49184149184148,17.64801864801865,62.89577346707692,70.98160679953612,399.7389277389277,33.32634032634033,121.55781816268998,136.60803987992773,450036.8306057338,44223.4761191716,1378726.0096271087,1737066.0895132197,6324904.055944056,599857.5151515151,16446230.848484848,1948864.4124628042,2158421.671079735,6362552.552447553,710266.6526806527,13053901.815850817,1266448.1310284638,1628329.1632908382,4733570.55944056,327660.7878787879,0.08857808857808858,0.0,0.0,0.0,156.04662004662003,135.28205128205127,34355.332105150505,9862.810727387767,17.536130536130536,423.97668997668995,88.92400398340327,125.6218562541888,42483.87411251477,0.004662004662004662,0.08857808857808858,0.15151515151515152,0.36363636363636365,0.2867132867132867,0.06526806526806526,0.0,0.15151515151515152,0.5291375291375291,102.80378186427971,62.89577346707692,121.55781816268998,0.0,0.0,0.0,0.0,0.0,0.0,9.265734265734265,2023.6060606060605,7.242424242424242,1486.927738927739,4116.524475524476,11604.188811188811,5.811188811188811,15.785547785547786,151418.33077342657,81640.15548918844,271824.5874125874,105443.16783216783,5455879.8926386945,544972.9055782419,5974961.438228439,4939459.769230769,429,0.5944055944055944,1
2018-03-01 02:26:00,9605.424920127796,9.621405750798722,13714719.08146965,4.854632587859425,4.099041533546326,319.3514376996805,1442.432907348243,170.59744408945687,17.93450479233227,47.855434729520766,51.14300037119968,374.09105431309905,37.77955271565495,126.6774005275559,131.35451501152076,303396.7417039493,36244.23266130977,1584605.6774091383,1197014.3507630255,4635651.153354633,946161.8290734824,13045391.720447285,1918897.9430862574,1245993.8581141918,4226126.706070287,1011609.8083067093,10374609.774760384,1099063.3531134888,1049731.6679497126,3237216.269968051,343478.82747603836,0.09904153354632587,0.0,0.019169329073482427,0.0,91.18210862619809,88.47284345047923,31844.6495953727,4389.349287623624,17.83226837060703,383.60223642172525,84.47274563428594,118.42174918970127,44207.74502654751,0.004792332268370607,0.09904153354632587,0.2124600638977636,0.3514376996805112,0.2523961661341853,0.05910543130990415,0.019169329073482427,0.2124600638977636,0.6086261980830671,98.71944617420128,47.855434729520766,126.6774005275559,0.0,0.0,0.0,0.0,0.0,0.0,4.854632587859425,319.3514376996805,4.099041533546326,1442.432907348243,5193.319488817891,8583.84984025559,2.012779552715655,16.30031948881789,311347.5533795847,59610.9990765535,388178.3130990415,274602.4552715655,4094330.1064632586,313034.86521601054,4369062.728434505,3828968.4233226837,626,0.7587859424920128,1
2018-03-01 02:27:00,7358.705882352941,10.393113342898134,14795843.527977044,20.352941176470587,17.173601147776182,11406.06599713056,8593.350071736011,177.89526542324248,18.28263988522238,50.80926430329555,53.43149195637303,337.71592539454804,38.23672883787661,138.31398981935868,113.49598056318078,267105.4225769124,32600.541753172896,1360543.6547749527,1554921.6614314495,5236951.606886657,536743.787661406,14045867.444763271,1913106.62897803,1580803.4454613393,4859684.284074605,909510.8550932568,12292562.400286945,1525777.2887773213,1264955.4916059305,4087834.6599713056,724518.2453371593,0.06312769010043041,0.0,0.011477761836441894,0.0,286.81205164992826,278.89813486370156,27827.626509392354,4769.632632110275,18.197991391678624,351.9583931133429,94.42520000263988,114.19572827604304,45799.41364997546,0.005738880918220947,0.06312769010043041,0.2065997130559541,0.36441893830703015,0.19225251076040173,0.047345767575322814,0.011477761836441894,0.2065997130559541,0.697274031563845,108.06826224643471,50.80926430329555,138.31398981935868,0.0,0.0,0.0,0.0,0.0,0.0,20.352941176470587,11406.06599713056,17.173601147776182,8593.350071736011,4042.5136298421808,8281.341463414634,15.086083213773314,15.70157819225251,586157.6692348206,164251.54239617568,833584.1994261119,484723.4863701578,4430100.717219512,549785.1412795931,4942408.87087518,3928837.1406025826,697,0.8794835007173601,1
2018-03-01 02:28:00,6268.283074648928,11.574279379157428,19326790.289726533,7.489283074648928,9.433111603843312,358.6060606060606,8459.625277161862,159.82779009608277,22.452328159645234,46.08253906908056,44.30967876413747,382.97708795269773,56.85070214338507,167.61139867920176,128.76825487561567,235345.70979410008,22349.419688111717,1159207.1056688335,1863732.3898589464,6156713.400591278,282010.19364375464,18917114.94013304,2019078.2549745662,1942844.2314781863,5960237.5218034,787191.2690317812,17702478.949002218,1752962.9884449106,1757274.7867605588,5467628.802660754,591223.0968218773,0.03695491500369549,0.0,0.005912786400591279,0.0,147.23133776792312,195.49150036954916,18460.011012224975,3888.394050942736,22.452328159645234,396.980044345898,102.33799109651368,131.58686594080118,53790.78494112634,0.0014781966001478197,0.03695491500369549,0.2801182557280118,0.3429416112342942,0.13821138211382114,0.04286770140428677,0.005912786400591279,0.2801182557280118,0.7087952697708795,120.42975277574944,46.08253906908056,167.61139867920176,0.0,0.0,0.0,0.0,0.0,0.0,7.489283074648928,358.6060606060606,9.433111603843312,8459.625277161862,3660.549889135255,3785.129342202513,2.351071692535107,14.17590539541759,213592.4750171693,141727.40803207736,375586.2032520325,123207.85513673318,5600856.999362159,292040.16666966124,5897242.513673319,5359590.403547672,1353,0.7198817442719881,1
2018-03-01 02:29:00,7141.379813302217,10.850641773628938,15989372.529754959,10.420653442240374,11.34830805134189,2669.87747957993,8765.190198366394,200.27362893815635,23.16977829638273,56.663544990682034,60.383584705524505,382.134772462077,48.22928821470245,170.08778829862484,135.712729905091,168263.41834443365,13133.855563840021,1063935.0402207011,1248053.2663791669,4464124.019836639,461260.38681446906,15710221.457409568,1704099.271383186,1417902.1806959251,4387128.6429404905,710853.6738623104,14373295.880980164,1179924.4715570963,1245299.8995664045,3705745.7094515753,280303.0035005834,0.047841306884480746,0.0,0.009334889148191364,0.0,181.92298716452743,219.4445740956826,9612.093791187152,3520.960846352058,23.036756126021004,403.44107351225205,111.5080454217713,138.34870552226488,60563.263180026705,0.0011668611435239206,0.047841306884480746,0.27887981330221706,0.3348891481913652,0.20536756126021002,0.048424737456242706,0.009334889148191364,0.2782963827304551,0.6569428238039673,129.46066103661204,56.663544990682034,170.08778829862484,0.0,0.0,0.0,0.0,0.0,0.0,10.420653442240374,2669.87747957993,11.34830805134189,8765.190198366394,4633.310968494749,5254.218786464411,5.301633605600934,15.115519253208868,194986.94844529757,100184.3167755703,372863.56884480745,141988.73045507586,3822396.791894399,302120.5656906051,4128385.685530922,3555406.5402567093,1714,0.9142357059509918,1
2018-03-01 02:30:00,10202.849469964664,6.736395759717315,3711981.602826855,2.676678445229682,3.4830388692579506,98.62862190812722,2735.5957597173146,48.44664310954064,3.4872791519434627,13.006302835173852,15.8076804766947,90.41342756183745,7.910600706713781,29.645284992938517,31.78392687063392,142939.5244517225,288181.7415384412,322718.3010812197,413213.77182309434,1440218.132508834,99646.02897526501,3353664.0381625444,386349.2564750919,426070.481453837,1275913.893286219,119891.09575971731,3091247.086219081,377819.971171629,398578.3107632105,1194904.1657243816,107920.06148409894,0.016607773851590107,0.0,0.0035335689045936395,0.0,55.985865724381625,72.09328621908128,150734.94855207278,137445.49942596006,3.4120141342756183,96.38586572438163,20.63008066701237,29.707380255755123,10419.82130420084,0.0014134275618374558,0.016607773851590107,0.0696113074204947,0.8204946996466431,0.10247349823321555,0.04381625441696113,0.0035335689045936395,0.0696113074204947,0.9144876325088339,23.709523802136747,13.006302835173852,29.645284992938517,0.0,0.0,0.0,0.0,0.0,0.0,2.676678445229682,98.62862190812722,3.4830388692579506,2735.5957597173146,2120.7501766784453,2891.128268551237,0.5480565371024735,22.27279151943463,118763.450242735,46244.27887239267,161542.5851590106,87374.59045936396,1176191.161113781,244515.33303737207,1378684.8971731449,986309.5491166078,2830,0.9473498233215548,1
2018-03-01 02:31:00,9811.883435582822,10.31717791411043,11369928.836196318,8.33435582822086,6.433742331288344,1338.7184049079754,1736.579754601227,138.2355828220859,17.230674846625767,41.876052352631284,41.75447934307976,331.2693251533742,43.15030674846626,125.90861269165337,114.4785536895859,259975.85656300755,31925.79683578362,1002182.4727009069,1146533.998253375,4150927.728220859,442138.7607361963,10890579.243558282,1336020.9763981202,1234568.723184843,3886260.8496932513,575722.0932515337,9719563.34417178,911690.2940073282,985127.4482325482,3173580.5950920247,308107.76196319016,0.07914110429447853,0.0,0.007361963190184049,0.0,136.98159509202455,115.40613496932515,28109.356006604245,3812.7912900758347,17.20552147239264,337.92944785276075,79.62058375431718,107.45794771301716,39946.387749322734,0.0036809815950920245,0.07914110429447853,0.24049079754601227,0.3030674846625767,0.28282208588957053,0.06012269938650307,0.007361963190184049,0.24049079754601227,0.6208588957055214,94.36607890689754,41.876052352631284,125.90861269165337,0.0,0.0,0.0,0.0,0.0,0.0,8.33435582822086,1338.7184049079754,6.433742331288344,1736.579754601227,4229.586503067485,6279.571165644172,5.601840490797546,15.688343558282208,167981.23602882822,67280.89297282624,248984.06503067486,126208.02883435583,3715141.3736453988,244218.76944134067,3932669.0484662578,3500821.8490797547,1630,0.9098159509202454,1
2018-03-01 02:32:00,12176.44082125604,8.966183574879228,11552622.897342995,4.234299516908212,3.3490338164251208,325.6328502415459,811.1038647342995,158.12077294685992,14.26328502415459,44.98865339830073,49.6663447170314,319.987922705314,27.416666666666668,101.51679197466184,114.94107851412801,169099.19277882876,42136.47341313037,1553775.8592301342,1467401.1234858364,5222519.609903381,818404.0760869565,10857789.754830917,1842629.7732788718,1560113.1603654248,4872374.5869565215,934022.9528985508,8163980.894927536,1049243.700840936,1174777.1937552264,3370080.7669082126,288207.78381642513,0.08574879227053141,0.0,0.01932367149758454,0.0,84.96135265700484,70.98550724637681,37103.72872060504,5030.534084086502,14.1243961352657,332.45410628019323,68.26720702924034,98.92123257477536,35404.28708189349,0.008454106280193236,0.08574879227053141,0.2524154589371981,0.38768115942028986,0.29347826086956524,0.10265700483091787,0.01932367149758454,0.2524154589371981,0.532608695652174,79.88229363423068,44.98865339830073,101.51679197466184,0.0,0.0,0.0,0.0,0.0,0.0,4.234299516908212,325.6328502415459,3.3490338164251208,811.1038647342995,5957.849033816425,10183.359903381643,1.7041062801932367,17.55072463768116,223672.90570572464,21299.402814055567,249563.5809178744,210527.30434782608,4600118.384361111,389161.8993031377,4914544.704106281,4290824.298309179,828,0.6751207729468599,1
2018-03-01 02:33:00,12458.137096774193,9.557795698924732,7584308.724462366,6.356182795698925,4.119623655913978,1517.2405913978494,550.8655913978495,110.91532258064517,15.940860215053764,37.67930005650403,33.072128366494624,228.03897849462365,30.938172043010752,84.24463762432526,79.44551450997311,572483.2951881756,65188.332424825705,962473.7343754288,1069463.753658086,3309364.630376344,372108.67204301077,6741218.0698924735,1129886.2199868106,936152.5628969332,2912934.889784946,576597.8561827957,5195290.067204301,824270.1940945336,580575.0969159951,1960545.4744623655,400464.79032258067,0.09274193548387097,0.0,0.021505376344086023,0.0,111.80645161290323,76.66666666666667,56825.57846619647,8354.758328323227,15.612903225806452,239.86962365591398,56.73925666475537,73.10349873954435,24892.57350379932,0.005376344086021506,0.09274193548387097,0.19623655913978494,0.3481182795698925,0.2970430107526882,0.10080645161290322,0.021505376344086023,0.19623655913978494,0.5672043010752689,68.7181903562621,37.67930005650403,84.24463762432526,0.0,0.0,0.0,0.0,0.0,0.0,6.356182795698925,1517.2405913978494,4.119623655913978,550.8655913978495,5647.771505376344,6841.040322580645,3.821236559139785,17.71505376344086,400878.5936034005,175767.28124697218,547954.2674731183,281706.1599462366,2713047.934282258,374021.5174059872,3069207.2674731184,2410562.989247312,744,0.8575268817204301,1
2018-03-01 02:34:00,9165.839019189765,10.485074626865671,13990829.035181237,4.4893390191897655,3.961620469083156,349.0575692963753,1299.1055437100213,143.76972281449895,19.093816631130064,45.60230183613006,43.1940339382516,320.49786780383795,37.28038379530917,115.10741372045842,111.50765266898934,495617.02044242277,51788.319654971274,1225866.647937973,1597494.8764566763,5863093.409381663,527547.4402985075,13422978.657782516,1547140.5984940662,1802942.3171292217,5476982.109808102,556424.6247334755,11185060.319829425,1127715.5735488154,1314952.9809279023,4410296.340085288,395733.59061833686,0.10660980810234541,0.0,0.008528784648187633,0.0,85.66311300639659,81.62899786780383,45404.10445151115,6379.336780578421,18.918976545842217,333.38166311300637,76.92411151128678,101.68010632671323,36793.382589469606,0.005330490405117271,0.10660980810234541,0.22068230277185502,0.3230277185501066,0.24093816631130063,0.053304904051172705,0.008528784648187633,0.22068230277185502,0.6226012793176973,91.2474573642292,45.60230183613006,115.10741372045842,0.0,0.0,0.0,0.0,0.0,0.0,4.4893390191897655,349.0575692963753,3.961620469083156,1299.1055437100213,3552.2334754797444,6023.721748400852,1.816631130063966,15.432835820895523,254024.56614178038,42626.687317444994,310732.0746268657,228177.7654584222,5215503.198881662,519817.31574785354,5648868.146055437,4792634.948827292,938,0.6929637526652452,1
2018-03-01 02:35:00,8187.7875,10.590909090909092,12027470.146590909,5.584090909090909,4.3738636363636365,516.8556818181818,1268.221590909091,129.7977272727273,18.370454545454546,40.10314196646932,37.55116814572614,289.08181818181816,41.31818181818182,108.70870612615909,99.47371701058978,342886.95583769795,38770.92186284397,1268371.0761986724,988297.6117469934,3655637.778409091,719885.2363636363,11335783.264772728,1514893.582941549,1016259.8007227804,3306952.5113636362,781126.6295454545,9746192.706818182,966883.7149317397,908183.6781415702,2626992.756818182,270111.6375,0.060227272727272727,0.0,0.01818181818181818,0.0,103.03181818181818,89.40454545454546,35981.92736773941,2784.834530643274,18.292045454545455,296.94204545454545,69.14326004856024,91.27408961359546,32500.24836552347,0.015909090909090907,0.060227272727272727,0.22840909090909092,0.3477272727272727,0.18295454545454545,0.05227272727272727,0.01818181818181818,0.22840909090909092,0.6522727272727272,83.19943853653636,40.10314196646932,108.70870612615909,0.0,0.0,0.0,0.0,0.0,0.0,5.584090909090909,516.8556818181818,4.3738636363636365,1268.221590909091,4918.519318181819,7505.607954545455,2.9079545454545452,15.818181818181818,274860.4119014091,135390.0051793649,409980.4125,182992.0625,3162445.6603125,259756.96601505284,3374776.463636364,2931434.1670454545,880,0.7954545454545454,1
2018-03-01 02:36:00,5603.114473684211,10.992105263157894,14484619.038157895,4.751315789473685,4.589473684210526,377.37631578947367,1376.8,173.85394736842105,21.94078947368421,51.8034510254329,52.190630150013156,373.8276315789474,51.51315789473684,137.79041785140788,126.9158121690158,277199.96575441735,27427.13649204815,1043018.4211776614,1521585.9794531194,4993386.393421053,304686.7684210526,13792477.892105263,1410527.836111817,1700483.6534545394,4594224.052631579,331004.2539473684,11658986.653947368,1073873.032887584,1204978.3578276949,3585275.5592105263,306274.5802631579,0.04868421052631579,0.0,0.0,0.0,87.16842105263157,93.78947368421052,23956.78027788993,3469.7541144388997,21.864473684210527,384.82105263157894,89.65867616701578,120.17754736720264,42839.4215996285,0.003947368421052632,0.04868421052631579,0.21842105263157896,0.3118421052631579,0.20526315789473684,0.039473684210526314,0.0,0.21842105263157896,0.7223684210526315,107.02606673433553,51.8034510254329,137.79041785140788,0.0,0.0,0.0,0.0,0.0,0.0,4.751315789473685,377.37631578947367,4.589473684210526,1376.8,3841.952631578947,7109.7092105263155,2.0157894736842104,14.210526315789474,211429.82766448683,79747.21782408647,308882.7986842105,155758.43289473685,4490453.5468065785,323276.54617823195,4792807.610526316,4135900.567105263,760,0.881578947368421,1
2018-03-01 02:37:00,9800.81277056277,6.861471861471862,2437557.639249639,1.7492784992784993,1.4462481962481963,60.945526695526695,119.96825396825396,33.3051948051948,3.8531746031746033,10.465224729943001,10.472950979332612,67.32215007215007,7.173881673881674,21.171839208353536,23.62688626362987,219403.62904383236,366353.34531759005,384294.6114191238,270019.562099294,1012732.9704184704,223592.39754689756,2112885.325036075,401478.95534278895,242550.35001310383,853602.0674603175,238752.52272727274,1629056.6652236653,233636.4015863189,233597.45663875973,642378.4794372295,63521.48484848485,0.030303030303030304,0.0,0.007936507936507936,0.0,36.96248196248196,30.06782106782107,191186.01454210922,175164.85460308412,3.8322510822510822,70.05952380952381,14.783037995023088,20.31127127057684,6435.451656864,0.0025252525252525255,0.030303030303030304,0.049783549783549784,0.8131313131313131,0.09163059163059163,0.030303030303030304,0.007936507936507936,0.049783549783549784,0.9087301587301587,17.807272686154402,10.465224729943001,21.171839208353536,0.0,0.0,0.0,0.0,0.0,0.0,1.7492784992784993,60.945526695526695,1.4462481962481963,119.96825396825396,2179.3997113997116,2392.2388167388167,0.33694083694083693,22.31313131313131,141524.21108463203,27907.476667738796,165501.54906204907,121545.69264069264,838439.1340613276,125868.7197400683,949974.8170995672,737875.3373015873,2772,0.9696969696969697,1
2018-03-01 02:38:00,15504.882494004796,7.503597122302159,11885121.776978416,5.067146282973621,4.175059952038369,396.90167865707434,1584.4124700239809,179.40767386091127,11.973621103117505,45.72486481167866,57.20473067153477,323.2494004796163,16.268585131894483,97.78117656930455,125.02045198876259,348143.2136934085,36363.93695871715,1855697.3520435493,1005213.7475047851,3758254.911270983,1203352.3117505994,10921248.09352518,2049661.6497534125,875829.2683760101,3311523.9064748203,1363459.0,7707594.026378897,1095162.448364988,716992.7979650947,2035157.7362110312,470044.00479616306,0.09832134292565947,0.0,0.03836930455635491,0.0,102.85851318944844,92.48920863309353,28229.37686239061,8127.975980509789,11.529976019184652,336.6091127098321,67.84707096098322,100.5010399491079,37669.71450812247,0.002398081534772182,0.09832134292565947,0.22541966426858512,0.45323741007194246,0.34292565947242204,0.1366906474820144,0.03836930455635491,0.22541966426858512,0.4412470023980815,76.87064372620384,45.72486481167866,97.78117656930455,0.0,0.0,0.0,0.0,0.0,0.0,5.067146282973621,396.90167865707434,4.175059952038369,1584.4124700239809,7728.335731414868,12642.546762589927,1.8609112709832134,20.00959232613909,383723.4597740528,56842.76940031412,438558.48441247,339958.9904076739,2716075.2450431655,436570.4784738526,3101367.470023981,2315912.158273381,417,0.8705035971223022,1
2018-03-01 02:39:00,12101.607350096712,8.460348162475823,11327015.586073501,4.48936170212766,3.2920696324951644,312.6924564796905,608.183752417795,174.71953578336556,14.152804642166345,47.64339725668472,55.35037845816635,321.468085106383,23.266924564796906,94.66364154134043,119.48614741815861,523525.42292900576,46217.82106632632,1393100.6849474108,1451736.0569512758,4567780.413926499,539735.3384912959,10162898.984526113,1527176.0339708917,1360618.9072631323,3912993.0328820115,614994.5609284333,8867079.423597679,1385773.6101581217,1122937.0685212752,3346592.112185687,579289.8297872341,0.10058027079303675,0.0,0.030947775628626693,0.0,92.09284332688588,71.40425531914893,34014.79731057333,12195.057866115527,13.727272727272727,343.3075435203095,65.60000168126305,98.60829475152032,32483.67376986012,0.0,0.10058027079303675,0.26692456479690524,0.4622823984526112,0.27079303675048355,0.09477756286266925,0.030947775628626693,0.26692456479690524,0.5299806576402321,76.65556288069052,47.64339725668472,94.66364154134043,0.0,0.0,0.0,0.0,0.0,0.0,4.48936170212766,312.6924564796905,3.2920696324951644,608.183752417795,6956.630560928434,12750.818181818182,1.7891682785299807,18.71566731141199,343096.9524041586,65818.89076477756,416869.62282398454,298023.5647969052,3737044.9410077366,468297.00013063714,4156047.235976789,3286048.827852998,517,0.6460348162475822,1
2018-03-01 02:40:00,8401.253323751347,6.94897592526051,5158783.395616242,2.3668702838663314,2.328422565576716,118.81746316924182,746.4595759971254,52.30111390585699,4.401724757455983,13.927648235577076,16.435735028544737,110.24757455982753,8.678404599353216,37.44760513548473,39.660462532813874,33572.26872902246,374634.67951830087,448612.9662061462,421916.71369547764,1750439.9004671217,251660.91591807402,4835557.999640675,537744.1291578419,464760.41690141533,1585357.8551922387,267141.916636723,4224466.717211642,346099.18418220244,454637.2665957829,1393482.8185411426,65142.93352497305,0.02012217031979878,0.0,0.005030542579949695,0.0,48.90837226015092,49.415738411785846,191369.34033503287,183264.35262807435,4.215594681997844,114.4297520661157,24.719936215426518,35.13439123055192,13513.559558320703,0.0007186489399928135,0.02012217031979878,0.07761408551922386,0.840100610851599,0.05892921307941071,0.01329500538986705,0.005030542579949695,0.07761408551922386,0.9112468559108875,28.323323892222422,13.927648235577076,37.44760513548473,0.0,0.0,0.0,0.0,0.0,0.0,2.3668702838663314,118.81746316924182,2.328422565576716,746.4595759971254,2115.9734099892203,2322.6288178224936,0.6654689184333453,22.035213798059647,113712.37592108516,48341.25046216587,163625.03018325547,80949.30650377291,1554465.9108853757,140160.68752498794,1668908.6679841897,1420639.530722242,2783,0.5411426518145885,1
2018-03-01 02:41:00,7968.452083333334,10.24375,11654256.3,4.522916666666666,3.691666666666667,311.78125,830.6979166666666,160.19583333333333,18.85,48.196600149877085,47.95031843776459,322.1625,35.74375,103.87348855333333,109.75592436308749,383828.3034305744,32357.987734462586,1316401.2671580564,1178514.5967613482,4542421.066666666,729333.9666666667,11078761.895833334,1626266.3886752853,1349469.0313317063,4279332.710416666,779581.5458333333,9508656.497916667,1087901.7928974314,1178108.7599149873,3520194.175,336569.8958333333,0.06041666666666667,0.0,0.016666666666666666,0.0,89.30833333333334,76.875,24316.217314317488,8036.050468972938,18.591666666666665,330.81458333333336,70.86016299205,96.83524269011667,31875.155796598217,0.0020833333333333333,0.06041666666666667,0.20833333333333334,0.41458333333333336,0.16458333333333333,0.058333333333333334,0.016666666666666666,0.20833333333333334,0.5916666666666667,84.86356095670834,48.196600149877085,103.87348855333333,0.0,0.0,0.0,0.0,0.0,0.0,4.522916666666666,311.78125,3.691666666666667,830.6979166666666,5132.13125,9490.7625,1.8229166666666667,16.35,360526.44214835414,39423.94203172477,406097.53958333336,336338.34791666665,4046782.1395833334,257001.45533047972,4284103.666666667,3817044.0083333333,480,0.8270833333333333,1
2018-03-01 02:42:00,8890.113612231897,6.334465916330431,2314069.537693778,1.6173285198555956,1.5181567211722233,63.304735612656614,130.2480356763644,25.977914631556594,1.82076874070928,7.030858565280101,8.747879460256955,50.22191548099384,3.0016988744956468,13.667990051444681,17.87467260819367,34711.93196901219,442847.193999791,230239.30593472783,254959.2599941824,860693.1781694627,90320.19919303461,2064102.9284349119,273040.8157630992,236642.37686231936,729320.2102357189,120976.66914419197,1782044.138245912,229520.59819481205,216792.71658815377,650641.764493523,81158.86451475897,0.015502229772775536,0.0,0.005946060734763219,0.0,35.4572095986409,31.957528137608833,223162.61065879965,219684.1946392311,1.82076874070928,53.23890422595031,9.812830913697812,15.424338359124867,5251.967481090522,0.0019112338076024634,0.015502229772775536,0.04332129963898917,0.9201528987046081,0.041197706519430874,0.01783818220428966,0.005946060734763219,0.04332129963898917,0.95774049692079,11.287201418708007,7.030858565280101,13.667990051444681,0.0,0.0,0.0,0.0,0.0,0.0,1.6173285198555956,63.304735612656614,1.5181567211722233,130.2480356763644,1560.663198131238,1492.3569760033977,0.2932682098110002,23.286472711828413,125924.2467856721,19933.482191721174,146355.37545126354,112172.0603100446,717685.1302416649,87222.3772830636,794282.8827776598,645302.7060947123,4709,0.5315353578254406,1
2018-03-01 02:43:00,11252.949044585986,8.99787685774947,13229118.070063693,5.10828025477707,4.751592356687898,314.04458598726114,2409.770700636943,160.26963906581742,14.545647558386412,46.05372664129512,50.38043445740976,291.31847133757964,30.61783439490446,89.48347239044587,95.08359787125266,585454.5991503602,48155.234834246185,2275848.123345339,1152429.7090410658,5183365.138004246,1672828.0700636944,13058437.687898088,2656935.5631010407,1356583.8047144797,5117674.736730361,1697410.949044586,8715348.929936307,914068.3802428789,860007.9747791874,2775955.2335456475,305430.45859872614,0.1040339702760085,0.0,0.0,0.0,98.52229299363057,99.44798301486199,39023.711104030765,9126.666021796675,14.447983014861995,305.9808917197452,66.67058081608917,90.11272035268577,27832.79853196246,0.012738853503184714,0.1040339702760085,0.22717622080679406,0.37154989384288745,0.3036093418259023,0.06794055201698514,0.0,0.22717622080679406,0.5031847133757962,78.87468779773673,46.05372664129512,89.48347239044587,0.0,0.0,0.0,0.0,0.0,0.0,5.10828025477707,314.04458598726114,4.751592356687898,2409.770700636943,7047.235668789809,12539.460721868365,1.872611464968153,16.39915074309979,299645.2801366454,74886.37727090972,371746.39702760085,249880.46921443735,4371128.353295117,294780.05283775314,4690629.208067941,4088061.6518046707,471,0.46709129511677283,1
2018-03-01 02:44:00,10431.688057040998,9.393939393939394,13932703.108734403,5.506238859180035,5.046345811051693,475.6898395721925,1945.7736185383244,196.4367201426025,16.203208556149733,53.25110108057041,62.58280152362923,367.36720142602496,35.50445632798574,121.03082978165776,124.69520343311942,416619.53884143586,42645.83105575884,1373365.1758007284,1256172.4351172436,4532653.839572192,751275.6363636364,13780299.698752228,1760046.44210754,1506543.6182616637,4470966.766488413,761960.1479500891,9374959.055258468,776583.6475823119,817113.2619978562,2493225.497326203,236371.88948306596,0.0748663101604278,0.0,0.0,0.0,97.01960784313725,105.48306595365419,37884.484405448886,4754.0055367212035,16.203208556149733,385.88948306595364,84.93076284984491,117.906198923959,42712.83107485396,0.0071301247771836,0.0748663101604278,0.23885918003565063,0.37967914438502676,0.2531194295900178,0.0570409982174688,0.0,0.23885918003565063,0.5472370766488414,98.24683831025312,53.25110108057041,121.03082978165776,0.0,0.0,0.0,0.0,0.0,0.0,5.506238859180035,475.6898395721925,5.046345811051693,1945.7736185383244,7097.27807486631,13274.340463458111,2.0606060606060606,15.66488413547237,559163.4169341889,190753.60209988058,766886.4652406417,427703.4081996435,3571777.8158163996,412429.57474605617,3993017.229946524,3202971.9839572194,561,0.48484848484848486,1
2018-03-01 02:45:00,13791.906542056075,8.58411214953271,12145259.754672898,4.759345794392523,3.8457943925233646,310.4789719626168,1452.464953271028,152.99766355140187,17.78271028037383,50.4273244383972,51.83772214620561,233.47196261682242,26.41355140186916,80.29725241313083,78.41639804551403,69924.98322630402,40132.038680956975,1891352.9085673208,1157786.29244996,4120675.4228971964,1159653.4088785048,11470505.670560747,2258395.4069046727,1091581.3652125613,3813412.792056075,1366717.0023364485,8286577.787383177,1081937.2124520326,727038.2937619659,2163099.0771028036,437119.19158878503,0.10514018691588785,0.0,0.037383177570093455,0.0,96.26168224299066,84.00934579439253,34711.9220866711,5416.909145688339,17.7803738317757,265.9065420560748,67.55365061997196,83.25168218455609,32827.424687339044,0.002336448598130841,0.10514018691588785,0.1939252336448598,0.4158878504672897,0.28738317757009346,0.09345794392523364,0.037383177570093455,0.1939252336448598,0.4953271028037383,79.76783059275,50.4273244383972,80.29725241313083,0.0,0.0,0.0,0.0,0.0,0.0,4.759345794392523,310.4789719626168,3.8457943925233646,1452.464953271028,7821.670560747663,10292.121495327103,1.7242990654205608,18.953271028037385,420805.4880402804,25436.26635652783,454120.726635514,405118.8481308411,3276005.596492991,506302.62034516863,3753585.476635514,2753368.2102803737,428,0.6121495327102804,1
2018-03-01 02:46:00,8073.812154696133,9.423572744014733,14655865.955801105,5.097605893186004,4.279926335174954,404.76058931860035,1093.9668508287293,185.28360957642727,22.108655616942908,56.38614941408103,56.931907305302026,340.15285451197053,36.51012891344383,111.7446498557827,118.17399676405526,215142.73787761774,25001.178535148898,1969197.1386248798,1157984.6416779247,5157871.58747698,1405730.020257827,14152936.333333334,2320756.9639801844,1290991.7128453401,4906428.305709024,1458799.8453038675,10074001.73664825,1107029.3730127937,1082900.160983696,3380035.4235727442,387837.7808471455,0.06998158379373849,0.0,0.014732965009208104,0.0,89.6353591160221,90.14364640883979,22538.455042199515,2460.195338147133,21.79742173112339,358.9060773480663,79.2476161104383,104.50717243118784,36085.732602989876,0.003683241252302026,0.06998158379373849,0.20441988950276244,0.3756906077348066,0.20994475138121546,0.040515653775322284,0.014732965009208104,0.20441988950276244,0.5469613259668509,95.47659841104789,56.38614941408103,111.7446498557827,0.0,0.0,0.0,0.0,0.0,0.0,5.097605893186004,404.76058931860035,4.279926335174954,1093.9668508287293,5195.9815837937385,9772.1197053407,1.860036832412523,15.587476979742172,424684.84895561694,146232.2920584453,560898.1767955801,318672.46040515654,4630435.497014733,263465.06785086665,4836064.497237569,4402344.178637201,543,0.7550644567219152,1
2018-03-01 02:47:00,6573.114018691589,10.85607476635514,15256898.222429907,5.050467289719626,4.450467289719626,369.8355140186916,1086.8934579439253,194.55514018691588,21.842990654205607,57.45679760388785,59.05298901126916,407.8242990654206,42.70841121495327,128.89599207184486,136.95644139697757,356683.4343937777,31736.15094231051,1155772.2850337932,1511755.5293734444,5662476.046728972,482655.1925233645,15127025.592523364,1731868.3109255515,1877915.8086065229,5615876.24859813,570358.6205607477,12725628.491588784,1240891.547528387,1525888.483931993,4629270.549532711,298683.829906542,0.052336448598130844,0.0,0.0,0.0,94.63177570093458,92.29906542056075,29576.230192140134,2157.354790792914,21.8411214953271,421.6542056074766,87.63721860790655,123.03426426694952,40289.17001534827,0.005607476635514018,0.052336448598130844,0.25794392523364484,0.394392523364486,0.14205607476635515,0.011214953271028037,0.0,0.25794392523364484,0.6186915887850467,104.15492253207852,57.45679760388785,128.89599207184486,0.0,0.0,0.0,0.0,0.0,0.0,5.050467289719626,369.8355140186916,4.450467289719626,1086.8934579439253,3981.6990654205606,10274.351401869159,2.263551401869159,14.504672897196262,132438.15705885983,108205.04226067611,264319.5570093458,62943.115887850465,4915592.981945795,495902.6115182412,5364277.36635514,4480010.411214953,535,0.8542056074766355,1
2018-03-01 02:48:00,6930.338283828383,10.570957095709572,18120781.102310233,5.734323432343234,5.3894389438943895,483.2046204620462,1487.2590759075908,201.0082508250825,18.88943894389439,54.82282001306436,62.01205393221782,427.0759075907591,40.01485148514851,138.86410979140265,147.75382482775578,270205.26052349363,31177.199803353105,1297053.405470003,1633812.6443651412,6242384.696369637,611116.0231023103,17805025.853135314,1829165.4776438943,1975029.7674524477,6037014.846534654,656641.9587458746,14630943.991749175,1265763.4022535314,1618971.411537221,4927616.239273927,316206.8613861386,0.041254125412541254,0.0,0.0,0.0,103.16171617161716,112.28382838283828,27811.879309077627,3360.78983990847,18.88943894389439,442.74257425742576,90.39089506909241,132.7029270095132,47836.73848932441,0.0049504950495049506,0.041254125412541254,0.26567656765676567,0.37293729372937295,0.16831683168316833,0.039603960396039604,0.0,0.26567656765676567,0.6270627062706271,105.73145692769968,54.82282001306436,138.86410979140265,0.0,0.0,0.0,0.0,0.0,0.0,5.734323432343234,483.2046204620462,5.3894389438943895,1487.2590759075908,3679.854785478548,8714.82508250825,2.3597359735973598,14.488448844884488,204005.44512864685,141025.2119494343,362213.50495049503,107370.78217821782,5576036.468379538,388861.30557392765,5944325.224422442,5187028.168316832,606,0.4752475247524752,1
2018-03-01 02:49:00,8219.682008368201,10.129707112970712,17488023.646443516,5.387029288702929,5.058577405857741,378.6757322175732,1827.623430962343,188.14225941422595,16.755230125523013,50.76019238196234,56.497299342709205,400.1799163179916,37.41422594142259,128.1878664779498,135.57953598889122,312628.7369294051,27049.565658566946,2030883.2490358641,1453896.1981641867,6153387.366108786,1405862.209205021,17379891.71338912,2548688.336102364,1821984.2473730976,6129929.757322175,1432585.80125523,13551446.033472802,1247437.5063594559,1519319.8932849134,4306893.163179916,272962.87238493725,0.08368200836820083,0.0,0.0,0.0,103.00418410041841,106.26778242677824,22256.513044810963,4789.22335814933,16.755230125523013,407.63598326359835,85.16682343061507,120.77511493924268,43025.1254326287,0.008368200836820083,0.08368200836820083,0.2196652719665272,0.3682008368200837,0.21338912133891214,0.058577405857740586,0.0,0.2196652719665272,0.608786610878661,99.43739125447698,50.76019238196234,128.1878664779498,0.0,0.0,0.0,0.0,0.0,0.0,5.387029288702929,378.6757322175732,5.058577405857741,1827.623430962343,4174.449790794979,9607.89748953975,2.3640167364016738,14.92887029288703,109096.64792115062,50242.96200884937,166081.0188284519,75637.50209205021,5736964.949730126,202085.07145940542,5934951.834728033,5477087.6276150625,478,0.8451882845188284,1
2018-03-01 02:50:00,11870.083076923076,8.218461538461538,12763151.169230768,5.803076923076923,5.064615384615385,605.3384615384615,934.3815384615384,244.3723076923077,15.683076923076923,65.10982321238154,79.45949889031692,397.1876923076923,22.593846153846155,94.22116935372308,132.9615725599077,680003.1789550821,87177.7820897455,1393637.6836123068,1358958.5291713134,4238344.575384615,632605.3292307692,12755252.636923077,1823735.9008312002,1577377.573935207,4289069.624615384,699890.3415384615,6723515.126153846,795013.5041352615,595648.6647897267,1791460.996923077,332656.48307692306,0.12,0.0,0.0,0.0,98.76923076923077,104.23384615384616,79846.67388322145,7326.884242955914,15.683076923076923,417.09846153846155,78.92921255578153,115.10989786980616,34585.15399507885,0.009230769230769232,0.12,0.15076923076923077,0.38153846153846155,0.36923076923076925,0.09538461538461539,0.0,0.15076923076923077,0.5046153846153846,90.1266052382277,65.10982321238154,94.22116935372308,0.0,0.0,0.0,0.0,0.0,0.0,5.803076923076923,605.3384615384615,5.064615384615385,934.3815384615384,5209.615384615385,17439.76,2.147692307692308,16.96,339904.3878367077,271489.50706072024,558863.9815384615,136023.75692307693,3254502.918710769,414178.5743746985,3727647.8246153845,2799346.4523076923,325,0.7015384615384616,1
2018-03-01 02:51:00,10161.771428571428,9.2,14316554.54945055,5.395604395604396,4.707692307692308,397.3934065934066,1701.9054945054945,222.84615384615384,14.492307692307692,57.03652895333846,68.83780351480219,427.4879120879121,32.032967032967036,119.69644215087912,142.41193587692308,129192.29924741774,44408.01647828171,2009461.7986761911,1220194.3759024562,5385121.540659341,1420599.4659340659,14264949.38021978,2516500.6450094506,1487736.569291695,5418897.397802197,1497878.7516483516,10177001.94065934,1184551.8033369868,1197640.5937023063,3553376.9032967035,335787.33626373624,0.09010989010989011,0.0,0.0,0.0,103.01538461538462,98.85714285714286,39428.17034606007,4971.800486396322,14.492307692307692,435.2043956043956,83.52849697843955,124.41977617523077,39709.82244363422,0.008791208791208791,0.09010989010989011,0.23516483516483516,0.3956043956043956,0.26373626373626374,0.06153846153846154,0.0,0.23516483516483516,0.5164835164835165,96.88389713390549,57.03652895333846,119.69644215087912,0.0,0.0,0.0,0.0,0.0,0.0,5.395604395604396,397.3934065934066,4.707692307692308,1701.9054945054945,4070.9406593406593,15526.903296703296,2.2505494505494505,15.850549450549451,271349.5072791209,115369.73792027895,360809.5010989011,188890.54725274726,4823022.298415384,170339.78503921398,5010084.628571428,4636592.782417582,455,0.5714285714285714,1
2018-03-01 02:52:00,9136.571865443426,8.65749235474006,10978515.486238532,5.82874617737003,5.217125382262997,617.4495412844037,991.4189602446484,273.03975535168195,13.565749235474007,69.60031326729664,91.30793998288685,452.0214067278287,27.584097859327215,111.37129060272171,153.48552164642203,125861.50674830156,13409.493803774252,1626449.4597698788,796007.0161428828,3739562.9143730886,1193443.5412844038,10961659.20795107,1959464.7995603366,988891.3636740688,3785273.623853211,1213680.0978593272,6356196.877675841,747552.0454431284,623731.1851590006,1964850.8379204893,287145.7094801223,0.08868501529051988,0.0,0.0,0.0,102.87461773700306,108.74617737003058,10232.739749635217,3165.559042849642,13.470948012232416,469.302752293578,86.73749604646483,133.18911784162995,40929.59151668156,0.0061162079510703364,0.08868501529051988,0.23547400611620795,0.43425076452599387,0.26605504587155965,0.0672782874617737,0.0,0.23547400611620795,0.5351681957186545,99.24204720767584,69.60031326729664,111.37129060272171,0.0,0.0,0.0,0.0,0.0,0.0,5.82874617737003,617.4495412844037,5.217125382262997,991.4189602446484,4915.779816513761,19796.284403669724,2.223241590214067,16.73394495412844,697670.5022436086,320512.06421689945,949247.0764525994,463308.80428134557,2764548.934562691,411099.065680275,3209873.3944954127,2419578.2232415904,327,0.6085626911314985,1
2018-03-01 02:53:00,5277.371046228711,11.399026763990268,9814968.082725061,4.873479318734793,4.734793187347932,343.0413625304136,2203.3187347931876,176.40754257907543,21.78102189781022,53.456335527740876,53.21037037269587,391.639902676399,50.07664233576642,151.57872980718977,132.80982137035159,125091.86686841064,12430.6414296819,900708.6202180297,938601.5183641149,3180904.00973236,420221.07542579074,9730794.047445256,1262766.1832062174,1108716.5779503202,3149872.705596107,461162.75547445257,7468376.248175182,734865.0389973612,722867.1546037769,2046237.3479318735,162707.9306569343,0.037712895377128956,0.0,0.0,0.0,91.52311435523114,96.42335766423358,8637.79115950155,3790.0668393082656,21.611922141119223,399.63868613138686,96.32726318190997,125.54359656600487,46104.63381091179,0.0036496350364963502,0.037712895377128956,0.2822384428223844,0.36496350364963503,0.11800486618004866,0.038929440389294405,0.0,0.2822384428223844,0.6861313868613139,113.64746339577252,53.456335527740876,151.57872980718977,0.0,0.0,0.0,0.0,0.0,0.0,4.873479318734793,343.0413625304136,4.734793187347932,2203.3187347931876,3429.978102189781,7966.804136253041,1.880778588807786,13.985401459854014,190202.83365776157,30302.011797461986,235409.18856447688,172107.10705596107,2511754.0038941605,150655.2237227318,2689825.1776155718,2381041.1678832117,822,0.5291970802919708,1
2018-03-01 02:54:00,5542.0544217687075,9.798185941043084,17349330.28344671,5.789115646258503,5.45578231292517,541.0249433106576,1829.766439909297,235.94331065759638,17.08843537414966,61.15690170818594,74.47076883473923,434.4512471655329,32.7891156462585,124.70003177285714,147.72324747904761,273282.9270800451,17260.671883447903,1928532.0831818955,1488834.2075696415,6468703.6145124715,1273707.3786848073,17126312.390022676,2401172.121885533,1858065.4193019846,6404156.916099773,1293498.798185941,12103512.378684808,1031589.7346605057,1487421.5527516112,4343498.975056689,175016.60317460317,0.05668934240362812,0.0,0.0,0.0,104.00907029478458,112.41723356009071,12622.61517550278,4633.906176567342,16.95691609977324,453.9024943310658,89.49415568244898,130.89008539289568,44364.23425567943,0.0022675736961451248,0.05668934240362812,0.29705215419501135,0.4217687074829932,0.1746031746031746,0.031746031746031744,0.0,0.29705215419501135,0.6190476190476191,103.60993230530613,61.15690170818594,124.70003177285714,0.0,0.0,0.0,0.0,0.0,0.0,5.789115646258503,541.0249433106576,5.45578231292517,1829.766439909297,4258.303854875284,12525.612244897959,2.3219954648526078,15.383219954648526,778345.021545102,182990.00012860555,986527.4784580499,653408.335600907,5697948.813208616,395904.9496236993,6155189.020408163,5342802.802721089,441,0.7482993197278912,1
2018-03-01 02:55:00,7114.652173913043,10.543478260869565,13356830.106521739,4.789130434782609,4.230434782608696,418.9695652173913,1112.4195652173912,199.51739130434783,19.35,55.2106851001,60.61798897172391,373.8086956521739,39.53260869565217,114.11294974782608,123.78142605776087,171931.32459258175,32109.53011617121,1637475.590926805,1108184.508553775,4407347.630434782,1076502.5369565217,13320547.569565218,2095819.9872378262,1347932.6718936195,4445690.85,1124849.0782608695,9695761.908695653,1106365.1975051956,1104729.8804556197,2961417.8173913043,324718.6804347826,0.02391304347826087,0.0,0.0,0.0,89.61739130434782,88.2695652173913,24597.94269119165,7511.5874259941165,19.35,383.4630434782609,78.63896099015217,109.7214600394913,34768.7818763728,0.002173913043478261,0.02391304347826087,0.22826086956521738,0.40217391304347827,0.14565217391304347,0.06086956521739131,0.0,0.22826086956521738,0.6326086956521739,93.7173626468826,55.2106851001,114.11294974782608,0.0,0.0,0.0,0.0,0.0,0.0,4.789130434782609,418.9695652173913,4.230434782608696,1112.4195652173912,4511.504347826087,11834.528260869565,2.015217391304348,14.782608695652174,164307.58151691302,99627.99467050172,293234.0391304348,100769.28695652174,3889395.6602,320978.1519811268,4145674.7804347826,3564213.058695652,460,0.7304347826086957,1
2018-03-01 02:56:00,7796.667647058824,8.897058823529411,11216248.120588236,5.405882352941177,4.276470588235294,520.85,803.3529411764706,269.95,18.573529411764707,71.1390944315,86.00272211752942,457.96176470588233,30.185294117647057,115.51792039785295,155.17464846285296,182161.650337233,27274.66592259354,1521933.5297364227,1000187.0282119188,3993659.944117647,948108.8647058824,11064522.673529413,1883631.3037817646,1201211.0441909716,3995441.85,975110.3470588236,6649113.355882353,811061.8689480295,748769.6643694243,2287900.161764706,291907.9794117647,0.04411764705882353,0.0,0.0,0.0,99.62352941176471,92.12941176470588,22372.75258844584,4899.221592998582,18.573529411764707,476.9852941176471,89.15056966573236,132.2567208456,39718.21701080172,0.0029411764705882353,0.04411764705882353,0.2411764705882353,0.5029411764705882,0.18529411764705883,0.06764705882352941,0.0,0.2411764705882353,0.4852941176470588,103.0754625663853,71.1390944315,115.51792039785295,0.0,0.0,0.0,0.0,0.0,0.0,5.405882352941177,520.85,4.276470588235294,803.3529411764706,5057.538235294118,20077.65,2.402941176470588,16.4,533183.4518717058,176613.7049263932,699119.7176470588,416773.55294117646,3045470.2834058823,455342.2706509556,3518768.9470588234,2669937.5970588233,340,0.5735294117647058,1
2018-03-01 02:57:00,8328.806603773584,9.641509433962264,14915455.24764151,5.40566037735849,4.60377358490566,424.625,1223.6367924528302,215.64622641509433,14.818396226415095,56.27059565279246,67.43345503739151,434.375,34.72405660377358,127.7815003034434,150.3960148531863,394475.93866433325,42288.22535405121,2050905.8966404577,1241665.9401371991,5515700.922169811,1490012.733490566,14917843.778301887,2546013.441685559,1561395.1587622869,5557430.752358491,1534296.9599056605,10614010.21226415,908424.7043011745,1229120.5622876629,3468461.4481132077,160707.22405660377,0.0589622641509434,0.0,0.0,0.0,99.89622641509433,96.97169811320755,37923.601011246705,4360.3073986492645,14.63679245283019,440.72877358490564,85.6119742269717,129.07905517594813,43180.34718355092,0.0047169811320754715,0.0589622641509434,0.2759433962264151,0.419811320754717,0.1957547169811321,0.0589622641509434,0.0,0.2759433962264151,0.5235849056603774,99.00228858377123,56.27059565279246,127.7815003034434,0.0,0.0,0.0,0.0,0.0,0.0,5.40566037735849,424.625,4.60377358490566,1223.6367924528302,4129.665094339623,15062.431603773584,2.3349056603773586,15.160377358490566,349562.0299775471,129198.48678675927,451735.97641509434,260142.5495283019,4924920.290455189,215556.9954694528,5096952.311320755,4757504.896226415,424,0.5212264150943396,1
2018-03-01 02:58:00,5266.330434782609,11.357971014492753,16000412.907246377,5.447826086956522,5.434782608695652,398.47391304347826,2625.230434782609,189.0623188405797,22.371014492753623,55.16144951868985,55.51568053413333,429.1449275362319,48.7304347826087,152.93641995571014,145.02523315343478,120966.77269079999,17744.976570410443,954172.2559835246,1350172.4788555745,5289598.365217391,382261.78115942026,15967687.25942029,1453384.0165541202,1736687.413640115,5317746.155072464,424687.95072463766,13644335.136231884,1027214.1487045666,1436335.5020383357,4335284.678260869,158418.69275362318,0.04782608695652174,0.0,0.0,0.0,101.99420289855072,114.31304347826087,15126.780925392944,2616.206096875271,22.315942028985507,437.2782608695652,99.67483518888406,133.13915720920434,47550.629454121154,0.0,0.04782608695652174,0.26521739130434785,0.372463768115942,0.12028985507246377,0.02608695652173913,0.0,0.26521739130434785,0.636231884057971,117.02117850076812,55.16144951868985,152.93641995571014,0.0,0.0,0.0,0.0,0.0,0.0,5.447826086956522,398.47391304347826,5.434782608695652,2625.230434782609,3606.5840579710143,9110.605797101449,2.420289855072464,14.005797101449275,247942.7656583913,93771.68066699298,347321.01594202896,186869.0884057971,4846960.44996087,253394.23632766336,5082107.102898551,4612243.865217391,690,0.8289855072463768,1
2018-03-01 02:59:00,7193.522157996146,11.306358381502891,15420788.200385356,5.065510597302505,4.7244701348747595,333.15414258188827,1862.0269749518304,170.7398843930636,23.741811175337187,52.19284194807129,48.877443952913296,384.84393063583815,51.14258188824663,138.34035412493256,126.44572945816957,371608.1862826486,28885.99525818891,1769149.63287635,1278645.8083927764,5463744.861271677,1146302.352601156,15126506.97495183,2188873.649866185,1543657.522959042,5346728.624277457,1162866.8477842005,12127200.736030828,1022910.4053161272,1258363.1635994734,3742036.427745665,199194.17341040462,0.03275529865125241,0.0,0.0,0.0,91.47591522157997,97.34104046242774,21345.886753842016,7538.345128535019,23.60500963391137,391.5606936416185,90.32877859041041,117.65352546275145,40996.486308754516,0.0019267822736030828,0.03275529865125241,0.22736030828516376,0.32947976878612717,0.14450867052023122,0.07129094412331406,0.0,0.22736030828516376,0.6628131021194605,107.55778661277841,52.19284194807129,138.34035412493256,0.0,0.0,0.0,0.0,0.0,0.0,5.065510597302505,333.15414258188827,4.7244701348747595,1862.0269749518304,2997.217726396917,10521.724470134875,2.0578034682080926,13.633911368015415,392535.4461596917,122179.8461933526,511079.7591522158,309954.6859344894,4892982.234666666,300992.13748322346,5175628.502890173,4632763.624277457,519,0.630057803468208,1
2018-03-01 03:00:00,7444.260945709282,10.292469352014011,13756546.383537654,4.716287215411558,4.099824868651488,339.4658493870403,1293.5919439579684,180.00700525394046,16.394045534150614,50.10484507467951,54.78156049130473,366.28546409807353,39.443082311733804,114.46834224806129,121.01922317635726,97802.11834113352,27212.122413589914,1665812.1162987007,1075322.3641157746,4984991.887915937,1201717.0350262697,13567689.690017514,2091340.8531037655,1320908.150789755,4898637.378283713,1287080.76882662,10483041.977232926,937402.4218424589,1092696.4371492616,3536865.5954465847,287825.64973730297,0.0542907180385289,0.0,0.0,0.0,86.57092819614711,85.54816112084063,22739.992625211617,4467.321423570051,16.327495621716288,371.64973730297726,77.89815460376533,108.91668927995796,35091.292441721955,0.0035026269702276708,0.0542907180385289,0.1978984238178634,0.35901926444833626,0.20665499124343256,0.07180385288966724,0.0,0.1978984238178634,0.6059544658493871,91.82121509884414,50.10484507467951,114.46834224806129,0.0,0.0,0.0,0.0,0.0,0.0,4.716287215411558,339.4658493870403,4.099824868651488,1293.5919439579684,3505.2014010507883,10983.152364273205,2.1453590192644483,14.823117338003502,312367.02630555164,26929.949391752783,350624.5831873905,297226.12434325746,4710773.741621717,49460.961429849944,4744132.9842381785,4637697.080560421,571,0.7338003502626971,1
2018-03-01 03:01:00,7602.187935034803,11.069605568445475,12194902.733178655,4.752900232018561,4.633410672853828,291.82714617169376,2155.3677494199537,156.1554524361949,21.428074245939676,47.258739629648495,44.688967581489564,378.9002320185615,49.21925754060325,140.89410002269142,128.36917162446636,355737.92985114787,38373.463370135774,962500.5425639952,1137225.0560150724,3965076.69837587,409952.16937354987,12064017.255220417,1381862.173164037,1370972.3299849501,3896980.3526682137,442839.88283062645,10422114.697215777,861426.0613528261,1038971.046823135,2978173.9675174016,160690.27494199536,0.060324825986078884,0.0,0.0,0.0,89.48027842227378,95.51740139211137,34010.82280632041,4354.677755188188,21.428074245939676,385.36890951276104,89.93991861006032,119.79069821267169,44296.17855587694,0.00580046403712297,0.060324825986078884,0.22389791183294663,0.3109048723897912,0.1937354988399072,0.060324825986078884,0.0,0.22389791183294663,0.654292343387471,106.69901279557656,47.258739629648495,140.89410002269142,0.0,0.0,0.0,0.0,0.0,0.0,4.752900232018561,291.82714617169376,4.633410672853828,2155.3677494199537,3690.7958236658933,8454.348027842227,1.9651972157772621,14.236658932714617,137563.99079904874,61013.09718022008,204637.4709976798,98670.93967517401,3595681.2094837585,170241.0169260055,3762161.8097447795,3443374.909512761,862,0.6577726218097448,1
2018-03-01 03:02:00,8228.930555555555,10.91358024691358,12024155.11882716,4.6265432098765435,3.996913580246914,364.59104938271605,1292.5802469135801,173.29320987654322,19.34567901234568,51.31604570216358,52.42878620957099,373.57716049382714,43.14969135802469,123.98098445552469,124.51280226010803,403444.60439252213,44252.004764153186,1136523.389007659,1060973.7347716484,4439023.13117284,677446.8101851852,11781410.040123457,1475755.8962706004,1304710.4110390139,4324979.449074074,721892.0586419753,9249155.73765432,833097.9142671466,1138873.2515914135,3450048.2453703703,228963.73611111112,0.06018518518518518,0.0,0.0,0.0,82.60493827160494,81.37037037037037,39484.95455024561,4766.344047599736,19.34567901234568,381.25,82.31429190576853,113.52775554625154,38165.25855123147,0.010802469135802469,0.06018518518518518,0.17746913580246915,0.3194444444444444,0.19598765432098766,0.06327160493827161,0.0,0.17746913580246915,0.6589506172839507,98.16164394316667,51.31604570216358,123.98098445552469,0.0,0.0,0.0,0.0,0.0,0.0,4.6265432098765435,364.59104938271605,3.996913580246914,1292.5802469135801,3532.354938271605,11184.751543209877,1.845679012345679,14.419753086419753,295076.43478537037,255241.17809376185,484627.3734567901,116114.34722222222,4047122.657941358,171317.91558584297,4213546.959876543,3884278.564814815,648,0.5092592592592593,1
2018-03-01 03:03:00,5782.755681818182,12.419642857142858,11521208.190746753,3.9935064935064934,3.9050324675324677,249.94805194805195,1615.8790584415585,133.26785714285714,23.46590909090909,45.00885048885958,36.83343533631737,303.62256493506493,56.63636363636363,124.88127761714286,94.13427158668344,198154.34459803562,30026.510591950668,931236.7626419673,1039138.0299043129,3612553.364448052,451238.6931818182,11402226.21103896,1345929.0751095398,1201361.143717977,3533935.3685064935,551761.0073051949,9877327.27353896,863441.8477532784,993841.8403882454,2799550.958603896,200718.13717532466,0.04220779220779221,0.0,0.0,0.0,74.66558441558442,79.52597402597402,26134.331941001485,3888.835822442064,23.435064935064936,311.9391233766234,79.66231445652029,96.71817420612174,33039.98955669478,0.005681818181818182,0.04220779220779221,0.18993506493506493,0.2597402597402597,0.1396103896103896,0.037337662337662336,0.0,0.18993506493506493,0.724025974025974,97.83495044904058,45.00885048885958,124.88127761714286,0.0,0.0,0.0,0.0,0.0,0.0,3.9935064935064934,249.94805194805195,3.9050324675324677,1615.8790584415585,2705.8506493506493,5630.137987012987,1.6866883116883118,13.016233766233766,58649.98824706981,18959.100830978277,96700.24188311688,49665.482954545456,3346965.3560714284,76308.92372973064,3408937.1907467535,3238358.2305194805,1232,0.7532467532467533,1
2018-03-01 03:04:00,9126.46218487395,10.105042016806722,7285603.174369748,4.262605042016807,3.0798319327731094,335.41386554621846,544.718487394958,170.359243697479,17.560924369747898,49.170121646260505,51.57160761067437,308.781512605042,34.529411764705884,91.60850001983194,100.44610781730462,669714.9964796188,59669.35082262148,841809.7941331861,683757.5719699864,2284816.3571428573,447025.0462184874,7281396.605042017,1133382.212072899,702425.4320559412,2315645.411764706,604206.0042016807,4259946.035714285,608374.0718063656,344230.37113411975,1186620.6512605043,298709.3025210084,0.07773109243697479,0.0,0.0,0.0,74.24369747899159,62.38655462184874,41608.10743431633,18055.475370429005,17.17436974789916,317.4348739495798,65.79469892180673,89.33408921069328,25792.221265097476,0.014705882352941176,0.07773109243697479,0.15546218487394958,0.33403361344537813,0.25210084033613445,0.04831932773109244,0.0,0.15546218487394958,0.5504201680672269,78.53198028504202,49.170121646260505,91.60850001983194,0.0,0.0,0.0,0.0,0.0,0.0,4.262605042016807,335.41386554621846,3.0798319327731094,544.718487394958,4133.180672268908,11966.9243697479,1.611344537815126,15.621848739495798,231966.67400367648,168403.35797119475,384706.06512605044,116931.53571428571,1812835.571092437,154757.86436332355,1996767.3403361344,1673727.6953781513,476,0.6701680672268907,1
2018-03-01 03:05:00,14664.669491525423,8.389830508474576,9842864.872881357,5.47457627118644,11.813559322033898,382.774011299435,12588.135593220339,204.5677966101695,12.228813559322035,52.628140682824856,63.91565476009322,356.5310734463277,22.437853107344633,92.52543923536723,121.20657246293784,464976.7125696093,77703.32111596999,2087823.3772548484,860434.2172206029,4277643.087570622,1651923.3587570621,9842762.621468926,2374818.384812147,1077288.6245488191,4328316.867231638,1673296.2231638418,5369648.661016949,673038.7769499152,668120.4002040331,2001661.6694915255,268782.72033898305,0.05084745762711865,0.0,0.0,0.0,119.42372881355932,239.2090395480226,68270.91279444197,9428.530389608777,12.228813559322035,366.1977401129943,71.40585624007345,102.57747859370058,31472.151895780506,0.005649717514124294,0.05084745762711865,0.2033898305084746,0.423728813559322,0.3022598870056497,0.12429378531073447,0.0,0.2033898305084746,0.5423728813559322,81.45444104275141,52.628140682824856,92.52543923536723,0.0,0.0,0.0,0.0,0.0,0.0,5.47457627118644,382.774011299435,11.813559322033898,12588.135593220339,4014.2796610169494,16136.52824858757,2.0254237288135593,16.949152542372882,265909.04444019776,128205.5954642195,377817.8163841808,174998.85875706215,3681284.037666667,290017.21756897145,3994734.426553672,3440435.0028248588,354,0.5734463276836158,1
2018-03-01 03:06:00,7762.052724077329,9.933216168717047,16088839.678383129,5.279437609841827,4.543057996485062,396.90685413005275,1370.8400702987697,194.23374340949033,16.274165202108964,52.22886586910369,59.68200359402108,400.2267135325132,32.36028119507909,119.87190579620386,137.06228337405975,245765.8592517607,45421.89765262077,1310323.614809597,1357250.2151476408,5649499.119507909,754538.360281195,15966579.493848858,1788463.3377682953,1753483.6600858937,5617536.852372584,789952.0263620387,12812436.282952549,1023471.8257480896,1500969.116573976,4457028.629173989,165550.96485061513,0.08084358523725835,0.0,0.0,0.0,97.3427065026362,95.8804920913884,41964.01054862956,3454.6702604021866,16.274165202108964,412.0035149384886,83.49601894045695,119.74158047514412,41110.813157554534,0.005272407732864675,0.08084358523725835,0.2618629173989455,0.3936731107205624,0.210896309314587,0.0492091388400703,0.0,0.2618629173989455,0.5746924428822495,97.08341862841827,52.22886586910369,119.87190579620386,0.0,0.0,0.0,0.0,0.0,0.0,5.279437609841827,396.90685413005275,4.543057996485062,1370.8400702987697,4183.27065026362,9922.28646748682,2.275922671353251,15.61335676625659,570081.6174074342,111041.72364388348,669553.3075571178,491930.3057996485,5214313.228595782,153938.48553215762,5368603.295254833,5048114.413005273,569,0.7908611599297012,1
2018-03-01 03:07:00,4622.936974789916,10.407563025210084,18678832.665966388,5.909663865546219,6.142857142857143,447.66806722689074,2609.6701680672268,224.6827731092437,20.525210084033613,60.62532627560925,66.73172386548529,476.98949579831935,39.29831932773109,150.8806890984454,164.40880218752733,198029.3351086893,18211.610698104127,1420966.8884966094,1802484.0499436352,6910213.970588235,641251.5588235294,18612582.355042018,2066022.0403286132,2350116.896419764,6887354.741596638,664801.1365546219,15774918.262605041,1319171.4657980653,1904285.7892070224,5527580.100840336,174467.41596638656,0.031512605042016806,0.0,0.0,0.0,115.47899159663865,130.54621848739495,16322.308110835453,1887.37991476029,20.525210084033613,485.0231092436975,103.15748913832563,143.30733351446636,51429.90772261121,0.0,0.031512605042016806,0.30462184873949577,0.4726890756302521,0.10714285714285714,0.018907563025210083,0.0,0.30462184873949577,0.6281512605042017,118.79805137867017,60.62532627560925,150.8806890984454,0.0,0.0,0.0,0.0,0.0,0.0,5.909663865546219,447.66806722689074,6.142857142857143,2609.6701680672268,5033.915966386555,12302.75630252101,2.7752100840336134,15.243697478991596,264600.43025281513,48383.88986900631,335002.1281512605,233648.52100840336,6246464.724779411,352017.58091526583,6619874.655462185,5926380.718487395,476,0.5798319327731093,1
2018-03-01 03:08:00,8160.19794344473,10.501285347043702,19188972.437017996,5.569408740359897,5.044987146529563,485.3573264781491,1725.1092544987146,204.32262210796915,17.479434447300772,54.11401088695372,62.8229712107198,463.0089974293059,44.25835475578406,156.5497322727378,161.17621327051415,260153.37115435654,26997.529167388864,1342225.6060008467,1639458.1629717797,6450617.862467866,700347.9781491002,19003521.42930591,1966297.8699276606,2124786.578107888,6334299.871465296,716537.293059126,16491051.712082263,1292443.1010048548,1897889.1153750431,5390292.719794344,144349.87146529564,0.07712082262210797,0.0,0.0,0.0,104.09254498714652,108.52956298200515,21686.494617637094,5305.152852058204,17.380462724935732,470.26478149100257,98.55282261282777,144.89228687606683,55002.63478277687,0.002570694087403599,0.07712082262210797,0.2930591259640103,0.37660668380462725,0.18380462724935734,0.05912596401028278,0.0,0.2930591259640103,0.6169665809768637,114.74970756811055,54.11401088695372,156.5497322727378,0.0,0.0,0.0,0.0,0.0,0.0,5.569408740359897,485.3573264781491,5.044987146529563,1725.1092544987146,3586.401028277635,8222.160668380462,2.533419023136247,14.740359897172237,189601.48504097687,194976.8593806294,358390.264781491,57119.10411311054,6064528.831544988,196377.9500563643,6200634.3946015425,5865038.5269922875,778,0.8560411311053985,1
2018-03-01 03:09:00,10545.782515991472,9.673773987206824,17742495.539445627,5.7164179104477615,5.7164179104477615,424.07462686567163,2997.5117270788915,204.8102345415778,18.95309168443497,56.6234361803113,62.0485454399403,428.1727078891258,35.21961620469083,140.97143137558635,148.04766050204694,908959.0126248188,71594.03341211574,1636518.7102298792,1674878.003712158,6727486.756929638,921583.9701492537,17738835.070362475,2191666.3226804924,2177180.481625957,6758748.710021322,959031.3219616205,14144405.90618337,1100440.4830705565,1668581.8602240344,4926707.635394456,208569.45415778251,0.08955223880597014,0.0,0.0,0.0,109.56929637526652,119.82942430703625,63597.797325713356,7994.284717425719,18.95309168443497,439.3923240938166,99.17375073675693,133.25051576534543,50344.37849440474,0.01279317697228145,0.08955223880597014,0.23667377398720682,0.37100213219616207,0.2622601279317697,0.08955223880597014,0.0,0.23667377398720682,0.5948827292110874,113.62825066181236,56.6234361803113,140.97143137558635,0.0,0.0,0.0,0.0,0.0,0.0,5.7164179104477615,424.07462686567163,5.7164179104477615,2997.5117270788915,4115.091684434968,12071.279317697228,2.417910447761194,15.667377398720681,184112.0449156077,122622.16432982197,289477.20042643923,100148.13432835821,6019572.42806823,461219.03842270665,6510543.240938166,5609510.181236674,469,0.7867803837953091,1
2018-03-01 03:10:00,9779.142857142857,10.45764854614412,13996723.155499367,4.910240202275601,4.700379266750948,352.8103666245259,2179.228824273072,169.27812895069533,18.236409608091023,48.52829054031353,51.40951884972946,345.1605562579014,40.37926675094817,124.60265917891277,114.41252695366624,327056.0855981952,56795.04788772848,955164.9812172567,1336170.4824350274,4715660.165613148,354566.8394437421,13736101.323640961,1428120.8561509862,1622049.8427833884,4562087.466498104,370877.85208596714,11577191.12642225,1112041.4505156283,1401507.2476071257,3897598.4993678886,200604.53982300885,0.08217446270543616,0.0,0.0,0.0,90.14917825537295,98.24525916561315,50882.03659506486,5904.912247498627,18.15802781289507,360.82806573957015,83.78845932891656,110.310745975067,39296.32568606842,0.006321112515802781,0.08217446270543616,0.22756005056890014,0.30720606826801516,0.26422250316055623,0.07585335018963338,0.0,0.22756005056890014,0.629582806573957,98.61069487025286,48.52829054031353,124.60265917891277,0.0,0.0,0.0,0.0,0.0,0.0,4.910240202275601,352.8103666245259,4.700379266750948,2179.228824273072,3115.0303413400757,7479.327433628318,1.9620733249051834,14.97850821744627,473254.14913628314,110924.10874440912,572880.5259165614,397540.16814159293,4076506.830678887,244209.97319627405,4306663.719342604,3847639.270543616,791,0.8217446270543616,1
2018-03-01 03:11:00,13543.946015424164,7.83547557840617,9295860.300771208,4.699228791773779,3.524421593830334,339.88688946015424,549.9280205655527,187.81748071979433,9.508997429305913,51.6474913227455,63.36896076483547,320.68637532133675,19.889460154241647,80.66740962319538,108.56981007732391,1085528.1609097992,100507.84998716522,2119062.0700714653,965840.0609428025,4119674.9537275066,1609832.820051414,9012790.33933162,2354524.5955133676,1100125.274682265,4077642.5064267353,1618410.8688946015,4578473.629820052,824676.0747127455,665223.7392039204,1798180.7146529562,312754.3084832905,0.14652956298200515,0.0,0.0,0.0,90.44730077120822,74.11825192802057,89445.63691290982,11056.331376738495,9.359897172236504,335.706940874036,63.56174534814653,95.8680658756401,27946.10055238653,0.012853470437017995,0.14652956298200515,0.18251928020565553,0.39845758354755784,0.38046272493573263,0.08483290488431877,0.0,0.18251928020565553,0.46786632390745503,73.80154373128792,51.6474913227455,80.66740962319538,0.0,0.0,0.0,0.0,0.0,0.0,4.699228791773779,339.88688946015424,3.524421593830334,549.9280205655527,4776.740359897172,15110.426735218509,1.820051413881748,17.182519280205657,251100.2726077635,11276.796710088689,260663.89460154242,243211.49357326477,3665356.2117532133,202346.67667190693,3876284.321336761,3488836.652956298,389,0.7532133676092545,1
2018-03-01 03:12:00,8722.9001447178,10.163531114327062,17183214.74674385,5.597684515195369,5.587554269175109,443.6222865412446,2443.2141823444285,203.027496382055,19.091172214182343,55.00319769780029,60.91501477634009,402.50072358900144,38.98118668596237,130.47721555614038,135.9811584084081,319005.1908183525,27938.759685244022,1469993.4011467998,1605315.9337571426,6279978.723589001,790277.6164978292,17075696.968162082,2030958.8696012446,2045570.9706407383,6242199.066570188,814292.1230101302,14141568.846599132,1103270.4326538783,1620438.3994790048,4819286.738060782,183266.67293777133,0.07814761215629522,0.0,0.0,0.0,107.86685962373372,118.33285094066571,22627.19040917875,5304.947046485693,19.04630969609262,413.8031837916064,90.05038079972938,123.82483722788133,44208.04849773844,0.002894356005788712,0.07814761215629522,0.23733719247467439,0.36468885672937773,0.23444283646888567,0.07380607814761216,0.0,0.23733719247467439,0.6107091172214182,104.9632414335919,55.00319769780029,130.47721555614038,0.0,0.0,0.0,0.0,0.0,0.0,5.597684515195369,443.6222865412446,5.587554269175109,2443.2141823444285,3843.2995658465993,9858.811866859623,2.4327062228654124,15.39218523878437,381946.65590742405,83356.35891509945,506779.5832127352,327441.7366136035,5680586.868299565,356434.40362179274,5986870.13748191,5370623.6830680175,691,0.7756874095513748,1
2018-03-01 03:13:00,5361.927350427351,11.257834757834758,18321394.933048435,5.82051282051282,5.782051282051282,426.4985754985755,2645.3988603988605,198.52706552706553,21.544159544159545,55.24708010735042,57.693424915454415,442.9216524216524,49.01282051282051,158.19950630804843,151.15078903237892,316454.74542221497,39918.38952175966,1188031.043225604,1749004.9520832633,6838080.339031339,526820.245014245,18068177.50997151,1766610.985417745,2276380.2575902585,6723793.461538462,541566.8646723647,16091448.492877493,1343560.6898589332,2118280.6213612542,5977126.512820513,212491.08262108263,0.06267806267806268,0.0,0.0,0.0,109.58974358974359,118.63817663817663,36719.062041341385,3194.764556485731,21.35042735042735,452.3176638176638,102.34907802456839,139.55135109883616,52302.78363058564,0.002849002849002849,0.06267806267806268,0.25925925925925924,0.3504273504273504,0.14814814814814814,0.022792022792022793,0.0,0.25925925925925924,0.6709401709401709,119.42270712940172,55.24708010735042,158.19950630804843,0.0,0.0,0.0,0.0,0.0,0.0,5.82051282051282,426.4985754985755,5.782051282051282,2645.3988603988605,3127.962962962963,8758.686609686609,2.4444444444444446,14.051282051282051,291577.2450634188,117994.31741637351,396651.8133903134,209263.76353276352,6403563.255881766,235308.0185899335,6617964.944444444,6166686.443019943,702,0.782051282051282,1
2018-03-01 03:14:00,8957.561965811965,9.886752136752136,18375766.138888888,5.884615384615385,5.835470085470085,527.4166666666666,2272.925213675214,222.42521367521368,17.354700854700855,58.60016908935897,69.54465396529915,435.3354700854701,37.85897435897436,137.79226455021367,148.2499963158547,397068.1560940911,45326.307801385505,1843650.4297904165,1506713.9921687427,6178938.036324786,1199250.2841880342,18262732.57051282,2383841.4373302823,1934681.0671914672,6168975.27991453,1231725.9572649573,13724389.448717948,1052811.3585474081,1482556.5275103515,4269255.188034188,197132.88675213675,0.06623931623931624,0.0,0.0,0.0,109.03418803418803,122.14529914529915,41221.35824105835,4099.082943732827,17.185897435897434,447.70299145299145,94.6804773732906,134.65838866830128,48406.746340503756,0.004273504273504274,0.06623931623931624,0.2329059829059829,0.38461538461538464,0.21153846153846154,0.05128205128205128,0.0,0.2329059829059829,0.6047008547008547,108.99626360178846,58.60016908935897,137.79226455021367,0.0,0.0,0.0,0.0,0.0,0.0,5.884615384615385,527.4166666666666,5.835470085470085,2272.925213675214,3677.324786324786,11651.047008547008,2.5106837606837606,15.102564102564102,188900.27590301284,131749.44402343538,361153.952991453,99276.9829059829,5692871.133544872,267148.9373160476,5935191.696581197,5435247.525641026,468,0.7991452991452992,1
2018-03-01 03:15:00,10204.373887240356,10.302670623145401,15597907.833827892,6.250741839762611,5.421364985163205,597.4955489614243,2085.4821958456973,162.24777448071217,17.8026706231454,48.558245027212166,48.86607547161721,364.54896142433233,39.4406528189911,131.84965538045992,125.865767072819,632615.2193603883,48312.56497457326,1016074.2616448873,1658385.9788099548,6205052.56231454,344768.4940652819,15493825.145400593,1549595.9357389275,2150815.4736180743,6182751.824925816,366780.853115727,13217861.495548962,1162304.0942813663,1852861.2697871435,5285372.792284867,152763.7047477745,0.11869436201780416,0.0,0.0,0.0,114.08308605341246,108.54005934718101,43254.18654563799,5048.194540219993,17.8026706231454,377.7893175074184,86.34527026838279,117.04632125948515,43020.286702675774,0.011869436201780416,0.11869436201780416,0.21513353115727002,0.32047477744807124,0.2626112759643917,0.06528189910979229,0.0,0.21513353115727002,0.5875370919881305,101.54566654010385,48.558245027212166,131.84965538045992,0.0,0.0,0.0,0.0,0.0,0.0,6.250741839762611,597.4955489614243,5.421364985163205,2085.4821958456973,3242.1958456973293,7498.091988130564,2.735905044510386,15.305637982195845,333936.80443133536,246121.20059386868,530783.8234421365,160752.01632047477,5657651.536062314,371834.330305666,5992272.50148368,5330305.630563798,674,0.7937685459940653,1
2018-03-01 03:16:00,7071.200956937799,10.809808612440191,16024242.141148325,4.937799043062201,4.44377990430622,411.1782296650718,1487.4736842105262,170.3755980861244,25.50598086124402,53.98875627372009,49.54816294536602,317.194976076555,47.79306220095694,120.94252985426675,103.12449602773803,212049.13712441857,29839.568105572525,1376842.1880742877,1258788.7723827916,4912058.65430622,833020.5023923445,15801105.582535885,1860321.493151128,1510645.8332121181,4759995.417464115,922785.1339712918,13258627.40430622,1042587.1704458409,1394549.7944716434,3777817.4210526315,159901.55502392346,0.08373205741626795,0.0,0.0,0.0,90.37320574162679,93.76076555023923,27329.52636263466,2504.0207417782844,25.11842105263158,338.872009569378,84.43559544935405,102.31710173726196,35741.64716365786,0.009569377990430622,0.08373205741626795,0.1854066985645933,0.2942583732057416,0.19976076555023922,0.023923444976076555,0.0,0.1854066985645933,0.6052631578947368,102.9344245355933,53.98875627372009,120.94252985426675,0.0,0.0,0.0,0.0,0.0,0.0,4.937799043062201,411.1782296650718,4.44377990430622,1487.4736842105262,2833.6172248803828,4472.058612440192,2.0956937799043063,14.105263157894736,270195.668029689,105342.4928184513,424267.2476076555,205465.7105263158,4581378.294608852,188234.2825081689,4739538.903110048,4332249.757177033,836,0.8110047846889952,1
2018-03-01 03:17:00,8953.24858757062,9.992467043314502,15502786.391713748,4.967984934086629,4.020715630885123,343.5593220338983,927.4595103578155,179.69868173258004,17.148775894538606,49.83966475716384,54.073300310544255,342.3276836158192,39.97175141242938,115.53156556131827,114.47037212996233,727904.4914661692,54095.40403405763,1750593.0460802945,1505953.8920691004,6049672.514124294,1071895.154425612,15177076.105461394,2217025.2235954576,1819158.7957137122,5886345.506591337,1141053.5687382298,11422883.700564971,1221721.7038047968,1526783.8885616467,4306874.1054613935,272435.593220339,0.07344632768361582,0.0,0.0,0.0,89.5065913370998,82.23728813559322,46099.04744236303,7990.324251830722,17.03954802259887,359.60828625235405,78.2381762705838,107.99652977691149,35640.362153348025,0.005649717514124294,0.07344632768361582,0.2278719397363465,0.3446327683615819,0.2391713747645951,0.060263653483992465,0.0,0.2278719397363465,0.6252354048964218,92.92519302254236,49.83966475716384,115.53156556131827,0.0,0.0,0.0,0.0,0.0,0.0,4.967984934086629,343.5593220338983,4.020715630885123,927.4595103578155,3869.4048964218455,8267.847457627118,1.8436911487758945,15.465160075329567,466570.7118926742,171192.53222322522,596801.6647834275,344916.9981167608,5373791.122973634,403607.86127955216,5801227.111111111,5003793.037664783,531,0.7853107344632768,1
2018-03-01 03:18:00,10942.774074074074,10.52962962962963,14870773.616049383,4.808641975308642,7.41358024691358,355.70246913580246,5915.265432098766,141.01481481481483,21.574074074074073,46.58267440165062,41.24613706835185,316.1641975308642,38.855555555555554,121.86730682888889,108.02147657871606,1502820.7958085428,69686.15838177377,911118.0000046329,1406926.6238742424,4987631.269135802,281877.0851851852,14812198.108641975,1415085.5129727116,1787476.5668863263,4972994.558024691,324357.72345679015,12487722.798765432,973392.1383118964,1426010.5152367176,4062434.051851852,133485.16543209876,0.10864197530864197,0.0,0.0,0.0,89.60493827160494,150.1530864197531,63368.93354936175,6309.315764633273,19.733333333333334,334.3567901234568,82.88582960666542,103.96262897515184,38665.35568105688,0.0049382716049382715,0.10864197530864197,0.18518518518518517,0.27530864197530863,0.291358024691358,0.06419753086419754,0.0,0.18518518518518517,0.6333333333333333,97.96672880270741,46.58267440165062,121.86730682888889,0.0,0.0,0.0,0.0,0.0,0.0,4.808641975308642,355.70246913580246,7.41358024691358,5915.265432098766,3236.838271604938,4046.983950617284,1.8790123456790124,14.97283950617284,188137.07139945676,50331.43763300406,281783.77777777775,159481.02839506173,4464193.7732987655,223785.77763246297,4683835.909876543,4266660.058024691,810,0.6,1
2018-03-01 03:19:00,11038.674666666666,9.477333333333334,13269998.589333333,4.605333333333333,3.6506666666666665,318.744,1028.704,161.30666666666667,14.370666666666667,49.295131786072,52.524696456933334,272.496,34.10666666666667,90.71651406437333,87.88456628308532,525711.0534234131,65159.70456196121,1783104.2924738827,1270914.0477227012,5093867.3226666665,1173325.9573333333,13147923.584,2266447.0903006215,1584902.7918197839,5093509.093333334,1226863.3866666667,9011296.856,1162553.60311848,1066361.2634362394,3186789.1866666665,413693.93066666665,0.18933333333333333,0.0,0.0,0.0,81.73866666666666,73.83466666666666,52284.47492943007,12865.467582364643,14.050666666666666,292.86133333333333,69.11549322226666,88.29941758956268,27003.481461914456,0.010666666666666666,0.18933333333333333,0.10666666666666667,0.272,0.36,0.06666666666666667,0.0,0.10666666666666667,0.488,82.55155387194667,49.295131786072,90.71651406437333,0.0,0.0,0.0,0.0,0.0,0.0,4.605333333333333,318.744,3.6506666666666665,1028.704,3716.648,9190.944,1.6586666666666667,15.68,394828.4467905867,365133.7132954773,716778.9306666667,142549.208,4379647.237093333,365593.7765553594,4757783.816,4047187.5093333335,375,0.7253333333333334,1
2018-03-01 03:20:00,7069.255343082114,11.484814398200225,17733662.48368954,5.214848143982002,5.238470191226097,396.3835770528684,2141.609673790776,153.70303712035997,23.484814398200225,48.671391862629925,44.07233880418897,336.41844769403826,48.86839145106862,130.22655420661755,109.90132066151182,263124.01295111084,22513.948314079327,1310439.4083543676,1515379.362538822,6080789.427446569,619723.9100112485,17250827.214848146,1748862.9775839518,1823209.287951587,5796009.069741283,634808.2800899887,14616682.676040495,1155121.2522015804,1614014.1978429125,5003737.858267716,170159.89651293587,0.05961754780652419,0.0,0.0044994375703037125,0.0,95.5275590551181,108.44544431946007,17072.643421508543,5436.672311561081,23.41507311586052,352.3892013498313,86.28848432841058,109.13329404033183,39637.2934924059,0.003374578177727784,0.05961754780652419,0.22722159730033745,0.2980877390326209,0.1687289088863892,0.05174353205849269,0.0044994375703037125,0.22722159730033745,0.7446569178852643,103.12969826224635,48.671391862629925,130.22655420661755,0.0,0.0,0.0,0.0,0.0,0.0,5.214848143982002,396.3835770528684,5.238470191226097,2141.609673790776,3521.7997750281215,4247.804274465691,2.098987626546682,13.849268841394826,302288.0928168279,101473.6673710064,416999.6535433071,230226.61979752532,5266468.304339707,714430.5985088218,5819631.200224972,4714808.677165355,889,0.8953880764904387,1
2018-03-01 03:21:00,6801.13263785395,10.944858420268256,14876798.837555887,5.214605067064084,8.52160953800298,322.54545454545456,7553.213114754099,144.78539493293593,20.272727272727273,44.373095007429214,41.89821721138599,298.7570789865872,47.63487332339791,116.36685648835022,95.7822947752757,222026.45460646896,28718.451650211024,1037566.443126693,1607971.4109656545,5658335.797317437,303789.79880774964,14310704.278688524,1404528.8443949225,1876307.0258257112,5322871.102831595,334244.7347242921,12401269.435171386,1223285.0210445693,1488944.288043099,4265684.749627422,303709.739195231,0.08345752608047691,0.0,0.0,0.0,97.63934426229508,174.15201192250373,24461.3526139342,4252.325307037619,20.272727272727273,313.24739195231,77.68466847090463,96.87433292344262,32608.98065498167,0.011922503725782414,0.08345752608047691,0.18330849478390462,0.2995529061102832,0.22503725782414308,0.04918032786885246,0.0,0.18330849478390462,0.7526080476900149,93.93724320226526,44.373095007429214,116.36685648835022,0.0,0.0,0.0,0.0,0.0,0.0,5.214605067064084,322.54545454545456,8.52160953800298,7553.213114754099,3214.4828614008943,4554.955290611028,1.8822652757078986,14.771982116244411,223445.61696660207,148596.29013495432,373456.4023845007,124173.34724292101,5148141.188324888,422277.6886279796,5521273.423248882,4782736.04023845,671,0.7123695976154992,1
2018-03-01 03:22:00,10168.763537906138,10.07581227436823,14426161.814079423,4.803249097472924,9.326714801444043,436.4097472924188,8696.971119133574,154.31227436823104,16.108303249097474,45.0877613417509,48.170939053886286,308.72563176895306,37.18592057761733,104.98768363734656,102.90962471420578,660922.8716060842,68562.42609265211,2054380.947901076,1407917.6854592646,5964132.205776174,1369462.108303249,13788492.857400723,2353323.090908628,1612912.9094603488,5652912.153429603,1421412.7671480144,9987320.792418772,1102258.720141361,1378599.0620792632,3877564.175090253,271477.20397111913,0.061371841155234655,0.0,0.0,0.0,85.9783393501805,187.40072202166064,60595.51928402233,7964.428851968634,15.563176895306858,323.2148014440433,71.52190389988087,97.16491813756318,32313.664275593397,0.005415162454873646,0.061371841155234655,0.16606498194945848,0.3267148014440433,0.2581227436823105,0.09566787003610108,0.0,0.16606498194945848,0.7671480144404332,84.52862512704512,45.0877613417509,104.98768363734656,0.0,0.0,0.0,0.0,0.0,0.0,4.803249097472924,436.4097472924188,9.326714801444043,8696.971119133574,4006.2129963898915,7039.097472924188,1.8014440433212997,15.11913357400722,315994.81596929603,163059.48000239843,482145.64259927796,206591.67328519854,5152799.923662455,605488.7984556628,5711711.227436823,4676099.559566787,554,0.7707581227436823,1
2018-03-01 03:23:00,11753.25625,8.58125,12049571.85,4.728125,3.459375,310.15,409.878125,146.578125,19.659375,47.37664821639687,43.425732036190624,223.1,26.665625,63.230018293406246,69.99588454675312,831108.6199816532,76035.29787491447,2387647.0786857293,1230363.337696237,4753425.809375,1513543.1375,11122238.746875,2437244.2450170936,1101350.7478021309,4254813.334375,1577261.015625,6279742.25625,1105293.9265978127,584646.9370986228,2033857.884375,638230.8125,0.14375,0.0,0.0,0.0,88.05,72.45,62980.00704975602,13049.570874083778,19.19375,240.484375,56.55929704344375,65.67491470294375,16761.94435089501,0.009375,0.14375,0.1375,0.375,0.340625,0.08125,0.0,0.1375,0.64375,68.36626283493437,47.37664821639687,63.230018293406246,0.0,0.0,0.0,0.0,0.0,0.0,4.728125,310.15,3.459375,409.878125,5122.546875,10042.840625,1.528125,17.775,672323.0400585625,27617.73455575128,700605.23125,653546.884375,3707329.571875,702856.7299536521,4431098.796875,3094082.03125,320,0.6125,1
2018-03-01 03:24:00,7004.8467360454115,11.104068117313151,15363499.382213812,4.917691579943235,4.945127719962157,307.4531693472091,2573.245033112583,128.34437086092714,20.385052034058656,40.5313886633614,35.74060022835194,324.6915799432356,48.01135288552507,134.1484068396689,109.09448141531882,230246.60878982156,30364.506859860245,1006915.1535449157,1424322.738809783,4942030.622516557,317384.91863765375,14825334.970671711,1405924.4138707095,1636293.4407478883,4658897.776726585,372250.03122043516,13315998.988647114,1138210.262903723,1328869.5875404247,4039577.490066225,259778.27057710502,0.07379375591296121,0.0,0.007568590350047304,0.0,95.61778618732261,103.55723746452223,25445.91641420233,4914.261249540898,20.355723746452224,332.6092715231788,83.1677352041703,106.2571671841665,40935.26104699071,0.000946073793755913,0.07379375591296121,0.2412488174077578,0.33491012298959316,0.17786187322611163,0.05581835383159887,0.007568590350047304,0.2412488174077578,0.7161778618732261,99.38966597700757,40.5313886633614,134.1484068396689,0.0,0.0,0.0,0.0,0.0,0.0,4.917691579943235,307.4531693472091,4.945127719962157,2573.245033112583,3722.5922421948912,4378.438978240303,1.84957426679281,14.963103122043519,295736.4712106528,122278.65446337285,460567.0983916746,223980.17786187324,4475612.917086093,267240.00615464564,4714710.484389782,4254012.501419111,1057,0.8741721854304636,1
2018-03-01 03:25:00,9199.692844677138,9.404886561954624,11635888.32286213,4.0732984293193715,3.225130890052356,231.32286212914485,849.2286212914485,119.62478184991274,17.115183246073297,38.738254503767884,36.61352803166317,235.0174520069808,30.62652705061082,82.71579775779931,79.94998268050261,554108.4214662191,51256.23356667476,1870752.9088869877,1149015.483307411,4539456.937172775,1207955.4694589877,10728560.956369983,2067187.2367441014,1120989.2208257644,4072933.556719023,1309290.4031413612,7688054.357766143,954771.4499042879,902251.3630639297,2598474.8656195463,276997.369982548,0.08551483420593368,0.0,0.020942408376963352,0.0,79.0087260034904,68.54450261780104,45650.46445136219,5602.574727176016,16.905759162303664,249.36125654450262,58.930586195514834,74.21399756340139,24516.33276608461,0.006980802792321117,0.08551483420593368,0.21291448516579406,0.39965095986038396,0.23211169284467714,0.07504363001745201,0.020942408376963352,0.21291448516579406,0.6335078534031413,70.90661807193892,38.738254503767884,82.71579775779931,0.0,0.0,0.0,0.0,0.0,0.0,4.0732984293193715,231.32286212914485,3.225130890052356,849.2286212914485,5530.0907504363,7440.101221640489,1.4136125654450262,17.458987783595113,343695.3610345899,98851.9459572115,448976.5933682374,279044.8673647469,3807920.766589878,362827.94268126466,4176373.781849913,3529822.157068063,573,0.6684118673647469,1
2018-03-01 03:26:00,10943.557220708446,10.061307901907357,15695566.694822889,4.708446866485014,4.329700272479564,422.3242506811989,1180.8133514986375,151.85558583106268,16.13351498637602,43.28379729657902,46.381337082068114,311.949591280654,33.43051771117166,107.17757728629428,108.92454204986647,303447.77327094664,38067.50921908911,1258003.877541055,1442807.767624515,5589016.446866485,598568.5367847411,15009212.29972752,1658993.4626382876,1703918.100875616,5351511.497275204,661059.461852861,13559496.708446866,1192113.8164656158,1533886.6470554878,4649193.324250681,246032.58583106266,0.05858310626702997,0.0,0.005449591280653951,0.0,91.13896457765668,92.26702997275204,31225.483312799795,6837.6619109964995,16.13351498637602,328.36512261580384,71.25542506841961,99.8487198523297,36354.27261907429,0.0027247956403269754,0.05858310626702997,0.21525885558583105,0.3528610354223433,0.2506811989100817,0.08719346049046321,0.005449591280653951,0.21525885558583105,0.6553133514986376,83.75315299951635,43.28379729657902,107.17757728629428,0.0,0.0,0.0,0.0,0.0,0.0,4.708446866485014,422.3242506811989,4.329700272479564,1180.8133514986375,4492.351498637602,5208.762942779292,2.066757493188011,15.82016348773842,244814.5880323297,123587.18645263562,419097.5217983651,167871.7234332425,4987166.841787466,544352.727511893,5419973.8841961855,4556088.226158038,734,0.728882833787466,1
2018-03-01 03:27:00,8671.715106454883,7.51098344035147,2930226.6437985804,1.946941534302129,1.701588374450828,71.65021966880703,298.5430888813788,33.29739776951673,6.415343021290977,12.417970574935113,9.732771130789118,78.0980060831362,12.389320716458263,31.14732407469855,27.06775278751335,46859.401495293634,348115.49442026333,228783.03734112481,279083.3999193698,1082691.8337276108,102748.0341331531,2762635.4210882057,308081.35555189324,312272.4839146565,990001.9472794863,126672.27036160865,2369600.82527881,226189.90981145418,302192.59969395824,900155.9499831024,52062.02331868875,0.03041568097330179,0.0,0.012842176410949644,0.0,40.921933085501855,34.54139912132477,177414.56568655084,170699.5369220435,6.415343021290977,80.91720175735045,20.595377126738086,25.054685895360933,8662.51867609486,0.0037174721189591076,0.03041568097330179,0.05373436971949983,0.7776275768840825,0.07232173031429537,0.024670496789455897,0.012842176410949644,0.05373436971949983,0.8773234200743495,25.14934973679655,12.417970574935113,31.14732407469855,0.0,0.0,0.0,0.0,0.0,0.0,1.946941534302129,71.65021966880703,1.701588374450828,298.5430888813788,2085.0364988171677,1687.4055424129774,0.3991213247718824,21.528894896924637,144228.27850014195,26779.416788669827,170429.55491720175,125834.70733355863,961994.9399966204,62742.30115909823,1018565.3896586684,908369.7222034471,2959,0.9594457587022642,1
2018-03-01 03:28:00,10077.102564102564,9.313725490196079,13459129.906485671,4.781297134238311,4.322775263951734,378.3122171945701,1891.6636500754148,148.8763197586727,15.90950226244344,42.387366936365005,45.509256682850676,305.85369532428354,32.425339366515836,112.43449946992911,108.49235832145399,392629.44221226516,29442.945453710265,1801268.5508565363,1316907.0266885874,4701933.346907994,1032700.9924585219,12638837.659125188,2097869.222905777,1342691.6685552886,4276845.983408748,1126512.923076923,9855815.564102564,1117491.6640854857,924984.457936241,2907077.1553544495,419361.7888386124,0.08144796380090498,0.0,0.024132730015082957,0.0,94.6003016591252,92.83257918552036,26589.409069801095,2847.3246723418642,15.90950226244344,317.68024132730017,74.12821858598794,98.78585699086577,37658.44088880868,0.006033182503770739,0.08144796380090498,0.23076923076923078,0.39819004524886875,0.24434389140271492,0.06033182503770739,0.024132730015082957,0.23076923076923078,0.579185520361991,86.21484290835596,42.387366936365005,112.43449946992911,0.0,0.0,0.0,0.0,0.0,0.0,4.781297134238311,378.3122171945701,4.322775263951734,1891.6636500754148,6309.058823529412,9296.956259426848,1.894419306184012,17.194570135746606,324307.49849159876,100446.75788705527,436349.3846153846,258412.10708898943,4137214.421514329,394306.66985474905,4454535.365007541,3761061.3710407238,663,0.6048265460030166,1
2018-03-01 03:29:00,11016.781411359725,9.008605851979347,11628768.125645438,4.426850258175559,3.2478485370051633,287.6385542168675,611.2306368330464,138.26161790017213,17.394148020654043,42.40101477539759,41.3352013049673,270.9845094664372,29.328743545611015,90.25750530996558,97.93344979004131,279453.4355861168,31548.741474875704,1449885.374948818,1363517.168551697,4657884.022375215,670629.099827883,10624066.853700517,1673895.1076245042,1361688.3596598036,4141750.583476764,766256.9690189329,8285772.225473322,1165021.1211129948,1159527.891784385,3250404.8932874356,387499.09294320137,0.060240963855421686,0.0,0.027538726333907058,0.0,85.52839931153184,69.1566265060241,28467.660453466553,3078.7182190986814,17.371772805507746,283.6075731497418,61.565399981273664,83.02336949094837,28527.636127119953,0.0017211703958691911,0.060240963855421686,0.24612736660929432,0.4475043029259897,0.22547332185886404,0.0963855421686747,0.027538726333907058,0.24612736660929432,0.5662650602409639,73.29695740050602,42.40101477539759,90.25750530996558,0.0,0.0,0.0,0.0,0.0,0.0,4.426850258175559,287.6385542168675,3.2478485370051633,611.2306368330464,6516.149741824441,9789.134251290878,1.4939759036144578,18.182444061962133,561568.539212358,161578.21336936357,682487.2581755593,447795.6936316695,3811977.3269586917,561283.4119992323,4301888.030981068,3360009.9053356284,581,0.6471600688468159,1
2018-03-01 03:30:00,8032.6410041841,10.988284518828452,13353902.946443515,4.5179916317991635,4.1564853556485355,309.49539748953976,1726.236820083682,131.44435146443516,19.261087866108788,40.26316856964519,37.370332513993304,315.7054393305439,44.21757322175732,129.55599814164017,111.17296080787196,416581.59561443527,33167.63066385174,916987.5552907941,1260470.8458764825,4323296.637656904,326608.0987447699,12855192.663598327,1254405.8709237347,1435710.095086033,4045845.762343096,386516.19163179916,11734039.745606694,995862.4036884352,1240783.7239549276,3559895.079497908,204322.7648535565,0.06610878661087866,0.0,0.013389121338912133,0.0,88.36150627615062,86.60083682008369,28788.414249617137,4373.47253014649,19.09623430962343,326.45690376569036,78.76904909154727,103.5880309720477,39460.7685045768,0.0041841004184100415,0.06610878661087866,0.25523012552301255,0.34393305439330546,0.17322175732217573,0.04602510460251046,0.013389121338912133,0.2560669456066946,0.6610878661087866,94.05987015057741,40.26316856964519,129.55599814164017,0.0,0.0,0.0,0.0,0.0,0.0,4.5179916317991635,309.49539748953976,4.1564853556485355,1726.236820083682,4131.861924686193,4746.8033472803345,1.8326359832635983,15.380753138075313,252541.09401358996,80574.32527010588,344274.66861924686,201065.36569037658,3980826.8981020926,208563.6369051385,4133340.5020920504,3755988.6351464437,1195,0.8192468619246862,1
2018-03-01 03:31:00,7638.843492586491,9.69851729818781,15358560.275123559,5.049423393739703,4.86820428336079,310.5930807248764,2313.7907742998354,144.8797364085667,18.15321252059308,44.25792425244646,43.11760118337561,309.90609555189457,33.88138385502471,110.79470288560132,106.8755602878715,239993.87097601948,25830.691469959373,2079009.2525177721,1464363.592231518,5784108.125205931,1325201.680395387,14726470.255354201,2543377.0709741237,1494167.0048948796,5420771.28830313,1598427.140032949,10788521.728171334,1217198.7983922472,1206966.3754639244,3775821.8533772654,495491.45963756175,0.054365733113673806,0.0,0.013179571663920923,0.0,94.39868204283361,101.55518945634267,20917.3673836572,4911.062491398705,17.97364085667216,321.51235584843494,75.49249378866557,97.69002415214004,35832.17117816078,0.0016474464579901153,0.054365733113673806,0.25370675453047775,0.41680395387149916,0.18616144975288304,0.06260296540362438,0.013179571663920923,0.25370675453047775,0.6457990115321252,88.22527476724876,44.25792425244646,110.79470288560132,0.0,0.0,0.0,0.0,0.0,0.0,5.049423393739703,310.5930807248764,4.86820428336079,2313.7907742998354,5302.677100494234,8369.153212520592,1.7808896210873146,16.652388797364086,435489.87967523886,229872.23279257,628158.9275123558,276072.6540362438,5229119.138285008,330193.71223346435,5551599.639209226,4944493.967051071,607,0.8171334431630972,1
2018-03-01 03:32:00,15109.018404907976,8.128834355828221,8720114.065439673,3.9591002044989776,3.042944785276074,338.3885480572597,792.0817995910021,120.56646216768917,13.325153374233128,36.97588725513088,37.926996149466255,238.10224948875256,20.319018404907975,80.55011380331288,91.2257376293681,402733.3502598281,51980.27658821171,1253406.555334234,1308825.6890363912,4149389.4785276074,496038.58895705524,7508378.664621677,1351824.262148945,1172462.1869143078,3454002.1288343556,625192.1145194274,6354032.059304703,1318433.204615869,940796.1964515436,3060886.3680981593,690434.5501022495,0.07566462167689161,0.0,0.032719836400818,0.0,82.3721881390593,63.91002044989775,46545.83156164797,5428.830350870069,13.325153374233128,251.85276073619633,55.31137061515337,74.75527895592842,26544.408977075167,0.00408997955010225,0.07566462167689161,0.2229038854805726,0.4396728016359918,0.3169734151329243,0.10020449897750511,0.032719836400818,0.2229038854805726,0.556237218813906,64.39368327460123,36.97588725513088,80.55011380331288,0.0,0.0,0.0,0.0,0.0,0.0,3.9591002044989776,338.3885480572597,3.042944785276074,792.0817995910021,7219.936605316973,8461.683026584868,1.3108384458077709,19.787321063394682,656562.678208589,98474.79831262023,731956.3537832311,584710.3415132924,3458750.89393865,467807.53857131995,3859120.893660532,3069699.044989775,489,0.7443762781186094,1
2018-03-01 03:33:00,12876.016241299303,8.909512761020881,10094861.487238979,4.508120649651972,3.4895591647331785,346.2900232018562,555.3897911832946,161.66589327146173,11.361948955916473,44.58645074252436,51.75127241366822,257.6844547563805,29.380510440835266,73.62851650234339,81.97138940220417,162530.30938419254,61139.818861512904,1322307.455001223,931835.2053565587,3657670.331786543,841147.2668213457,9775969.002320185,1530391.8103683684,1002196.9545092003,3426927.988399072,857656.958236659,6740529.148491879,826145.8672431554,664644.9171103999,2284902.5104408353,420536.8607888631,0.12064965197215777,0.0,0.0,0.0,81.87470997679814,72.56612529002321,54423.74986427599,6702.266795496457,11.361948955916473,272.77494199535965,56.53720122724826,78.67817662619953,21534.290012770347,0.0069605568445475635,0.12064965197215777,0.12529002320185614,0.33410672853828305,0.35730858468677495,0.08584686774941995,0.0,0.12529002320185614,0.5150812064965197,67.05689575945708,44.58645074252436,73.62851650234339,0.0,0.0,0.0,0.0,0.0,0.0,4.508120649651972,346.2900232018562,3.4895591647331785,555.3897911832946,3844.016241299304,10491.52668213457,1.7215777262180973,16.529002320185615,555190.5785510208,157772.5609566798,696136.4918793504,446385.2691415313,3126988.366951276,221862.04391256612,3336104.3944315547,2937658.1554524363,431,0.6310904872389791,1
2018-03-01 03:34:00,7116.6704980842915,11.005108556832695,13965976.215836527,4.420178799489144,3.9374201787994894,365.44955300127714,1354.8224776500638,157.46871008939974,20.59514687100894,48.241947539315454,47.26547688564113,288.3346104725415,43.81353767560664,112.77924014918774,93.67857364631416,438975.4361243355,38807.01986227573,1536240.885496797,1374385.2137398159,5129050.438058749,861719.7203065134,13410462.40485313,1878626.9269942655,1577386.0545477152,4756825.075351213,866637.5249042145,10802297.214559387,1161379.9585406182,1186263.9541838665,3629110.6794380588,444366.00383141765,0.06257982120051085,0.0,0.0,0.0,80.60791826309068,81.11366538952745,36567.4496348777,2234.3105024401684,20.555555555555557,310.41379310344826,78.07654156034226,96.58540364326947,34355.768446000446,0.006385696040868455,0.06257982120051085,0.20178799489144317,0.3090676883780332,0.19923371647509577,0.03959131545338442,0.0,0.20178799489144317,0.6679438058748404,93.65435570889782,48.241947539315454,112.77924014918774,0.0,0.0,0.0,0.0,0.0,0.0,4.420178799489144,365.44955300127714,3.9374201787994894,1354.8224776500638,4047.5006385696042,6652.3295019157085,1.86845466155811,14.120051085568328,314102.43030750955,129203.4991120942,420595.91315453383,223516.21328224777,4526953.42592848,285830.1074393621,4807836.45210728,4211786.30651341,783,0.6066411238825032,1
2018-03-01 03:35:00,8141.0759345794395,10.886682242990654,12807030.984813085,6.936915887850467,5.696261682242991,1490.3890186915887,1341.2803738317757,179.2231308411215,19.83644859813084,52.62475153174182,53.77063527791355,387.75233644859816,41.941588785046726,133.22144548522547,134.15471623000818,182369.71495436836,23627.64523258989,714682.5949302918,1220305.6928056043,4370261.429906542,193836.04556074768,12582579.633177571,1129794.6239491608,1505914.9604888344,4210999.3130841125,199800.5128504673,11239238.6682243,969268.6045797749,1255536.1999388253,3728102.1273364485,196746.16588785045,0.052570093457943924,0.0,0.0,0.0,121.09345794392523,111.05140186915888,20316.329764198555,3309.177169040012,18.746495327102803,400.86915887850466,86.12192603257944,121.80503923314369,42976.055746890706,0.0011682242990654205,0.052570093457943924,0.29906542056074764,0.3808411214953271,0.1647196261682243,0.04672897196261682,0.0,0.29906542056074764,0.6156542056074766,101.13834224744744,52.62475153174182,133.22144548522547,0.0,0.0,0.0,0.0,0.0,0.0,6.936915887850467,1490.3890186915887,5.696261682242991,1341.2803738317757,4503.484813084112,9454.946261682244,4.037383177570093,14.593457943925234,228555.4537668458,91504.93935765568,331090.2242990654,165442.44509345794,3668280.96917757,231511.41249089243,3871486.163551402,3479235.387850467,856,0.9018691588785047,1
2018-03-01 03:36:00,11655.88,8.605454545454545,13262017.694545455,4.892727272727273,3.9072727272727272,476.00545454545454,997.310909090909,211.36545454545455,13.978181818181818,59.177394810883634,72.67420426692182,346.1636363636364,27.174545454545456,99.84058052170909,119.85991581048546,416487.7759762034,51424.965761950894,1858387.8394344277,1507680.106075351,5441674.64,1068699.2454545454,12398849.812727273,2304705.6658131997,1475151.1174877172,4919501.067272727,1323131.1436363636,9108706.721818183,1271986.4289939527,1171195.5182575823,3465552.910909091,487413.95454545453,0.08363636363636363,0.0,0.02909090909090909,0.0,98.83636363636364,84.75636363636363,47304.094458438136,4118.375325383244,13.881818181818181,380.9145454545455,77.09335222533818,113.11276020737819,39467.97341370256,0.00909090909090909,0.08363636363636363,0.2690909090909091,0.44,0.2545454545454545,0.06727272727272728,0.02909090909090909,0.2690909090909091,0.45454545454545453,89.39865985287273,59.177394810883634,99.84058052170909,0.0,0.0,0.0,0.0,0.0,0.0,4.892727272727273,476.00545454545454,3.9072727272727272,997.310909090909,6942.563636363637,13877.981818181817,2.129090909090909,18.174545454545456,361697.9173418364,79504.8108139448,463488.4818181818,310983.0890909091,4526046.463123636,446667.6994465876,4903583.130909091,4131046.7563636363,550,0.74,1
2018-03-01 03:37:00,9054.11306702776,7.252538930264048,3303402.0697359513,2.050101557210562,1.914014895057549,117.05924170616113,313.26743398781315,52.62423832092079,5.859512525389302,15.732264569710223,16.314005760602573,104.19262017603249,11.122545700744753,35.51095729687982,36.72319606847834,99728.9303923862,353993.77818010596,330797.24688337033,372248.196589087,1324530.0629654706,140162.86357481382,2941669.5436696005,392816.52915517194,366088.41896379064,1153987.7098849018,183612.58124576844,2661445.2362897764,298031.0579285572,338170.0472520007,1036577.9773188897,90458.13202437373,0.026404874746106973,0.0,0.007447528774542992,0.0,42.78672985781991,39.37305348679756,180353.12010029698,173639.26391176262,5.859512525389302,108.79417738659444,24.38107975839709,32.96546523642417,11804.377034609279,0.001015572105619499,0.026404874746106973,0.08023019634394042,0.7985781990521327,0.07447528774542993,0.030805687203791468,0.007447528774542992,0.08023019634394042,0.9163845633039945,28.82154550824137,15.732264569710223,35.51095729687982,0.0,0.0,0.0,0.0,0.0,0.0,2.050101557210562,117.05924170616113,1.914014895057549,313.26743398781315,2347.463777928233,3015.4272173324307,0.5477318889641164,21.746784021665537,125679.975853717,35199.07899775278,156697.75558564658,100281.64285714286,1130139.203952268,128067.72943600336,1234089.6367637103,1026687.6709546378,2954,0.0,0
2018-03-01 03:38:00,8141.912878787879,9.617424242424242,16256257.321969697,5.768939393939394,5.03219696969697,530.1818181818181,1524.7310606060605,232.42045454545453,16.047348484848484,60.86564605787311,72.49449311160795,439.90909090909093,33.36363636363637,126.34097877539774,148.7807393085606,422151.2886151923,72225.00292897098,1163581.5073197102,1432265.7078129062,5427556.297348484,496089.82007575757,16239233.914772727,1711616.9008467235,1810220.0402382773,5472746.34469697,507430.5662878788,13405911.952651516,1343051.5523102065,1438164.3894039656,4494395.045454546,430158.6212121212,0.11553030303030302,0.0,0.0,0.0,108.50757575757575,106.71969696969697,68827.83070423556,3391.972269704983,16.047348484848484,452.18939393939394,90.1253265162462,131.46998994501516,43791.400103171385,0.011363636363636364,0.11553030303030302,0.24431818181818182,0.39204545454545453,0.24431818181818182,0.043560606060606064,0.0,0.24431818181818182,0.5075757575757576,104.10155171294696,60.86564605787311,126.34097877539774,0.0,0.0,0.0,0.0,0.0,0.0,5.768939393939394,530.1818181818181,5.03219696969697,1524.7310606060605,3813.7083333333335,13883.376893939394,2.727272727272727,15.886363636363637,307115.0298687121,121770.11349849014,409056.0227272727,223692.0606060606,4589901.697244318,370112.9675150879,4955397.84469697,4270029.53030303,528,0.0,0
2018-03-01 03:39:00,7535.140845070423,10.353677621283255,17034858.9514867,5.668231611893583,5.172143974960877,537.5946791862285,1329.7089201877934,224.16901408450704,20.766823161189357,60.67925877540844,67.1097568493615,461.9921752738654,39.1283255086072,144.54315561143974,159.65199437488263,281780.9746563048,24338.261187313576,1502703.7907800083,1548203.5393393284,6510014.438184664,923180.682316119,16853547.0829421,2012984.4683853576,2001514.966389418,6396882.34428795,939084.0516431925,13943988.58685446,1090455.3528734741,1808976.182643398,5203459.948356807,147533.8435054773,0.050078247261345854,0.0,0.0,0.0,108.7073552425665,107.1924882629108,21325.95009473809,3008.014415471518,18.482003129890455,475.93114241001564,97.06497670417372,140.34096675850392,50121.169626353614,0.004694835680751174,0.050078247261345854,0.26604068857589985,0.4131455399061033,0.1564945226917058,0.03599374021909233,0.0,0.26604068857589985,0.5743348982785602,112.3560147899327,60.67925877540844,144.54315561143974,0.0,0.0,0.0,0.0,0.0,0.0,5.668231611893583,537.5946791862285,5.172143974960877,1329.7089201877934,4114.528951486698,11673.489827856025,2.6025039123630673,15.073552425665103,183542.97521784037,44086.47447504851,238005.92644757434,154314.6807511737,6008222.637068857,112296.51942214533,6136325.355242566,5911971.48513302,639,0.0,0
2018-03-01 03:40:00,8664.050847457627,10.048426150121065,10537667.527845036,4.876513317191283,4.3559322033898304,519.3704600484261,1579.7021791767554,215.30992736077482,21.062953995157386,62.91394994966102,65.7850278448184,363.57869249394673,38.48910411622276,102.4815500951816,115.21893810738499,166852.99807215438,44104.21868786065,1447728.3736077314,985688.9188261651,3819976.0702179177,904887.3510895884,10515750.801452784,1777921.6197164648,1182552.8616532562,3838630.7239709445,914284.1162227603,5912000.493946731,791706.8204034867,539908.3158649516,2008709.7070217917,417647.4576271186,0.09685230024213075,0.0,0.0,0.0,84.79418886198548,87.98062953995158,39324.55095371262,4774.127830219927,20.97094430992736,378.23728813559325,81.1933482966828,104.31328256917676,29600.285502798786,0.009685230024213076,0.09685230024213075,0.1549636803874092,0.3365617433414044,0.24455205811138014,0.06053268765133172,0.0,0.1549636803874092,0.585956416464891,96.08849801087167,62.91394994966102,102.4815500951816,0.0,0.0,0.0,0.0,0.0,0.0,4.876513317191283,519.3704600484261,4.3559322033898304,1579.7021791767554,3495.508474576271,14852.769975786925,2.11138014527845,15.283292978208232,341095.8951017191,295506.252889822,601632.2929782083,135161.38983050847,3000203.788799031,442782.25598500477,3453077.6343825664,2543030.907990315,413,0.0,0
2018-03-01 03:41:00,11349.531847133758,8.334394904458598,10812693.356687898,5.471337579617835,5.063694267515924,494.21019108280257,1318.6464968152866,249.38535031847132,9.878980891719745,61.647029442547776,81.75976869385987,436.21656050955414,24.436305732484076,108.93143762923567,148.03712505126114,565103.1107853848,78426.98872085888,1327499.0925217527,779043.0101932095,3253911.133757962,932435.398089172,10622359.130573248,1697219.0081792993,956449.6762972926,3281465.8757961784,949651.6656050956,7530615.694267516,978321.7224742357,804719.7884239554,2151417.4426751593,364876.77070063696,0.10828025477707007,0.0,0.0,0.0,103.77070063694268,106.29299363057325,71296.35025532781,7121.894592069217,9.878980891719745,443.79936305732485,81.2714185241465,126.15710822092039,39254.03736103191,0.01592356687898089,0.10828025477707007,0.18789808917197454,0.445859872611465,0.2929936305732484,0.08280254777070063,0.0,0.18789808917197454,0.5191082802547771,92.53588815515923,61.647029442547776,108.93143762923567,0.0,0.0,0.0,0.0,0.0,0.0,5.471337579617835,494.21019108280257,5.063694267515924,1318.6464968152866,5539.75796178344,19111.834394904457,2.299363057324841,17.133757961783438,200704.01532207007,183929.88455308625,425489.88535031845,81378.07324840764,2486685.716570064,427251.4386214551,2818287.200636943,2117973.1974522294,314,0.0,0
2018-03-01 03:42:00,10296.097058823529,8.097058823529412,11327086.90882353,5.226470588235294,4.208823529411765,607.9205882352941,1316.6764705882354,248.60294117647058,14.726470588235294,67.7532869452353,81.38868054852942,432.1029411764706,24.326470588235296,114.36581533461765,151.02136393199999,957349.895369924,97129.58972665743,2479047.2197098047,944284.2810243843,4509128.267647059,1916195.4264705882,11331992.044117646,2785451.260299706,1113085.639860309,4557334.464705883,1928873.4647058824,5159514.738235294,884399.8700157353,501776.1120907885,1693699.5823529412,536215.5735294118,0.15294117647058825,0.0,0.0,0.0,95.6470588235294,87.71764705882353,92812.07837189084,4304.052646308685,14.726470588235294,449.9235294117647,91.64545406061765,130.0416810672706,42191.03191698053,0.014705882352941176,0.15294117647058825,0.19117647058823528,0.4235294117647059,0.31470588235294117,0.05,0.0,0.19117647058823528,0.4294117647058823,103.88234854664705,67.7532869452353,114.36581533461765,0.0,0.0,0.0,0.0,0.0,0.0,5.226470588235294,607.9205882352941,4.208823529411765,1316.6764705882354,4108.726470588235,18528.420588235294,2.361764705882353,17.0,449615.6824054411,180057.9782726547,585817.8470588236,323850.5411764706,3650024.074520588,446765.76748591056,4101779.3352941177,3225190.694117647,340,0.0,0
2018-03-01 03:43:00,5477.0015243902435,11.015243902439025,19941619.282012194,6.065548780487805,5.795731707317073,433.1189024390244,2179.317073170732,208.8109756097561,20.599085365853657,56.818075225346035,61.768047946131105,481.3125,44.5,166.11639629618904,170.061408258064,498221.38992917945,35795.39304475843,1081745.7819935386,1766061.7177598109,6773726.75,398839.193597561,19681299.856707316,1715512.666918765,2303734.0393968755,6641250.935975609,401460.2118902439,17812275.283536587,1359012.4468118825,2112057.6923543205,6057549.967987805,176684.57469512196,0.04878048780487805,0.0,0.0,0.0,114.04268292682927,120.70731707317073,33849.21437857027,1945.4811111681674,20.541158536585368,489.6783536585366,105.60742172063568,150.30932870064785,56782.31483668063,0.0,0.04878048780487805,0.2682926829268293,0.4054878048780488,0.1173780487804878,0.01524390243902439,0.0,0.2682926829268293,0.6128048780487805,122.67018591681251,56.818075225346035,166.11639629618904,0.0,0.0,0.0,0.0,0.0,0.0,6.065548780487805,433.1189024390244,5.795731707317073,2179.317073170732,4066.143292682927,9596.137195121952,2.652439024390244,14.213414634146341,354656.4619444055,119934.655111781,473050.87957317074,273617.9908536585,6353875.335289634,209006.70581148402,6553136.475609756,6138901.490853659,656,0.0,0
2018-03-01 03:44:00,5077.0378048780485,11.236585365853658,18655125.60487805,5.357317073170732,5.048780487804878,431.5548780487805,1950.0646341463414,197.25487804878048,20.24878048780488,55.103997753524396,59.51528127733415,420.8853658536585,48.81829268292683,148.56236545634147,142.6569411479744,318992.5160247657,34461.11997912529,1203725.6107338585,1790634.8385377498,6894483.802439025,520852.05609756097,18512360.56829268,1809851.259738222,2301745.8553551594,6781266.5792682925,528036.6402439025,16586477.570731707,1341606.7702744682,2057648.318380659,6008901.91097561,222232.29512195123,0.03414634146341464,0.0,0.0,0.0,100.26341463414634,104.25365853658536,32923.92820392331,1533.8435110284756,20.178048780487806,435.95975609756096,95.38827994599878,133.69473499800367,47959.7188531949,0.004878048780487805,0.03414634146341464,0.2597560975609756,0.37317073170731707,0.11951219512195121,0.006097560975609756,0.0,0.2597560975609756,0.6134146341463415,112.77437535831587,55.103997753524396,148.56236545634147,0.0,0.0,0.0,0.0,0.0,0.0,5.357317073170732,431.5548780487805,5.048780487804878,1950.0646341463414,3627.157317073171,7222.912195121951,2.4097560975609755,13.892682926829268,225225.412297,118214.35472235658,337858.65853658534,146509.16219512196,6498047.418774391,216415.94056190285,6689779.382926829,6257354.12195122,820,0.0,0
2018-03-01 03:45:00,10763.015584415585,8.96883116883117,17051801.85974026,16.953246753246752,29.87272727272727,468.8649350649351,37168.35584415584,221.45714285714286,17.31168831168831,59.35828808673506,69.3902642722883,441.4597402597403,26.945454545454545,124.09890494631169,153.98891905510388,277294.4826530474,44699.7390887665,2281857.6674287017,1214481.4714566595,5491574.581818182,1635589.2285714287,16875930.72987013,2703586.323141844,1465908.8487629278,5474197.127272727,1643998.535064935,11569502.522077922,1109042.8726029375,1034664.7396471518,3197839.4987012986,388710.1974025974,0.04935064935064935,0.0,0.0,0.0,329.87012987012986,603.5324675324675,38240.11439752377,6459.624692342629,17.272727272727273,450.7766233766234,89.23863315141558,129.18402173502858,43267.944536413896,0.0,0.04935064935064935,0.21558441558441557,0.43116883116883115,0.24675324675324675,0.08311688311688312,0.0,0.21558441558441557,0.5038961038961038,101.48951896601818,59.35828808673506,124.09890494631169,0.0,0.0,0.0,0.0,0.0,0.0,16.953246753246752,468.8649350649351,29.87272727272727,37098.55324675325,6265.815584415584,15199.825974025975,2.446753246753247,16.28051948051948,393649.0976559221,125855.84932416676,514032.22857142857,307627.02857142856,4738472.555288312,392764.47050621454,5168585.698701299,4330078.701298702,385,0.0,0
2018-03-01 03:46:00,13164.94297352342,8.4989816700611,9784828.441955194,4.965376782077393,3.6069246435845215,433.4541751527495,1246.0651731160897,203.06517311608962,19.248472505091648,58.58338384461507,62.58365773043177,355.86558044806515,26.89002036659878,104.84584052600815,124.17828128767209,760456.2976668935,115845.98476024314,1046822.1635803333,896509.6172153003,3525282.146639511,599944.6883910387,9620494.207739307,1356776.758783053,1091009.9945490675,3560371.099796334,624111.2199592668,7466235.446028513,890003.1881779287,723823.9236663693,2499507.5580448066,404380.4582484725,0.14867617107942974,0.0,0.0,0.0,89.9877800407332,75.59266802443992,109143.11085266178,6697.282102391648,18.824847250509166,371.0040733197556,80.65094651556008,106.15942587967616,35144.50654895287,0.016293279022403257,0.14867617107942974,0.18126272912423624,0.32790224032586557,0.37474541751527496,0.06924643584521385,0.0,0.18126272912423624,0.3665987780040733,95.41847862764358,58.58338384461507,104.84584052600815,0.0,0.0,0.0,0.0,0.0,0.0,4.965376782077393,433.4541751527495,3.6069246435845215,1246.0651731160897,3422.014256619145,13533.865580448066,1.9938900203665988,16.260692464358453,370856.8111675967,29376.80653443436,402419.3462321792,352052.3564154786,2985994.673643585,221001.80115824376,3198370.718940937,2737386.7535641547,491,0.0,0
2018-03-01 03:47:00,10698.423664122138,8.942748091603054,13022017.148854962,5.0896946564885495,4.42175572519084,370.3167938931298,1525.293893129771,197.8206106870229,14.702290076335878,52.675555369494276,62.65797343684733,389.8206106870229,33.458015267175576,118.85221242488551,134.49050171706105,208870.351443037,56305.35726970756,1498020.2845305032,1015794.0770556912,3989091.349236641,975507.2729007633,12791308.158396946,1859820.3371266474,1184450.3985216229,3849263.3053435115,983785.5839694657,9554952.18129771,912014.2624111641,790175.9715768807,2470875.7862595418,333423.50190839695,0.15458015267175573,0.0,0.0,0.0,95.61068702290076,93.55725190839695,52473.441560359584,3817.943309624628,14.643129770992367,400.1393129770992,84.79014686324427,120.13714402679197,41279.349481689904,0.009541984732824428,0.15458015267175573,0.22137404580152673,0.3377862595419847,0.33396946564885494,0.04198473282442748,0.0,0.22137404580152673,0.45229007633587787,98.13431305650764,52.675555369494276,118.85221242488551,0.0,0.0,0.0,0.0,0.0,0.0,5.0896946564885495,370.3167938931298,4.42175572519084,1525.293893129771,3675.906488549618,11544.748091603053,2.1297709923664123,16.076335877862597,231697.75672622139,100048.23453481794,357863.0286259542,164401.53816793894,3468990.5527919848,221719.53288526525,3710670.1889312975,3245182.395038168,524,0.0,0
2018-03-01 03:48:00,6823.2819875776395,10.888198757763975,16582269.701863354,5.219875776397515,4.951552795031056,341.0447204968944,2127.3440993788818,182.5776397515528,20.219875776397515,50.76641035081366,53.16113527361242,400.9465838509317,44.77888198757764,138.71110266210434,135.14469670993665,354792.81124315626,37778.89869680512,1439359.7931014264,1285790.6445277017,4882467.0,816971.597515528,16240327.248447206,1893621.5227112148,1461526.4579932224,4639660.462111801,846565.3937888199,13807832.281987578,1194854.8515949515,1256454.3550913748,3664291.798757764,272396.250931677,0.0546583850931677,0.0,0.0,0.0,98.88198757763975,105.25714285714285,32407.59661639492,5367.322984059754,20.036024844720497,407.4248447204969,89.51942309411676,122.56643593403354,43366.79705872237,0.004968944099378882,0.0546583850931677,0.26335403726708073,0.3565217391304348,0.16273291925465838,0.049689440993788817,0.0,0.26335403726708073,0.6062111801242236,105.42351199019504,50.76641035081366,138.71110266210434,0.0,0.0,0.0,0.0,0.0,0.0,5.219875776397515,341.0447204968944,4.951552795031056,2127.3440993788818,3512.4658385093167,8760.659627329193,2.3316770186335405,14.245962732919255,117742.83583751554,72004.14855082413,203352.3900621118,72856.7254658385,4325864.354166459,249950.2464952726,4563801.739130435,4055740.0807453417,805,0.0,0
2018-03-01 03:49:00,11354.15503875969,7.651162790697675,11562019.686046511,5.732558139534884,4.709302325581396,501.4496124031008,719.6705426356589,267.08527131782944,11.755813953488373,66.79578971522093,87.16872324006977,434.8255813953488,16.267441860465116,92.69528492825582,147.9678298153876,487863.6279500361,51888.16003814926,1377000.1844143711,1142604.3390058586,3933265.6627906975,708832.7829457364,11551283.480620155,1791392.2301598191,1328109.7828480967,3987371.926356589,742967.8875968992,7078154.209302326,1039383.2322488371,572484.618353166,2082024.1511627906,603226.9031007752,0.13178294573643412,0.0,0.0,0.0,111.16279069767442,99.67441860465117,34828.51339881862,17057.873011521027,11.065891472868216,447.9263565891473,77.6923797688876,122.0004992030504,34766.679069062906,0.011627906976744186,0.13178294573643412,0.17054263565891473,0.47674418604651164,0.32558139534883723,0.09689922480620156,0.0,0.17054263565891473,0.4263565891472868,87.8841856701938,66.79578971522093,92.69528492825582,0.0,0.0,0.0,0.0,0.0,0.0,5.732558139534884,501.4496124031008,4.709302325581396,719.6705426356589,5777.604651162791,20439.07364341085,2.441860465116279,18.2015503875969,347898.5693446899,222277.3578318279,519147.36434108525,185687.17441860464,2740350.4817209304,541611.0377371105,3360346.965116279,2202685.7325581396,258,0.0,0
2018-03-01 03:50:00,8508.466216216217,10.092905405405405,14842189.298986487,5.239864864864865,4.726351351351352,471.6081081081081,1481.0625,225.14527027027026,17.80912162162162,58.65562790059121,70.02159739876352,437.7128378378378,39.241554054054056,139.28606126138513,152.0204996078463,220166.0518271601,39604.74321760395,1538277.9174593778,1276343.602665277,5028562.393581081,941464.0912162162,14570770.381756756,1953328.796446304,1553263.3450364044,4899723.005067567,960504.2685810811,11883613.74831081,1032933.511380691,1230425.9038757957,3681070.543918919,287604.7010135135,0.04560810810810811,0.0,0.0,0.0,101.36486486486487,99.73648648648648,33259.162929737504,6344.034355675015,17.74493243243243,450.32094594594594,94.02582475310811,135.8971381650321,48521.3145331387,0.0016891891891891893,0.04560810810810811,0.25675675675675674,0.3885135135135135,0.19594594594594594,0.07432432432432433,0.0,0.25675675675675674,0.6266891891891891,108.96929551942567,58.65562790059121,139.28606126138513,0.0,0.0,0.0,0.0,0.0,0.0,5.239864864864865,471.6081081081081,4.726351351351352,1481.0625,4344.334459459459,10916.133445945947,2.456081081081081,15.20945945945946,164284.9270515034,133146.81023243058,318926.01858108107,80409.87837837837,4517432.828109798,232504.9320220963,4727273.530405405,4273819.221283784,592,0.0,0
2018-03-01 03:51:00,8760.297619047618,9.196428571428571,16045425.263888888,5.60515873015873,4.660714285714286,422.6607142857143,1201.1944444444443,207.32738095238096,15.948412698412698,57.45038054513889,66.73403210880754,428.21031746031747,27.865079365079364,123.90475365540277,151.66956385625002,553309.0916847141,40994.81469047756,1564040.8103308126,1321662.5449750305,5520647.757936508,939720.0853174604,15759676.648809524,2004317.9839694311,1604011.9133330672,5364116.371031746,957948.7162698413,12583732.472222222,1112209.9504126944,1323586.638646355,4137201.3571428573,254428.29960317462,0.12103174603174603,0.0,0.0,0.0,105.61904761904762,99.03968253968254,38060.763653492984,2930.4193223096427,15.948412698412698,442.8154761904762,87.54845320252183,129.3225584568393,43707.280010879025,0.013888888888888888,0.12103174603174603,0.25992063492063494,0.4166666666666667,0.24801587301587302,0.025793650793650792,0.0,0.25992063492063494,0.498015873015873,100.54804384582738,57.45038054513889,123.90475365540277,0.0,0.0,0.0,0.0,0.0,0.0,5.60515873015873,422.6607142857143,4.660714285714286,1201.1944444444443,4705.813492063492,12233.575396825398,2.4642857142857144,16.047619047619047,403871.2539080952,180556.3601453492,559665.0793650794,281162.02777777775,4975360.537234127,273210.50263540674,5259143.648809524,4694641.073412699,504,0.0,0
2018-03-01 03:52:00,5454.251503006012,11.53807615230461,15475331.92985972,7.921843687374749,11.67134268537074,350.498997995992,11692.64629258517,182.32965931863728,21.18436873747495,50.67919571376553,53.55150095018437,404.7254509018036,50.313627254509015,151.17724376057114,136.49382791746493,223357.05183926632,22027.287601623368,924037.0318291786,1311925.6186025226,4931273.697394789,362751.9639278557,15250223.140280562,1443831.6503724528,1583439.5893937624,4778295.23747495,423025.96793587174,13959020.685370741,1150194.3269139107,1389993.099837613,4311787.263527054,255037.0480961924,0.036072144288577156,0.0,0.0,0.0,153.67134268537075,238.32064128256513,19245.035086632248,2778.584410418841,21.07615230460922,416.2785571142285,95.54082918320641,129.47416061083467,48016.75800885702,0.004008016032064128,0.036072144288577156,0.2775551102204409,0.3406813627254509,0.13326653306613226,0.025050100200400802,0.0,0.2775551102204409,0.6683366733466933,112.90572265388677,50.67919571376553,151.17724376057114,0.0,0.0,0.0,0.0,0.0,0.0,7.921843687374749,350.498997995992,11.67134268537074,11692.64629258517,4346.488977955912,7359.240480961924,2.2865731462925853,13.739478957915832,100154.65849471944,77679.26166990821,196060.3496993988,52705.63627254509,4493904.769465932,268352.82698791206,4685311.355711423,4219255.944889779,998,0.0,0
2018-03-01 03:53:00,12439.34540389972,8.139275766016713,15788923.13649025,5.871866295264624,4.852367688022284,507.1615598885794,1160.824512534819,241.24791086350976,14.311977715877438,61.25139161044847,76.73060787410307,444.8941504178273,22.579387186629525,112.46199348144847,155.25221169728133,281957.5209941224,52653.22792009965,2657045.921606214,1274108.2554603158,5708474.111420613,1957401.2005571031,15692349.362116992,3116524.534585515,1467171.2257603027,5731050.707520891,2045498.1253481894,9765009.885793872,1238540.66799312,800263.2465148598,2822062.972144847,676169.7242339833,0.08356545961002786,0.0,0.0,0.0,109.83844011142061,103.72144846796657,43556.397301443205,9094.28133746065,14.311977715877438,458.7660167130919,83.76476130044568,128.41147041500557,41663.2095699408,0.011142061281337047,0.08356545961002786,0.25348189415041783,0.40668523676880225,0.3286908077994429,0.0947075208913649,0.0,0.25348189415041783,0.45125348189415043,95.14196218715878,61.25139161044847,112.46199348144847,0.0,0.0,0.0,0.0,0.0,0.0,5.871866295264624,507.1615598885794,4.852367688022284,1160.824512534819,5757.25348189415,17282.74651810585,2.467966573816156,16.779944289693592,435452.68793771585,169587.88573182494,575896.4122562674,319112.9136490251,5008039.785557103,309668.5233001928,5331341.04735376,4723448.908077994,359,0.0,0
2018-03-01 03:54:00,12596.600397614315,8.896620278330019,11561985.960238568,4.544731610337972,3.4532803180914513,353.2703777335984,831.4294234592445,187.26441351888667,14.00596421471173,52.69426573187475,60.15143246825447,371.7833001988072,24.485089463220675,101.97851007407556,129.79742878574552,708233.8740725617,52386.12807926309,1535710.3313827547,1182416.3027589938,4704860.182902585,945042.3061630218,11383176.928429423,1905908.1165882705,1401850.7244688321,4617322.252485089,988741.4194831013,7791162.308151093,929249.6761577138,847143.0037980181,2853190.3737574555,423697.14711729623,0.17296222664015903,0.0,0.0,0.0,86.40159045725646,72.10337972166998,40252.33591617213,12124.69482531583,13.542743538767395,383.5944333996024,74.7689703039821,109.20986240534593,34620.12613893706,0.011928429423459244,0.17296222664015903,0.20874751491053678,0.35984095427435386,0.33001988071570576,0.09741550695825049,0.0,0.20874751491053678,0.441351888667992,86.74237130117695,52.69426573187475,101.97851007407556,0.0,0.0,0.0,0.0,0.0,0.0,4.544731610337972,353.2703777335984,3.4532803180914513,831.4294234592445,3945.0675944334,13354.121272365805,2.0894632206759445,16.318091451292247,214707.122589165,79348.89101714296,313701.5208747515,163455.67196819084,3945595.212393638,343994.70715436625,4339534.246520875,3616445.8687872766,503,0.0,0
2018-03-01 03:55:00,7259.4236453201975,9.866995073891626,9340130.89408867,5.226600985221675,4.428571428571429,483.13793103448273,970.3645320197045,254.0270935960591,19.344827586206897,69.70925502805665,80.73516284110099,466.6034482758621,34.214285714285715,126.8192191900739,160.5719006116256,145544.25052202356,11725.053048523108,1042323.2704764236,911744.253054909,3954081.3891625614,691351.8940886699,9242903.263546798,1310178.500708564,1171172.5867501183,3906030.487684729,703263.28817734,6994824.633004926,664528.5006827981,980577.5091881669,2902855.3448275863,193374.87931034484,0.04926108374384237,0.0,0.0,0.0,99.03448275862068,90.24630541871922,9329.174336469248,2394.7516284199532,14.16256157635468,479.5049261083744,90.20948526615764,138.17275947715024,44899.94424877727,0.0049261083743842365,0.04926108374384237,0.2536945812807882,0.4605911330049261,0.16009852216748768,0.046798029556650245,0.0,0.2536945812807882,0.5566502463054187,103.89158080758621,69.70925502805665,126.8192191900739,0.0,0.0,0.0,0.0,0.0,0.0,5.226600985221675,483.13793103448273,4.428571428571429,970.3645320197045,5402.7709359605915,17762.189655172413,2.2586206896551726,15.793103448275861,238451.58372532018,236191.00490913793,410896.0886699507,72507.85467980296,3270470.12685468,193205.5684515498,3448693.39408867,3116476.7413793104,406,0.0,0
2018-03-01 03:56:00,6921.19793814433,9.989690721649485,14755516.808247423,5.437113402061856,5.177319587628866,412.9587628865979,2347.738144329897,223.5463917525773,19.364948453608246,61.406789376567005,68.25101463226392,436.239175257732,39.509278350515466,133.11977205622682,146.18463812230925,70088.09585531653,26344.467269692777,1962270.0706252062,1108245.7302740943,4616802.773195877,1345376.4412371134,14544108.78556701,2374844.156928639,1261322.972632986,4506740.035051546,1379989.8453608248,10443402.080412371,964495.7527756908,838345.8128905155,2609051.3237113403,303752.92577319586,0.03917525773195876,0.0,0.0,0.0,103.01855670103093,110.45773195876289,20509.137550922984,5833.442725423948,19.364948453608246,446.4494845360825,94.7992299777732,130.948259628767,44299.80983811915,0.0,0.03917525773195876,0.2865979381443299,0.44123711340206184,0.15463917525773196,0.05979381443298969,0.0,0.2865979381443299,0.5608247422680412,109.60650386402061,61.406789376567005,133.11977205622682,0.0,0.0,0.0,0.0,0.0,0.0,5.437113402061856,412.9587628865979,5.177319587628866,2347.738144329897,4079.216494845361,15237.443298969072,2.4742268041237114,15.076288659793814,174739.6669935464,94606.41428995242,283695.05979381443,115701.7793814433,3850985.5474639176,230017.001904617,4093446.1587628867,3646924.325773196,485,0.0,0
2018-03-01 03:57:00,6099.571428571428,11.424410540915396,17165608.31067961,5.433425797503467,5.130374479889043,360.5866851595007,1757.0214979195562,173.45769764216365,21.699029126213592,50.277891044051316,50.46357949621359,415.52704576976424,46.424410540915396,148.37410482260054,143.98566436872608,278272.3079525223,24647.549144960438,877644.9635377026,1395389.1405219492,5355968.054091539,318504.7690707351,16947357.332871012,1381579.6154831531,1752896.827918486,5231280.134535368,343061.63106796116,15744556.714979196,1077758.5175217972,1640214.5812103488,4762312.339805826,73936.93481276005,0.07420249653259361,0.0,0.0,0.0,102.96532593619972,107.86130374479889,22244.838289435313,2398.5855094442795,20.77115117891817,426.5839112343967,93.0482535430749,130.33159599425173,47882.91262338663,0.008321775312066574,0.07420249653259361,0.2801664355062413,0.32524271844660196,0.15464632454923716,0.021497919556171984,0.0,0.2801664355062413,0.6511789181692095,109.98152662078157,50.277891044051316,148.37410482260054,0.0,0.0,0.0,0.0,0.0,0.0,5.433425797503467,360.5866851595007,5.130374479889043,1757.0214979195562,3136.6768377253816,5279.565187239945,2.46879334257975,13.780859916782246,133528.54460733704,120521.51464939826,285921.2711511789,60435.87517337032,5024873.170687933,178460.56943037402,5185634.745492372,4834163.316227462,1442,0.0,0
2018-03-01 03:58:00,8038.260744985673,9.246418338108883,13479016.64756447,5.186246418338109,4.469914040114613,536.9770773638968,1155.3925501432664,243.69340974212034,16.23495702005731,65.44598792983668,77.2299635431232,447.88538681948427,33.01719197707737,115.55161244618911,147.91794980406877,62321.37448650528,19232.241730066373,2127708.973332722,1158932.067552197,5513303.905444126,1616864.776504298,13475573.919770774,2534926.55384298,1486056.109815505,5574339.200573066,1640687.3925501432,9569060.146131806,929208.1762510316,1199897.6096517409,3487303.88252149,244073.4212034384,0.0057306590257879654,0.0,0.0,0.0,96.93982808022923,91.46131805157593,13705.30566538036,5525.624901835089,16.23495702005731,461.9914040114613,85.7289277922063,128.60945410279942,39915.745740031474,0.008595988538681949,0.0057306590257879654,0.29512893982808025,0.47277936962750716,0.17478510028653296,0.08595988538681948,0.0,0.29512893982808025,0.5444126074498568,99.11060695520057,65.44598792983668,115.55161244618911,0.0,0.0,0.0,0.0,0.0,0.0,5.186246418338109,536.9770773638968,4.469914040114613,1155.3925501432664,4833.080229226361,18279.32378223496,2.495702005730659,15.896848137535816,287588.7958110602,190259.37898469568,425994.03151862463,153502.0200573066,5049188.850699141,122944.88574200352,5190796.959885387,4931524.724928367,349,0.0,0
2018-03-01 03:59:00,15021.945454545454,8.763636363636364,9762181.38989899,4.347474747474747,3.305050505050505,322.7676767676768,579.3838383838383,167.28484848484848,13.741414141414142,47.88581959619798,53.7216804389495,298.5010101010101,24.02828282828283,81.28139085636364,100.47963756315151,690657.0579096107,69808.73568082163,1834091.425970653,879605.8237603325,3718186.719191919,1327607.802020202,9660578.074747475,2137687.252139434,970870.994800312,3688667.365656566,1408063.98989899,5264740.884848485,705639.9908732182,413133.0406558516,1492510.4404040405,406468.4626262626,0.04242424242424243,0.0,0.0,0.0,81.12323232323233,68.55757575757576,55718.12951327101,14088.757295314112,13.535353535353535,306.4141414141414,61.72110055554141,86.66476886333535,26478.133827279853,0.006060606060606061,0.04242424242424243,0.19393939393939394,0.3616161616161616,0.3393939393939394,0.14343434343434344,0.0,0.19393939393939394,0.5131313131313131,72.11372103613535,47.88581959619798,81.28139085636364,0.0,0.0,0.0,0.0,0.0,0.0,4.347474747474747,322.7676767676768,3.305050505050505,579.3838383838383,4318.082828282828,13070.084848484848,1.7757575757575759,16.614141414141415,257799.3934067677,166645.25460160896,387772.7919191919,142067.46666666667,3108858.5941070705,223654.2816519492,3352843.684848485,2898480.092929293,495,0.0,0
2018-03-01 04:00:00,16083.564102564103,7.079487179487179,5487278.246153846,3.8692307692307693,2.7435897435897436,297.1666666666667,827.6358974358974,167.88717948717948,6.561538461538461,44.150209523876924,56.25764437103077,274.0948717948718,10.174358974358974,62.64417742925641,95.33862531810256,1258526.278861843,104643.87142443216,1202096.804684906,545541.5422099456,2399702.9948717947,885419.1076923077,5445991.271794871,1403326.8734052053,640996.197114804,2425539.046153846,917695.5282051282,2935671.741025641,483244.008891282,298648.24261821696,1048098.741025641,259962.46153846153,0.23076923076923078,0.0,0.0,0.0,79.05641025641026,58.51282051282051,96097.74278137046,8535.568733680439,6.561538461538461,289.01025641025643,56.05592137844616,81.4656495549282,22764.8980149447,0.03333333333333333,0.23076923076923078,0.15384615384615385,0.3435897435897436,0.5230769230769231,0.12051282051282051,0.0,0.15384615384615385,0.38461538461538464,64.13654897878206,44.150209523876924,62.64417742925641,0.0,0.0,0.0,0.0,0.0,0.0,3.8692307692307693,297.1666666666667,2.7435897435897436,827.6358974358974,5279.271794871795,13515.23076923077,1.6435897435897435,19.035897435897436,180929.2245310513,33262.39732487769,205438.78717948718,157563.44615384616,1851249.863894872,132583.9380915684,2007115.3179487179,1734414.6435897436,390,0.0,0
2018-03-01 04:01:00,7230.544688026981,10.468802698145025,15187736.873524452,5.51602023608769,5.03035413153457,384.6762225969646,1687.902192242833,194.4822934232715,18.672849915682967,52.680491940848235,58.451378163045526,446.15682967959526,41.934232715008434,147.49096010462057,155.65317822863068,372015.1649349196,25827.43247421359,1166332.1399992483,1227686.9098573322,4739926.720067454,604485.2344013491,15019614.752107926,1653113.6942910624,1512866.9153085675,4624485.303541316,635938.4637436762,12706919.284991568,992006.3846074216,1292136.8399228358,3663578.919055649,130230.07082630691,0.08431703204047218,0.0,0.0,0.0,105.47723440134908,107.35244519392917,21082.94607859689,4739.084755398069,18.495784148397977,451.8381112984823,94.56988116096122,136.8009137664216,49812.4200142916,0.003372681281618887,0.08431703204047218,0.26644182124789206,0.37099494097807756,0.18718381112984822,0.048903878583473864,0.0,0.26644182124789206,0.5986509274873525,110.27801838403035,52.680491940848235,147.49096010462057,0.0,0.0,0.0,0.0,0.0,0.0,5.51602023608769,384.6762225969646,5.03035413153457,1687.902192242833,4115.657672849916,9647.160202360878,2.357504215851602,14.93423271500843,350082.139341484,235048.2394098208,551024.2141652614,189227.77908937607,4249664.287045531,238741.6796378712,4468452.905564924,4028220.428330523,593,0.0,0
2018-03-01 04:02:00,7063.46679316888,10.952561669829223,10938393.563567363,4.462998102466793,4.318785578747628,357.59013282732445,2126.222011385199,182.23339658444021,21.872865275142313,51.88232161444592,51.95710417935104,343.6299810246679,45.020872865275145,118.46602014782353,109.40242168176471,160517.43117605476,23767.098289935973,2004471.7903736755,794934.3532962346,3718645.9791271347,1553127.6717267553,10810021.889943074,2269610.4291009675,917965.4723056941,3668223.1783681214,1569558.8387096773,6502124.512333966,614066.9476686527,507133.3417312045,1570279.578747628,243982.77039848198,0.009487666034155597,0.0,0.0,0.0,81.20683111954459,88.69070208728652,16512.24079567707,7254.857494478058,21.755218216318784,349.9203036053131,82.47406946849526,102.6831590003093,33988.49488071787,0.003795066413662239,0.009487666034155597,0.21062618595825428,0.3700189753320683,0.12903225806451613,0.08159392789373814,0.0,0.21062618595825428,0.6432637571157496,97.92100303989943,51.88232161444592,118.46602014782353,0.0,0.0,0.0,0.0,0.0,0.0,4.462998102466793,357.59013282732445,4.318785578747628,2126.222011385199,4012.7703984819736,12996.967741935483,1.8500948766603416,13.851992409867172,123423.34625848198,87353.68480208729,206791.56736242885,65442.757115749526,3032305.0722201136,163038.32419580108,3218240.762808349,2842847.588235294,527,0.0,0
2018-03-01 04:03:00,7957.809623430962,10.171548117154812,14273199.98535565,5.53347280334728,5.023012552301255,465.5962343096234,1246.7071129707113,225.9581589958159,15.826359832635983,56.10197643531171,69.54085514066318,453.9602510460251,39.3326359832636,134.42277973035564,154.92767399558576,168059.94208511116,27728.74049251375,869249.2385480586,1393691.873116776,4906758.228033473,250526.7029288703,13604708.29916318,1311004.9211289498,1612344.1341201162,4672533.123430963,306767.1861924686,12659704.232217573,1227855.561393343,1317679.3095689742,4252854.535564854,410801.70083682006,0.03556485355648536,0.0,0.0,0.0,108.80334728033473,107.0460251046025,21828.017978543496,5897.8505724661945,15.826359832635983,462.93723849372384,87.78095184103138,135.0794135384456,45626.38819360468,0.0041841004184100415,0.03556485355648536,0.2405857740585774,0.4100418410041841,0.1903765690376569,0.07531380753138076,0.0,0.2405857740585774,0.608786610878661,102.19878786914227,56.10197643531171,134.42277973035564,0.0,0.0,0.0,0.0,0.0,0.0,5.53347280334728,465.5962343096234,5.023012552301255,1246.7071129707113,4305.043933054393,13540.3410041841,2.435146443514644,15.615062761506277,368665.5873169456,124015.1897853824,468355.6213389121,280984.33472803346,4361001.729161088,231127.1679723773,4521008.29497908,4165485.5125523014,478,0.0,0
2018-03-01 04:04:00,10746.3391521197,9.276807980049876,8346955.219451372,4.236907730673317,2.970074812967581,354.5511221945137,509.7082294264339,195.97007481296757,17.952618453865338,56.97019054349127,61.96972184748379,330.2418952618454,30.905236907730675,87.98053534866085,108.698525592404,699540.8435979931,49763.014058051005,1830478.7170328163,666313.5104373501,3467364.072319202,1435662.4438902743,8341458.264339152,2035687.03597306,795736.1016549389,3499203.481296758,1451453.7780548627,3586530.4438902745,498120.13612203987,417992.586824022,1348855.012468828,225721.13216957607,0.0798004987531172,0.0,0.0,0.0,76.40897755610973,60.5785536159601,45061.97758731851,4698.754196218115,17.85785536159601,346.8653366583541,70.45896878025935,96.60266891370324,26795.699111696384,0.014962593516209476,0.0798004987531172,0.1970074812967581,0.38154613466334164,0.26433915211970077,0.06982543640897755,0.0,0.1970074812967581,0.5062344139650873,83.14546498853616,56.97019054349127,87.98053534866085,0.0,0.0,0.0,0.0,0.0,0.0,4.236907730673317,354.5511221945137,2.970074812967581,509.7082294264339,4257.483790523691,14750.034912718205,1.7930174563591021,15.99002493765586,301758.67488221946,24743.118758379052,322370.9077306733,284707.25436408975,2902836.2424114714,249197.7808711381,3213050.024937656,2679526.3391521196,401,0.0,0
2018-03-01 04:05:00,9197.665094339623,9.695754716981131,13470197.893867925,5.384433962264151,4.754716981132075,453.5,1195.0283018867924,208.1179245283019,16.778301886792452,57.46123606413208,65.8946304017783,418.57547169811323,34.801886792452834,123.29424610386792,144.80231579845048,442392.05333054933,42712.51942883975,1759499.149164923,1083986.1425816088,4701067.200471698,1227827.7853773586,13384947.893867925,2141752.485192547,1298950.5054855493,4695513.356132075,1269752.2358490566,9592301.41509434,940850.8848102194,954846.7576898575,2932209.1768867923,278863.52358490566,0.10377358490566038,0.0,0.0,0.0,100.98113207547169,98.32075471698113,38768.70360810302,3941.6573488899267,16.778301886792452,430.9056603773585,84.21146476528303,124.72617812432547,40830.516889971695,0.0047169811320754715,0.10377358490566038,0.21933962264150944,0.3938679245283019,0.22641509433962265,0.05660377358490566,0.0,0.21933962264150944,0.535377358490566,98.25400829837265,57.46123606413208,123.29424610386792,0.0,0.0,0.0,0.0,0.0,0.0,5.384433962264151,453.5,4.754716981132075,1195.0283018867924,4541.922169811321,13477.240566037735,2.30188679245283,15.339622641509434,219876.81099929247,118991.36991600897,322585.0825471698,138037.35613207548,4189629.174417453,259749.9651009884,4414538.950471698,3952264.988207547,424,0.0,0
2018-03-01 04:06:00,4944.274971941639,12.206509539842873,13461854.8989899,5.291806958473625,5.382716049382716,524.2828282828283,3064.198653198653,158.74971941638609,25.176206509539842,51.85384523881818,44.090255636251406,371.93265993265993,54.88103254769921,141.57599454106622,120.99218183066219,306816.4790254446,25737.563054954706,713265.5269947076,1172681.325923664,4425392.509539843,248069.23456790124,13297872.839506174,1156963.4881459088,1520523.4608918135,4361588.429854097,253285.3007856341,12069083.005611673,876259.3774664343,1308175.0240135358,3828358.1021324354,102070.94725028059,0.031425364758698095,0.0,0.0,0.0,97.94837261503928,109.78226711560045,22442.41939425015,3292.0622057047485,23.34006734006734,379.4668911335578,92.49307892611672,116.39277155025253,41117.763256778846,0.004489337822671156,0.031425364758698095,0.24017957351290684,0.3108866442199775,0.1122334455667789,0.030303030303030304,0.0,0.24017957351290684,0.7227833894500562,110.76969268689113,51.85384523881818,141.57599454106622,0.0,0.0,0.0,0.0,0.0,0.0,5.291806958473625,524.2828282828283,5.382716049382716,3064.198653198653,3011.7744107744106,6956.640852974187,2.190796857463524,13.144781144781145,144997.7979782716,167319.34852156453,291542.1066217733,32219.582491582492,3997311.313900112,120600.43526529302,4089259.3086419753,3882418.677890011,891,0.0,0
2018-03-01 04:07:00,5102.269911504425,10.986725663716815,17631521.637168143,5.458702064896755,4.886430678466077,485.3362831858407,1311.4778761061948,211.9439528023599,21.041297935103245,58.86001183455015,63.601589083148966,408.4778761061947,42.53392330383481,130.8869048879941,137.66885456978173,147862.68737281588,17288.55773244652,1668446.4042756145,1375373.3871921618,5832303.41740413,1083570.5412979352,17485041.320058998,2141286.341461878,1737587.6587630159,5769648.668141593,1102911.9572271386,14291732.930678466,1075148.6087053171,1508664.7854721998,4355159.738938053,186197.71828908555,0.029498525073746312,0.0,0.0,0.0,103.43952802359883,102.08259587020649,14600.098291564313,2685.084838557289,21.041297935103245,425.93362831858406,90.00788819331858,125.31627194368733,42850.152120134364,0.01327433628318584,0.029498525073746312,0.26843657817109146,0.3775811209439528,0.12536873156342182,0.030973451327433628,0.0,0.26843657817109146,0.6356932153392331,105.75938081148968,58.86001183455015,130.8869048879941,0.0,0.0,0.0,0.0,0.0,0.0,5.458702064896755,485.3362831858407,4.886430678466077,1311.4778761061948,3863.966076696165,9419.700589970502,2.5811209439528024,14.171091445427729,160112.4684812832,126191.37562633169,300342.70501474926,80103.80678466077,5454706.084787611,164816.81013904777,5625185.873156342,5260981.081120944,678,0.0,0
2018-03-01 04:08:00,15585.646840148698,7.312267657992565,10375350.01486989,5.16728624535316,3.8438661710037176,499.182156133829,659.6468401486989,254.63197026022306,10.524163568773234,64.42158664468401,84.22701778486989,421.70260223048325,16.319702602230482,91.45275539100372,143.82062746609665,1039822.2419020773,100009.21912530906,1961282.5894645837,1035317.2145587516,4114443.6431226768,1332594.3011152416,10245601.167286245,2430970.7637022305,1009071.111223289,4097470.832713755,1610926.3011152416,4967671.639405205,1017701.979012156,470420.16974177095,1817971.9739776952,643274.8401486989,0.06691449814126393,0.0,0.0,0.0,93.54646840148699,81.24907063197026,68478.71755167565,31521.99607095914,9.87732342007435,437.02602230483274,74.65650612884758,119.7389471500632,35613.197913936914,0.011152416356877323,0.06691449814126393,0.241635687732342,0.45724907063197023,0.36059479553903345,0.137546468401487,0.0,0.241635687732342,0.4646840148698885,83.6461562598513,64.42158664468401,91.45275539100372,0.0,0.0,0.0,0.0,0.0,0.0,5.16728624535316,499.182156133829,3.8438661710037176,659.6468401486989,4597.92565055762,20431.193308550184,2.3011152416356877,17.888475836431226,363442.5710984015,228990.21926740214,546088.7806691449,202236.61710037175,3129486.376594796,471242.36552313494,3617753.2416356876,2660896.910780669,269,0.0,0
2018-03-01 04:09:00,10461.458,9.426,14153030.904,5.312,4.762,374.38,1774.336,197.858,15.12,53.147245633257995,61.77979111684,398.904,32.276,118.95647034704,136.70562507654,545589.4054462614,50514.832628552576,1020662.8040261433,1415560.7876129984,5232832.976,416156.292,13874375.03,1491846.1685516401,1788576.2251343736,5121463.538,432578.058,12244286.152,1189327.4990630802,1553250.5521953958,4519771.056,303919.524,0.108,0.0,0.0,0.0,103.064,99.264,45799.79887363857,4709.542602321344,15.044,410.404,82.589073273754,120.736888053684,40915.72980087046,0.01,0.108,0.242,0.376,0.288,0.054,0.0,0.242,0.564,96.1752609259,53.147245633257995,118.95647034704,0.0,0.0,0.0,0.0,0.0,0.0,5.312,374.38,4.762,1774.336,4441.668,11721.546,2.156,16.224,264256.62468046,22028.51156436824,290360.488,250505.838,4693399.371902,296356.47838216764,4968446.868,4446549.044,500,0.0,0
2018-03-01 04:10:00,8419.791666666666,9.675925925925926,12035006.923611112,4.25,3.4027777777777777,304.474537037037,889.9375,158.38425925925927,16.680555555555557,46.66062546136574,48.676476991291665,298.287037037037,33.375,95.00623766483797,98.98056509405093,463946.35836064373,60733.89879551893,2142172.0236089583,948093.0590899648,4848799.43287037,1673743.1087962964,11906962.300925925,2509987.705736273,1156370.7720926616,4850576.768518519,1708398.4976851852,7677728.4375,845991.4812855325,880441.795342329,2827669.659722222,256281.21064814815,0.11574074074074074,0.0,0.0,0.0,81.05555555555556,70.18518518518519,58209.79548405726,2515.629309836218,16.680555555555557,310.93981481481484,68.67269245773149,91.62198094959028,28953.083205841365,0.020833333333333332,0.11574074074074074,0.1875,0.3541666666666667,0.25,0.037037037037037035,0.0,0.1875,0.5555555555555556,81.79562959988426,46.66062546136574,95.00623766483797,0.0,0.0,0.0,0.0,0.0,0.0,4.25,304.474537037037,3.4027777777777777,889.9375,3724.3981481481483,9006.965277777777,1.6550925925925926,15.842592592592593,188368.48783368056,112521.39797940046,283442.1365740741,110935.18287037036,4075927.1625069445,512968.91156559775,4570705.675925926,3679122.3796296297,432,0.0,0
2018-03-01 04:11:00,6768.801829268293,9.789634146341463,19996187.47865854,6.024390243902439,5.378048780487805,505.7256097560976,1283.3841463414635,223.7408536585366,18.304878048780488,58.38593255393597,68.68688761422257,418.3109756097561,34.60060975609756,119.37644040265245,139.92753964026525,129557.8808624664,26151.811521956628,2024692.5872299399,1707572.3890239985,7166383.838414635,1249195.006097561,19643980.783536587,2556431.71959675,2125471.6219915226,7132662.219512195,1272421.219512195,14945009.521341464,1355154.4130304116,1536588.449793461,5111663.298780488,362378.6524390244,0.04573170731707317,0.0,0.0,0.0,113.95121951219512,114.04878048780488,22826.149332975987,3320.0817490411587,18.304878048780488,435.6981707317073,85.78062338643292,125.06374640770426,41961.587657574484,0.009146341463414634,0.04573170731707317,0.25,0.42378048780487804,0.17073170731707318,0.04573170731707317,0.0,0.25,0.5884146341463414,99.26138649463415,58.38593255393597,119.37644040265245,0.0,0.0,0.0,0.0,0.0,0.0,6.024390243902439,505.7256097560976,5.378048780487805,1283.3841463414635,4064.1463414634145,11267.80487804878,2.4542682926829267,15.682926829268293,443719.40351999993,52384.67223425946,493205.4542682927,407018.506097561,6085258.947579268,696760.5637514173,6702743.298780488,5536415.390243903,328,0.0,0
2018-03-01 04:12:00,7955.574468085107,10.16247582205029,16047461.222437138,5.499032882011606,5.249516441005802,372.2804642166344,2409.818181818182,177.3365570599613,18.39458413926499,49.27460428611219,52.322113617698264,344.7698259187621,40.18375241779497,124.0110064249323,114.19985304384913,306688.73975375755,46415.77385645941,1160527.7823665359,1298091.4174570024,4613738.3597678915,503696.3404255319,15892067.433268858,1689479.1006193617,1481116.977047754,4554017.688588007,649429.7988394584,13363592.852998067,1093501.8049527388,1113478.9208238842,3561335.137330754,300188.3655705996,0.06963249516441006,0.0,0.0,0.0,103.73694390715667,112.73500967117988,43378.88063903519,3029.812426689557,18.365570599613154,357.95551257253385,85.39503774868471,110.44216713340812,39504.13637472323,0.019342359767891684,0.06963249516441006,0.20502901353965183,0.379110251450677,0.19922630560928434,0.03868471953578337,0.0,0.20502901353965183,0.6170212765957447,99.62626049889748,49.27460428611219,124.0110064249323,0.0,0.0,0.0,0.0,0.0,0.0,5.499032882011606,372.2804642166344,5.249516441005802,2409.818181818182,3948.1528046421663,7971.644100580271,2.4158607350096712,15.5357833655706,300201.55086918763,108781.18349257059,436416.05222437135,229270.66344294004,4200835.419417796,265764.1940972355,4414542.781431335,3893160.758220503,517,0.0,0
2018-03-01 04:13:00,5698.763919821827,11.384187082405345,18669634.20378619,5.21826280623608,5.022271714922049,391.2472160356347,1635.7984409799556,165.20378619153675,22.73608017817372,50.339385350573494,48.634211921966596,359.88752783964367,47.20378619153675,128.35011492257237,119.42241534159353,211059.26358311847,31829.169735266416,1616928.9494571306,1758465.4453474642,6613899.989977729,828296.0567928731,18267988.954342984,2210794.6434740466,2089357.9287184211,6358366.192650334,913095.7917594655,15578856.346325167,1456347.5223255914,1794279.7799741037,5151159.037861915,319336.6848552339,0.06347438752783964,0.0,0.0,0.0,95.93763919821826,104.35634743875278,28568.200687108172,3256.3828961755535,22.73608017817372,377.34409799554567,85.07032558640088,113.08924362417929,39257.06667386922,0.0077951002227171495,0.06347438752783964,0.22605790645879734,0.30066815144766146,0.16815144766146994,0.028953229398663696,0.0,0.22605790645879734,0.6893095768374164,101.49242577979065,50.339385350573494,128.35011492257237,0.0,0.0,0.0,0.0,0.0,0.0,5.21826280623608,391.2472160356347,5.022271714922049,1635.7984409799556,3229.095768374165,5248.227171492205,2.260579064587973,13.634743875278396,228123.5239001002,85820.51449286276,374976.96547884186,180364.76280623607,5977868.270853006,535160.6197540824,6434060.977728285,5553203.601336303,898,0.0,0
2018-03-01 04:14:00,10172.07142857143,9.75297619047619,11012621.279761905,4.535714285714286,3.9047619047619047,367.1517857142857,787.3839285714286,196.3779761904762,13.898809523809524,51.57958023761905,62.666045583988094,368.88690476190476,34.413690476190474,109.01987208202382,123.64891318377977,201790.99888655957,25385.65906305329,1201015.21198754,943733.5796345648,3762868.3273809524,758452.0327380953,10531689.226190476,1559537.7268080558,1028647.6470417047,3419111.1428571427,831366.2232142857,8381139.946428572,929966.3994307531,914459.1611958058,2759960.5148809524,309245.33035714284,0.020833333333333332,0.0,0.0,0.0,84.14285714285714,78.86904761904762,21355.678695722527,4024.5327951275685,13.898809523809524,378.1815476190476,74.24441197720238,111.3520178697768,36325.617793461155,0.011904761904761904,0.020833333333333332,0.20238095238095238,0.3898809523809524,0.22023809523809523,0.0625,0.0,0.20238095238095238,0.5952380952380952,87.1788231439881,51.57958023761905,109.01987208202382,0.0,0.0,0.0,0.0,0.0,0.0,4.535714285714286,367.1517857142857,3.9047619047619047,787.3839285714286,3894.9880952380954,10856.252976190477,1.880952380952381,15.642857142857142,363092.3147601488,37930.52155043836,418703.43154761905,339933.41964285716,3195279.664809524,180749.02936134048,3392478.949404762,2998790.2946428573,336,0.0,0
2018-03-01 04:15:00,10141.046382189239,10.183673469387756,12484565.970315399,4.571428571428571,3.782931354359926,331.75324675324674,876.3543599257885,143.0408163265306,19.192949907235622,46.138999036089054,42.96224684520222,288.0352504638219,36.975881261595546,96.90701687552875,94.08442871539889,210418.89473971346,43079.227573696735,1617410.9970461372,1454288.0427730198,5326693.604823748,906819.1298701299,12447061.71057514,2043944.5487968647,1750934.7847370887,5337555.8942486085,983591.5936920223,8516551.981447125,973899.2898606474,1018406.5022029936,3283277.361781076,440605.2282003711,0.09833024118738404,0.0,0.0,0.0,82.12987012987013,75.79220779220779,37658.76105541008,5412.825767809363,19.105751391465677,299.77365491651204,69.16734901194806,88.40699014146011,28559.735292516278,0.0074211502782931356,0.09833024118738404,0.12987012987012986,0.2820037105751391,0.2987012987012987,0.07050092764378478,0.0,0.12987012987012986,0.5974025974025974,82.96938421922079,46.138999036089054,96.90701687552875,0.0,0.0,0.0,0.0,0.0,0.0,4.571428571428571,331.75324675324674,3.782931354359926,876.3543599257885,3579.886827458256,8449.643784786642,1.6512059369202226,15.324675324675324,250724.19099799628,174519.75801430794,420377.67532467534,132955.4081632653,4690692.1320705,331576.51356403687,5047161.051948052,4391931.799628942,539,0.0,0
2018-03-01 04:16:00,9627.584782608696,9.17608695652174,12236880.576086957,4.591304347826087,3.5304347826086957,487.4760869565217,907.5021739130435,177.49565217391304,25.445652173913043,59.11329838813044,52.5262485836413,314.4869565217391,33.10434782608696,98.8442716133913,105.00065620756521,370364.42855103937,71029.78758510362,1901966.0035765246,1015980.0181031136,4684156.719565217,1393921.5130434784,12048639.691304348,2263437.044860754,1187402.9181009391,4600596.489130435,1451311.1239130434,8088300.839130435,890156.4643170921,953113.9760490716,2883058.5717391307,248899.4652173913,0.1282608695652174,0.0,0.0,0.0,81.91304347826087,72.42608695652174,66901.92785565341,4117.911988531237,22.078260869565216,333.74347826086955,77.36597139515217,96.61224940495217,32692.530822341694,0.013043478260869565,0.1282608695652174,0.1934782608695652,0.34130434782608693,0.27391304347826084,0.04565217391304348,0.0,0.1934782608695652,0.5108695652173914,93.53050210708696,59.11329838813044,98.8442716133913,0.0,0.0,0.0,0.0,0.0,0.0,4.591304347826087,487.4760869565217,3.5304347826086957,907.5021739130435,3927.95,8617.963043478261,1.9021739130434783,15.57391304347826,275877.0857503913,112627.4488257413,380006.14130434784,198282.6739130435,4019298.7280891305,403362.33547175664,4383438.917391304,3686921.6608695653,460,0.0,0
2018-03-01 04:17:00,6940.37688442211,10.110552763819095,18171093.695142377,6.541038525963149,7.177554438860971,337.85929648241205,4949.026800670017,168.73366834170855,15.360134003350083,44.570633610576216,49.688964826197655,358.6884422110553,39.08877721943048,143.04919653131324,116.32234876517587,263258.71927154576,25982.895527473254,1381525.3109844706,1755778.6634354047,5644402.6549413735,479204.99832495814,17942350.463986598,2036938.7273905696,2029604.5164573677,5517087.040201005,556133.0469011725,14754439.530988274,1348703.6020616582,1248201.271527206,3822955.7638190957,357450.74539363483,0.04020100502512563,0.0,0.0,0.0,127.75879396984925,154.31825795644892,20149.59915115255,5829.463913576093,15.306532663316583,371.1507537688442,92.63059042327303,118.56395704209548,47113.13368486907,0.008375209380234505,0.04020100502512563,0.24623115577889448,0.4187604690117253,0.17587939698492464,0.07370184254606366,0.0,0.24623115577889448,0.628140703517588,105.79788186229314,44.570633610576216,143.04919653131324,0.0,0.0,0.0,0.0,0.0,0.0,6.541038525963149,337.85929648241205,7.177554438860971,4949.026800670017,4731.269681742044,8660.289782244556,2.1725293132328307,16.03350083752094,362490.58920999995,119434.94781454372,486265.41541038523,283553.18760469015,4090869.164559464,642101.9341248737,4826240.0351758795,3605511.2931323284,597,0.0,0
2018-03-01 04:18:00,10866.691256830602,8.989071038251366,16721614.855191257,5.240437158469946,5.062841530054645,557.1338797814208,2345.1775956284155,208.59016393442624,17.762295081967213,62.919551045565576,65.53947406766393,364.03005464480873,28.081967213114755,111.46358677480876,124.97043446396174,642159.4048943496,61969.49867963506,2239396.4355654563,1471795.195896778,5997317.445355191,1465245.4398907104,16528137.909836065,2746191.566867002,1771617.073111174,5977806.655737705,1501387.2021857924,11071982.584699454,1227517.0735071858,1241607.296586797,3661360.355191257,362584.5300546448,0.10382513661202186,0.0,0.0,0.0,99.74863387978142,108.7103825136612,57415.478744590095,4544.017836208361,17.59016393442623,398.1857923497268,89.81301373748633,117.01426247262567,40610.44442390665,0.01639344262295082,0.10382513661202186,0.16666666666666666,0.3879781420765027,0.2786885245901639,0.06557377049180328,0.0,0.16666666666666666,0.5163934426229508,103.05594318273224,62.919551045565576,111.46358677480876,0.0,0.0,0.0,0.0,0.0,0.0,5.240437158469946,557.1338797814208,5.062841530054645,2345.1775956284155,4177.650273224043,10007.45081967213,2.3551912568306013,16.404371584699454,237218.26431106555,137270.77604546477,403895.912568306,145644.69672131148,5167496.624983607,402143.41925253015,5630689.920765027,4793485.603825137,366,0.0,0
2018-03-01 04:19:00,10601.058479532163,9.084795321637428,14848709.842105264,5.421052631578948,4.576023391812866,437.8391812865497,928.6432748538011,224.20760233918128,14.991228070175438,60.004440095821636,70.72660106596783,427.22514619883043,30.263157894736842,115.31821206260233,145.08098652712573,63539.44406185253,35339.719836997654,2358567.6057881373,1264807.449737338,5900160.590643275,1709009.6520467836,14799230.48245614,2891688.7340233624,1533293.1717258815,5888291.584795321,1810680.7631578948,9056302.081871346,1246402.5092980498,984685.1345882816,3636402.611111111,616145.432748538,0.038011695906432746,0.0,0.0,0.0,102.0701754385965,98.67836257309942,24525.096032303667,10811.947804945534,14.991228070175438,438.6842105263158,82.51969446650293,124.65868928225146,39944.99283969293,0.005847953216374269,0.038011695906432746,0.19298245614035087,0.40350877192982454,0.25146198830409355,0.1286549707602339,0.0,0.19298245614035087,0.5906432748538012,95.17166211884502,60.004440095821636,115.31821206260233,0.0,0.0,0.0,0.0,0.0,0.0,5.421052631578948,437.8391812865497,4.576023391812866,928.6432748538011,4352.6345029239765,14441.976608187135,2.1637426900584797,16.292397660818715,338276.75807745615,243954.11843952455,518139.0643274854,165938.59064327486,4947046.305125731,566524.4541070185,5446539.190058479,4466015.125730994,342,0.0,0
2018-03-01 04:20:00,9997.800420168067,9.855042016806722,13934754.38235294,5.180672268907563,4.676470588235294,413.4495798319328,1576.235294117647,200.1953781512605,17.04201680672269,56.25748519311554,62.71926878921008,402.56302521008405,32.74159663865546,123.3632125830462,138.2735415690126,346491.30648213427,49226.63184410962,915007.3069531504,1482511.5827949736,5511432.81302521,278588.25420168065,13775375.81302521,1441603.6864516807,1876345.2375574126,5413260.554621848,359400.8781512605,11668274.048319329,1101007.590841918,1452478.522656484,4555341.930672269,289875.16596638656,0.06932773109243698,0.0,0.0,0.0,102.30252100840336,99.10084033613445,45431.64295033287,3788.259539563563,16.92016806722689,421.94117647058823,87.34936579551051,123.91556939529201,42812.30306241483,0.014705882352941176,0.06932773109243698,0.20378151260504201,0.39285714285714285,0.23319327731092437,0.06302521008403361,0.0,0.20378151260504201,0.5945378151260504,100.96579052596638,56.25748519311554,123.3632125830462,0.0,0.0,0.0,0.0,0.0,0.0,5.180672268907563,413.4495798319328,4.676470588235294,1576.235294117647,4618.792016806723,10520.29411764706,2.292016806722689,16.168067226890756,273516.8432218277,61083.855293096385,349654.1743697479,234024.09243697478,4901701.644441177,244159.15776972764,5169352.084033613,4692216.918067227,476,0.0,0
2018-03-01 04:21:00,7709.858461538462,9.11076923076923,14742877.667692307,5.609230769230769,5.0892307692307694,505.2830769230769,1473.206153846154,236.0646153846154,15.750769230769231,64.15983470943077,76.26357128066462,427.90153846153845,32.63384615384616,113.83052560676924,140.27899751584616,635650.8627822169,54248.630335135815,2365872.8513378464,1401777.4633762892,6798537.538461538,1791038.2707692308,14468594.723076923,2787026.7329024523,1779078.0475600262,6604694.341538462,1802597.2676923077,9437862.92,1031165.0005938153,1469053.4240688751,4473932.741538461,328589.68923076923,0.05846153846153846,0.0,0.0,0.0,102.28923076923077,104.06153846153846,50355.0648437342,3890.749515438674,15.750769230769231,443.8184615384615,86.18078855799077,125.16566842260308,38949.86596667705,0.018461538461538463,0.05846153846153846,0.16923076923076924,0.4553846153846154,0.18461538461538463,0.04,0.0,0.16923076923076924,0.5969230769230769,99.10257854372308,64.15983470943077,113.83052560676924,0.0,0.0,0.0,0.0,0.0,0.0,5.609230769230769,505.2830769230769,5.0892307692307694,1473.206153846154,4843.049230769231,15472.892307692307,2.2984615384615386,15.827692307692308,404305.2919288,29478.54642935385,445896.1846153846,384493.41538461536,6063214.799273846,404125.2499983964,6408939.16,5744055.347692308,325,0.0,0
2018-03-01 04:22:00,7689.959375,9.3875,17358919.2625,5.46875,5.421875,456.11875,2196.6875,233.28125,16.30625,60.99432893018437,73.55682696099375,469.0875,34.903125,141.77244344315625,160.01452569609376,265967.2961072173,40590.3950164609,2260397.65410725,1710419.5360552922,7000673.284375,1486714.728125,17302881.31875,2910236.235892875,2171430.978554748,7011500.81875,1549751.746875,12812851.70625,1324186.081045553,1591609.4362499597,4696138.16875,424949.878125,0.046875,0.0,0.0,0.0,107.15,115.2625,37132.46040245611,3455.074638025156,16.1875,481.55,99.20367303371874,142.49339060786875,50549.42569047462,0.009375,0.046875,0.1875,0.46875,0.165625,0.034375,0.0,0.1875,0.58125,112.43069827754687,60.99432893018437,141.77244344315625,0.0,0.0,0.0,0.0,0.0,0.0,5.46875,456.11875,5.421875,2196.6875,5231.98125,14694.0125,2.65,15.6875,136220.0662333125,50698.742963822595,200454.98125,102105.04375,6284078.055009374,349709.85650678823,6657911.58125,5980229.23125,320,0.0,0
2018-03-01 04:23:00,7125.096728307255,11.015647226173542,13427331.285917496,5.4978662873399715,5.8108108108108105,350.1379800853485,3328.917496443812,167.0782361308677,19.972972972972972,50.69696414781081,50.25609267240683,368.2688477951636,43.506401137980085,135.01647955032718,124.91826269502134,770557.2721860213,50012.63622952787,900846.821235283,1300044.6739283649,5117672.019914651,383065.50213371264,13376413.600284494,1352979.300649943,1723677.7641335144,5118211.840682788,393242.66287339973,11028288.918918919,789790.1670515648,1273910.1286307299,4021072.4580369843,110613.18634423897,0.0953058321479374,0.0,0.0,0.0,103.99431009957326,117.32005689900427,45768.574503521595,4238.854373546038,19.890469416785205,379.1820768136558,89.60239898711664,117.7066502754367,42687.404890602964,0.004267425320056899,0.0953058321479374,0.20056899004267426,0.3229018492176387,0.19630156472261737,0.034139402560455195,0.0,0.20056899004267426,0.6500711237553343,105.72890167973969,50.69696414781081,135.01647955032718,0.0,0.0,0.0,0.0,0.0,0.0,5.4978662873399715,350.1379800853485,5.8108108108108105,3328.917496443812,3825.7268847795162,8057.896159317212,1.9914651493598863,14.395448079658607,192093.85659392603,102924.7248721579,299515.6187766714,121655.98577524893,4637424.613697013,298100.3322542271,4944894.678520625,4368067.364153627,703,0.0,0
2018-03-01 04:24:00,9838.155555555555,9.205555555555556,19099629.21111111,5.7555555555555555,4.855555555555555,410.3611111111111,1700.4583333333333,188.25833333333333,18.01388888888889,53.41541919600556,57.993099559986106,438.4888888888889,29.758333333333333,137.56072874866666,159.10482861394445,897704.3294485811,72406.56612705448,2611627.9688929464,1561542.8729602697,6744079.891666667,1780377.9972222222,19105365.794444446,3148448.9962959443,1834118.9575935411,6764430.672222222,1843097.2944444444,12848515.141666668,1279195.095406175,1182511.2085799358,3860595.1194444443,437964.5388888889,0.09444444444444444,0.0,0.0,0.0,110.72222222222223,106.46666666666667,52649.84117163782,19754.182754725643,17.530555555555555,449.68611111111113,90.33327258226667,133.3231833506972,47075.762781025674,0.002777777777777778,0.09444444444444444,0.2111111111111111,0.4305555555555556,0.21944444444444444,0.05555555555555555,0.0,0.2111111111111111,0.4583333333333333,103.50666938704445,53.41541919600556,137.56072874866666,0.0,0.0,0.0,0.0,0.0,0.0,5.7555555555555555,410.3611111111111,4.855555555555555,1700.4583333333333,4549.230555555556,10089.43888888889,2.7083333333333335,15.977777777777778,253782.45894141664,136458.4151130353,391661.35555555555,164406.40555555557,5954752.748405556,500975.0452479079,6516071.886111111,5522932.541666667,360,0.0,0
2018-03-01 04:25:00,7259.685071574642,11.413087934560327,12253633.411042945,4.413087934560327,3.867075664621677,289.2249488752556,1114.8159509202453,154.079754601227,20.155419222903884,47.5266074817955,44.694046584147245,344.1922290388548,46.43558282208589,124.09359581177915,113.80224307762781,327536.7354986812,29363.300889216687,1304975.4918226886,1082670.1689783547,4675313.793456033,859892.4314928425,12134100.411042945,1674192.4397422108,1350894.7272536322,4601607.110429448,894200.200408998,10111381.45398773,950197.0024774356,1189491.4158861004,3696384.2597137014,307760.6339468303,0.081799591002045,0.0,0.0,0.0,82.84662576687117,78.0040899795501,23420.403388221977,5939.154385207529,20.014314928425357,350.5439672801636,80.33643603333334,105.44334791889979,35986.23843530144,0.006134969325153374,0.081799591002045,0.1738241308793456,0.294478527607362,0.18404907975460122,0.05521472392638037,0.0,0.1738241308793456,0.6625766871165644,96.26140120149898,47.5266074817955,124.09359581177915,0.0,0.0,0.0,0.0,0.0,0.0,4.413087934560327,289.2249488752556,3.867075664621677,1114.8159509202453,3693.069529652352,9285.9918200409,1.822085889570552,14.004089979550102,137156.7766965235,134433.19186236104,243901.61349693252,41890.877300613494,4412079.702732107,72421.0945273132,4479402.607361963,4344694.879345603,489,0.0,0
2018-03-01 04:26:00,7448.049830124575,11.638731596828991,14807873.088335222,6.27519818799547,7.9150622876557195,253.22083805209513,7125.453001132503,134.02038505096263,23.505096262740658,42.202802599718005,35.023269396877694,331.9229898074745,51.71007927519819,156.20839926707814,106.36645817328991,180910.19380955832,34903.747713016935,1004505.0699904552,1068669.589877948,3896005.8958097394,458279.2718006795,14636438.411098529,1433303.1180518218,1265760.9706470228,3827761.844847112,492665.3975084938,12580246.93997735,843148.72276206,905178.8572019187,2870162.328425821,155120.47678369196,0.04983012457531144,0.0,0.0,0.0,117.78029445073612,164.638731596829,27221.264898564383,7678.855213862798,23.43488108720272,338.86749716874294,98.8295211935266,112.74429976856625,46614.21887135071,0.004530011325028313,0.04983012457531144,0.22650056625141562,0.2944507361268403,0.17780294450736125,0.07021517553793885,0.0,0.22650056625141562,0.7010192525481314,116.10552869138392,42.202802599718005,156.20839926707814,0.0,0.0,0.0,0.0,0.0,0.0,6.27519818799547,253.22083805209513,7.9150622876557195,7125.453001132503,3182.1166477916195,5707.825594563987,1.985277463193658,13.707814269535675,210264.60017029443,85666.66335204434,313869.54133635334,157263.68742921858,3379172.7938754247,151325.1518980191,3543691.2457531146,3249446.021517554,883,0.0,0
2018-03-01 04:27:00,12666.7,7.911111111111111,16039256.185185185,5.218518518518518,3.9962962962962965,418.9925925925926,1050.4851851851852,219.87777777777777,12.437037037037037,53.03719436076296,67.11184152045556,315.0148148148148,17.159259259259258,75.41115077707408,106.56257524322963,100022.40011769235,37074.01905229761,7832546.785368493,754800.7466421658,9627762.637037037,7402942.381481482,15921117.307407407,8040486.91810074,809818.0237631198,9544343.885185186,7463437.270370371,4865523.8185185185,786144.7945024815,467404.1535185471,1769207.8148148148,509260.85185185185,0.05925925925925926,0.0,0.0,0.0,100.63703703703703,84.88888888888889,30192.0579781882,6875.181873771059,12.437037037037037,345.9962962962963,64.66517707313703,92.7820090765074,26055.071532753245,0.0,0.05925925925925926,0.1814814814814815,0.42592592592592593,0.32592592592592595,0.09259259259259259,0.0,0.1814814814814815,0.42962962962962964,73.30073292903333,53.03719436076296,75.41115077707408,0.0,0.0,0.0,0.0,0.0,0.0,5.218518518518518,418.9925925925926,3.9962962962962965,1050.4851851851852,9350.496296296296,18038.17777777778,2.074074074074074,17.48148148148148,226511.80751414815,213875.0428730253,397748.0851851852,77681.67037037037,9012843.596666666,228444.9730754963,9280806.633333333,8820546.859259259,270,0.0,0
2018-03-01 04:28:00,7596.713280562884,11.862796833773087,14104528.502198769,4.300791556728232,3.8240985048372913,279.75725593667545,1280.5268249780122,137.52858399296395,23.525065963060687,44.801689940428325,37.42208480720317,312.19173262972737,48.72207563764292,123.65972784001761,102.51855525421284,340109.4681705886,36760.087733885266,1833853.9242031046,1232502.1154090222,5703558.410729991,1354091.436235708,13868047.352682497,2261122.595603083,1490143.5576705143,5558266.700087951,1451306.0809146878,11535308.419525066,911850.0911831469,1292157.6650663859,3986274.467897977,208367.80474934037,0.05804749340369393,0.0,0.0,0.0,79.19085312225154,76.41864555848724,32370.65690183865,4384.601321926064,23.439753737906774,326.8768689533861,80.21043071742304,100.24002285981267,35545.63929961998,0.0079155672823219,0.05804749340369393,0.20844327176781002,0.27088830255057167,0.17766051011433598,0.06596306068601583,0.0,0.20844327176781002,0.7150395778364116,98.26930568696393,44.801689940428325,123.65972784001761,0.0,0.0,0.0,0.0,0.0,0.0,4.300791556728232,279.75725593667545,3.8240985048372913,1280.5268249780122,3291.6675461741424,4717.359718557608,1.7950747581354443,13.554969217238346,125459.25653156552,79217.27927984344,222237.2761653474,75835.63940193491,5469909.38685752,152083.5993647551,5581374.244503078,5299313.901495162,1137,0.0,0
2018-03-01 04:29:00,10510.659793814433,9.290721649484537,14908238.767010309,5.030927835051546,3.909278350515464,530.6494845360825,910.6701030927835,201.91340206185566,26.261855670103092,62.22591793230104,59.81690219858557,332.08865979381443,27.942268041237114,101.37786207193814,112.41619742105155,1228618.0307702462,85086.56911974201,4138294.933248268,1142447.8919346493,7384646.824742268,3599015.9670103095,14681668.610309279,4488653.49992858,1384902.01646737,7239706.5216494845,3625246.468041237,8884380.391752576,769512.9104869979,1009216.2618603669,3043787.851546392,168810.1855670103,0.09278350515463918,0.0,0.0,0.0,97.69072164948453,82.09484536082475,79848.0417108887,5228.148940339014,23.169072164948453,373.9381443298969,84.80690799602061,105.80484477405773,35291.63302637987,0.018556701030927835,0.09278350515463918,0.2639175257731959,0.3979381443298969,0.2597938144329897,0.04742268041237113,0.0,0.2639175257731959,0.5010309278350515,100.73916716206186,62.22591793230104,101.37786207193814,0.0,0.0,0.0,0.0,0.0,0.0,5.030927835051546,530.6494845360825,3.909278350515464,910.6701030927835,5909.0,11370.923711340207,2.0927835051546393,16.478350515463916,342105.600481134,34292.792625793816,389460.5319587629,321424.7175257732,6528027.82605567,318954.3227547239,6863354.632989691,6245423.018556701,485,0.0,0
2018-03-01 04:30:00,13670.075794621027,7.677261613691932,14947021.594132029,5.158924205378973,3.65281173594132,421.88508557457214,741.5256723716382,228.15403422982885,9.031784841075794,55.17239525471882,74.71999328481662,412.0122249388753,15.398533007334963,100.39687031244499,149.10223512535453,351895.81551835267,57160.41717690942,5254024.982663914,1123232.113529881,8353124.2322738385,4737617.721271394,14851523.452322738,5594445.340418313,1400590.9785246227,8383402.2322738385,4747015.8875305625,6663171.339853301,788357.0578427163,835834.222451445,2716390.1369193154,322722.4303178484,0.034229828850855744,0.0,0.0,0.0,97.83863080684597,77.91687041564792,49409.66328266662,7746.278626801824,8.938875305623473,433.6088019559902,74.07820451061124,122.30665374899512,39628.98805269098,0.017114914425427872,0.034229828850855744,0.2860635696821516,0.4621026894865526,0.31784841075794623,0.10024449877750612,0.0,0.2860635696821516,0.39853300733496333,82.87123146762836,55.17239525471882,100.39687031244499,0.0,0.0,0.0,0.0,0.0,0.0,5.158924205378973,421.88508557457214,3.65281173594132,741.5256723716382,7301.014669926651,16594.867970660147,2.237163814180929,17.770171149144254,228637.8090334719,106462.0348782044,307858.0513447433,151346.09535452322,7741826.397141809,295176.2247617023,8003455.990220048,7498852.31784841,409,0.0,0
2018-03-01 04:31:00,9481.023611111112,10.065277777777778,14420066.76111111,5.270833333333333,4.725,390.9625,2102.6694444444443,184.49166666666667,16.931944444444444,49.852791175516664,55.626273168051384,367.69305555555553,37.766666666666666,130.70292687455554,127.018973361725,616023.1457443367,61444.68591997606,2470111.8858767827,1040378.4855185511,5391126.672222222,2012895.5680555555,14293839.208333334,2839316.4287460004,1282869.2231959617,5333153.386111111,2027739.298611111,10990196.6,767287.2703570278,991918.1290961663,2857266.6666666665,141134.49444444446,0.12638888888888888,0.0,0.0,0.0,100.86666666666666,98.65555555555555,56480.3071982121,4955.481020193375,16.794444444444444,385.19166666666666,87.41300491099028,118.56265876465832,43409.311501278695,0.013888888888888888,0.12638888888888888,0.23333333333333334,0.3277777777777778,0.275,0.041666666666666664,0.0,0.23333333333333334,0.5375,101.76404628475555,49.852791175516664,130.70292687455554,0.0,0.0,0.0,0.0,0.0,0.0,5.270833333333333,390.9625,4.725,2102.6694444444443,4455.779166666666,9715.597222222223,2.3027777777777776,15.283333333333333,120650.59764604167,124918.81060304261,262707.9041666667,41639.854166666664,5085864.7798833335,96074.53645232943,5172380.202777778,4957948.869444445,720,0.0,0
2018-03-01 04:32:00,8726.742553191489,10.248936170212765,16105494.04893617,5.26595744680851,4.212765957446808,378.33829787234043,1317.1978723404254,197.44255319148937,18.91063829787234,53.78572810030213,58.36386571795958,364.20851063829787,36.54255319148936,118.47334780482979,123.81235427420638,806615.1467495947,57705.14585269023,4277059.312439503,1148054.5031761064,7689441.9978723405,3742704.855319149,16062071.774468085,4678896.512645766,1446407.2258911165,7714861.125531915,3778964.810638298,9464296.946808511,866714.0582246959,964510.8742563702,3149951.6127659576,258387.51276595745,0.07234042553191489,0.0,0.0,0.0,97.67659574468085,87.85531914893618,50281.30664425888,7418.971166066406,18.687234042553193,386.8872340425532,83.11928542829787,113.26656009005745,37598.35435040045,0.006382978723404255,0.07234042553191489,0.21914893617021278,0.35319148936170214,0.225531914893617,0.06808510638297872,0.0,0.21914893617021278,0.5617021276595745,97.43634343402128,53.78572810030213,118.47334780482979,0.0,0.0,0.0,0.0,0.0,0.0,5.26595744680851,378.33829787234043,4.212765957446808,1317.1978723404254,6423.13829787234,12924.048936170213,2.227659574468085,15.097872340425532,164537.37162042552,100514.18032567027,291987.61063829786,100142.2744680851,7004363.233334042,493207.63273141667,7446176.672340426,6568505.759574468,470,0.0,0
2018-03-01 04:33:00,9913.433609958507,9.21161825726141,20293443.248962656,5.564315352697095,4.908713692946058,432.1618257261411,1773.6742738589212,219.51659751037346,15.348547717842324,54.67621320477386,66.70916543420539,406.28215767634856,31.070539419087137,128.474493578361,143.088476683195,425406.4067214503,41669.1368093558,5041853.382308251,1349217.9438360548,9276408.15560166,4456077.043568465,20112341.560165975,5538691.7029214725,1709912.1043326254,9140286.168049792,4492282.549792531,12966388.663900414,1091678.265758197,1381205.828571908,4444562.560165975,279391.0145228216,0.04149377593360996,0.0,0.0,0.0,106.9045643153527,105.44398340248962,37303.58815658892,4364.599283510904,15.348547717842324,431.597510373444,88.80481795984025,128.11988245202488,44795.35093942714,0.002074688796680498,0.04149377593360996,0.2697095435684647,0.42946058091286304,0.22406639004149378,0.056016597510373446,0.0,0.2697095435684647,0.483402489626556,101.92658380477178,54.67621320477386,128.474493578361,0.0,0.0,0.0,0.0,0.0,0.0,5.564315352697095,432.1618257261411,4.908713692946058,1773.6742738589212,6981.869294605809,12750.742738589212,2.5497925311203318,15.800829875518673,205154.38587329874,150630.57717894358,327289.1473029046,98297.07468879668,8660291.328580912,420555.1545085222,9021138.163900414,8285194.197095436,482,0.0,0
2018-03-01 04:34:00,9717.268,9.538,15990097.194,5.526,4.41,575.978,1251.254,240.954,17.144,62.617911027561995,75.89619106938801,411.274,35.714,130.03623457866001,144.543310476666,813823.2606493847,62609.01042090409,3521197.460976782,1352604.0670813557,7105525.372,2871737.652,15785926.374,4019559.8757966864,1653523.621248505,7026446.286,2923000.436,10973721.946,1216488.71804813,1188082.1259486575,3533870.11,444974.892,0.09,0.0,0.0,0.0,106.376,93.712,58159.82536909521,4445.524283421174,17.144,436.332,92.53583655789201,133.135930860396,48365.59156420174,0.01,0.09,0.274,0.402,0.258,0.052,0.0,0.274,0.496,106.52637536904001,62.617911027561995,130.03623457866001,0.0,0.0,0.0,0.0,0.0,0.0,5.526,575.978,4.41,1251.254,6146.424,13019.22,2.542,16.088,127302.30745034,47113.44721995653,182495.018,97116.348,6294345.9908,295501.022966819,6583531.14,6036535.99,500,0.0,0
2018-03-01 04:35:00,10112.20792079208,8.272277227722773,16053721.886138614,5.514851485148514,4.23019801980198,541.0866336633663,766.9653465346535,281.3069306930693,15.702970297029703,68.18577884089109,88.03728585139604,446.1460396039604,22.675742574257427,102.73297528509902,151.76048161403466,454061.6729926214,67366.79729612883,5360270.461648193,1422305.187977785,8587552.596534653,4614010.465346535,15952919.084158415,5727336.632212872,1660225.4173998807,8550532.042079208,4629080.26980198,7780595.081683168,892601.7925423515,837598.1181204534,2631780.925742574,332155.4925742574,0.04702970297029703,0.0,0.0,0.0,107.25742574257426,88.6930693069307,62097.51458048024,5265.884724871366,15.702970297029703,478.1930693069307,82.55965586404207,128.22871894601485,38031.38656078079,0.0049504950495049506,0.04702970297029703,0.297029702970297,0.49504950495049505,0.24752475247524752,0.06683168316831684,0.0,0.297029702970297,0.42574257425742573,93.99073214677229,68.18577884089109,102.73297528509902,0.0,0.0,0.0,0.0,0.0,0.0,5.514851485148514,541.0866336633663,4.23019801980198,766.9653465346535,7438.012376237623,21599.18316831683,2.626237623762376,17.128712871287128,565501.8765760891,86913.43800526955,652428.6163366337,508577.50247524754,7636966.204490098,703035.4365093531,8235771.873762377,7092273.735148515,404,0.0,0
2018-03-01 04:36:00,11961.75113122172,8.015837104072398,13390631.391402716,5.411764705882353,4.047511312217194,458.34615384615387,651.9434389140272,255.8733031674208,8.699095022624434,58.93330610893891,81.86548208411538,410.9977375565611,21.69683257918552,96.71093648996154,141.15258693554298,366692.7740663198,52574.07740910514,4642560.1741292775,1022876.3889906382,7083115.809954751,4138541.6832579183,13196423.212669684,4986021.775821169,1125678.825132032,6979025.036199095,4221621.762443439,6851362.886877828,1051993.504987896,809571.7670290216,2502693.5384615385,484296.26923076925,0.07918552036199095,0.0,0.0,0.0,106.76018099547511,87.28506787330316,47270.435777675026,5298.465205707939,8.699095022624434,435.868778280543,73.16672381711764,120.56384318318777,35449.87233238442,0.013574660633484163,0.07918552036199095,0.29638009049773756,0.49547511312217196,0.27149321266968324,0.06561085972850679,0.0,0.29638009049773756,0.4298642533936652,83.08514175728733,58.93330610893891,96.71093648996154,0.0,0.0,0.0,0.0,0.0,0.0,5.411764705882353,458.34615384615387,4.047511312217194,651.9434389140272,7843.823529411765,20988.99773755656,2.4004524886877827,17.800904977375566,218597.09884151584,140268.69168665295,331953.0271493213,117777.76923076923,6447072.439855203,128131.69654705985,6548646.009049774,6320603.640271493,442,0.0,0
2018-03-01 04:37:00,8433.290657439446,7.5121107266435985,15726992.204152249,6.377162629757786,4.882352941176471,655.9342560553633,805.0588235294117,330.5121107266436,12.546712802768166,76.76923540071625,104.39223950522492,505.53979238754323,14.034602076124568,102.87717541439447,173.53110864438406,305159.10516224086,19475.11968316556,5855132.088807267,1243274.4820701135,8688212.07266436,5161144.757785467,15708332.788927335,6229845.830114187,1490540.2289149538,8760973.519031141,5179919.7404844295,6915083.813148789,959925.0837053288,795826.2847407997,2351656.2249134947,363950.8027681661,0.05536332179930796,0.0,0.0,0.0,126.90657439446366,107.83391003460207,16287.040489307328,3188.079194295543,12.546712802768166,538.7058823529412,87.94808296786158,142.6571942388339,40891.39006079471,0.0034602076124567475,0.05536332179930796,0.31833910034602075,0.6020761245674741,0.22837370242214533,0.05190311418685121,0.0,0.31833910034602075,0.3806228373702422,97.68407360192734,76.76923540071625,102.87717541439447,0.0,0.0,0.0,0.0,0.0,0.0,6.377162629757786,655.9342560553633,4.882352941176471,805.0588235294117,10103.993079584776,26859.287197231835,3.093425605536332,18.560553633217992,391933.89613114187,57998.345360796535,443568.27335640136,353158.9411764706,7827794.778453288,347804.3311762584,8208982.813148789,7528285.896193772,289,0.0,0
2018-03-01 04:38:00,7535.451730418944,10.174863387978142,17678665.349726778,5.590163934426229,4.632058287795993,416.13479052823317,1125.4335154826958,223.71766848816029,18.42440801457195,57.8088816362714,66.98080712007285,436.06193078324225,37.83424408014572,132.83328621779597,147.28077632599818,403768.6597602605,37197.06513599294,4213666.630065622,1219240.5291138054,7619668.287795993,3638492.304189435,17567763.47723133,4661248.745536795,1502494.0244476642,7614890.398907104,3653759.061930783,11266427.697632058,1004418.5260971589,1158280.6177587525,3391611.8706739526,196356.28961748633,0.04735883424408015,0.0,0.0,0.0,105.12932604735883,97.87978142076503,33928.034046994726,3264.863547118472,17.30783242258652,457.61566484517306,88.35962470040619,130.82736110657012,43884.003660702874,0.0036429872495446266,0.04735883424408015,0.2987249544626594,0.4116575591985428,0.1657559198542805,0.03460837887067395,0.0,0.2987249544626594,0.5573770491803278,102.67527203092897,57.8088816362714,132.83328621779597,0.0,0.0,0.0,0.0,0.0,0.0,5.590163934426229,416.13479052823317,4.632058287795993,1125.4335154826958,5547.635701275046,14411.978142076503,2.459016393442623,14.972677595628415,185635.38339373408,148755.31093535607,301919.9344262295,80293.14389799636,7048422.33636612,202823.97451589548,7226535.464480874,6863895.9617486335,549,0.0,0
2018-03-01 04:39:00,5505.069565217392,10.484782608695653,16031221.284782609,5.4369565217391305,4.804347826086956,494.25652173913045,1392.0260869565218,233.17608695652174,19.967391304347824,62.505976053586956,70.57333179854348,423.2086956521739,41.56521739130435,127.36889990608697,139.93241608454346,138516.70779128137,10959.71866606695,3900731.385014237,1175897.8377717033,7496079.773913044,3404349.2,15855653.939130435,4332338.663353978,1486120.9897311905,7432222.708695652,3434807.9173913044,10588009.004347825,1039748.2000926152,1282723.5368908262,3839561.230434783,282535.5260869565,0.02391304347826087,0.0,0.0,0.0,100.92173913043479,98.4,8977.068436934602,1981.6554550026567,17.491304347826087,445.6391304347826,88.3458413876087,127.97088536750435,40456.07936921018,0.0,0.02391304347826087,0.26521739130434785,0.4260869565217391,0.13260869565217392,0.02608695652173913,0.0,0.26521739130434785,0.5956521739130435,103.64608280465218,62.505976053586956,127.36889990608697,0.0,0.0,0.0,0.0,0.0,0.0,5.4369565217391305,494.25652173913045,4.804347826086956,1392.0260869565218,6325.69347826087,15263.097826086956,2.417391304347826,14.730434782608695,195822.78925630433,169213.87850211543,358795.1543478261,83506.90217391304,6999027.537580435,176352.56049270998,7162971.645652174,6833426.969565217,460,0.0,0
2018-03-01 04:40:00,6594.276108726753,10.283261802575108,21844186.09155937,7.257510729613734,8.506437768240342,496.931330472103,6017.8140200286125,231.6752503576538,19.21030042918455,59.06639976832904,69.48702009417167,474.0772532188841,41.776824034334766,163.16355963075821,164.85525973004292,406608.45224537834,33007.209143981905,2875200.4090956436,1772906.4600342296,8466778.380543634,2164963.756795422,21762152.074391987,3502911.9392686267,2312920.578381957,8438636.699570816,2184343.988555079,17929911.27467811,1249224.8875504562,2001798.9149069455,5804142.892703863,164939.42489270386,0.0357653791130186,0.0,0.0,0.0,142.00286123032905,178.76967095851217,28794.784558824304,4207.187434899511,19.10014306151645,497.81688125894135,109.80030841938913,152.38855213085264,58014.77820813775,0.004291845493562232,0.0357653791130186,0.34048640915593703,0.4406294706723891,0.15164520743919885,0.04148783977110158,0.0,0.34048640915593703,0.6337625178826896,125.53260011080114,59.06639976832904,163.16355963075821,0.0,0.0,0.0,0.0,0.0,0.0,7.257510729613734,496.931330472103,8.506437768240342,6017.8140200286125,5493.3361945636625,10397.20886981402,2.951359084406295,15.473533619456367,302391.19341894134,73155.32792349391,430575.65951359086,261422.46208869814,7961696.341389127,317450.17019768665,8243509.283261803,7602962.898426323,699,0.0,0
2018-03-01 04:41:00,9591.429951690821,7.879227053140097,16302929.946859904,5.702898550724638,4.391304347826087,522.8623188405797,833.9468599033817,263.0024154589372,11.978260869565217,62.42240382637681,82.54346043237923,432.44444444444446,19.794685990338163,104.35018949835748,149.3686849292029,284770.6654308777,38427.504724851184,5330599.357661329,1125579.201101787,7912901.002415459,4726657.734299517,16172136.101449275,5686733.407742842,1297031.2167860249,7835469.859903381,4754261.1908212565,7813789.867149758,873576.4993213213,755209.5420739813,2352081.8574879225,332510.38647343,0.06280193236714976,0.0,0.0,0.0,108.58937198067633,93.01449275362319,34239.60420406213,4182.3739975843355,11.978260869565217,455.0144927536232,79.93227212012319,125.3966967024372,38656.874484210624,0.007246376811594203,0.06280193236714976,0.28743961352657005,0.5,0.2632850241545894,0.050724637681159424,0.0,0.28743961352657005,0.4227053140096618,90.34454239593961,62.42240382637681,104.35018949835748,0.0,0.0,0.0,0.0,0.0,0.0,5.702898550724638,522.8623188405797,4.391304347826087,833.9468599033817,7829.797101449275,19792.640096618357,2.579710144927536,17.32367149758454,191319.10045772945,110989.37447137639,324323.10869565216,119014.17874396135,7320087.5821594205,169699.1958169381,7512925.985507246,7159054.903381643,414,0.0,0
2018-03-01 04:42:00,13350.434589800443,7.405764966740577,12630249.341463415,5.913525498891352,4.263858093126386,485.3880266075388,721.3747228381375,256.31263858093126,7.92239467849224,61.00647653496896,84.92062266797782,408.3414634146341,15.700665188470067,94.22387266962306,144.22218816933704,217388.60608586174,59830.69877446949,4005326.0196099407,801910.3207263164,5772837.658536585,3547235.137472284,12423930.498891352,4302090.068962461,922191.5739187688,5815647.618625277,3568363.580931264,6785974.09977827,748015.0432603769,538053.0529668727,1564548.0532150776,247034.11751662972,0.09977827050997783,0.0,0.0,0.0,118.56319290465632,93.42793791574279,54783.56701047743,5039.01476059496,7.92239467849224,436.7760532150776,76.10658152449668,123.29806653200221,37110.78594370479,0.008869179600886918,0.09977827050997783,0.25942350332594233,0.48337028824833705,0.352549889135255,0.06651884700665188,0.0,0.25942350332594233,0.31929046563192903,86.11949083082483,61.00647653496896,94.22387266962306,0.0,0.0,0.0,0.0,0.0,0.0,5.913525498891352,485.3880266075388,4.263858093126386,721.3747228381375,6878.232815964523,19496.135254988912,2.5853658536585367,18.696230598669622,250895.41493323722,133943.5921377029,375015.9911308204,155781.39246119733,5044284.943558758,178540.85244633787,5233951.576496674,4889056.179600887,451,0.0,0
2018-03-01 04:43:00,8833.577419354839,9.540322580645162,15656052.456451613,5.2709677419354835,4.659677419354839,430.6661290322581,1317.15,208.86612903225807,15.119354838709677,53.78992821124193,64.76810922424194,386.8338709677419,33.19032258064516,119.49293890293549,133.40696453101614,687081.8643732907,68239.61567820156,3217892.9738863576,1151852.537425607,6572442.859677419,2695050.5822580643,15513877.591935484,3675394.668439742,1448475.6722030824,6501146.732258065,2732368.8838709677,11251686.579032257,982514.0087631291,1123265.3592482735,3503088.05,258059.09677419355,0.07419354838709677,0.0,0.0,0.0,101.41290322580645,97.65806451612903,62796.98896940848,5438.198359896956,15.069354838709678,408.75,83.65147155861291,120.83208071174515,40861.12145209707,0.004838709677419355,0.07419354838709677,0.3,0.41451612903225804,0.23709677419354838,0.06451612903225806,0.0,0.3016129032258065,0.5758064516129032,96.32335818499999,53.78992821124193,119.49293890293549,0.0,0.0,0.0,0.0,0.0,0.0,5.2709677419354835,430.6661290322581,4.659677419354839,1317.15,6455.559677419355,13126.809677419355,2.3967741935483873,16.141935483870967,301868.15672553226,180638.5945975293,492923.2419354839,185459.33870967742,6030514.304114516,163528.50728610353,6204698.667741936,5871698.970967742,620,0.0,0
2018-03-01 04:44:00,7487.749343832021,10.61023622047244,13888473.737532808,5.191601049868766,4.68503937007874,514.4763779527559,1761.1207349081365,204.246719160105,19.564304461942257,55.58638350316273,61.515683316322836,396.9146981627297,42.2742782152231,142.7992777412336,139.01807408192653,459147.1361489408,37049.91643456843,2843965.396318569,1175646.811753958,6908925.146981628,2365652.5104986876,13641338.385826772,3224581.7663024175,1484415.0786045364,6824081.395013124,2399128.434383202,9247818.921259843,790346.3088069056,1138304.243684584,3755078.37664042,178652.86745406824,0.03805774278215223,0.0,0.0,0.0,99.82152230971128,95.58530183727034,30474.379988186192,6571.33280817839,19.311023622047244,418.7769028871391,93.85204413689765,129.2623114051286,47838.279642744594,0.005249343832020997,0.03805774278215223,0.2690288713910761,0.37401574803149606,0.17454068241469817,0.031496062992125984,0.0,0.2690288713910761,0.5853018372703412,109.31083858503675,55.58638350316273,142.7992777412336,0.0,0.0,0.0,0.0,0.0,0.0,5.191601049868766,514.4763779527559,4.68503937007874,1761.1207349081365,4374.152230971129,8352.877952755905,2.245406824146982,14.671916010498688,185946.94345081365,123710.52621569342,361010.3963254593,113068.26377952757,6172342.190972441,486736.3633355494,6592901.140419948,5774024.3503937,762,0.0,0
2018-03-01 04:45:00,12038.45890410959,7.640410958904109,14774966.284246575,5.986301369863014,4.239726027397261,518.3972602739726,796.222602739726,258.458904109589,10.082191780821917,62.380268200421234,84.5285631627226,392.9691780821918,18.73972602739726,96.73559915924658,137.44043406181507,494523.0708289863,30971.029967194238,5991821.963381005,896050.7713459642,7949969.109589041,5454907.476027397,14728373.18150685,6371332.03759839,1044605.4699437865,7988154.856164384,5543941.962328767,6192177.688356165,1144127.636099315,554429.7005893614,2022730.5719178081,740760.3664383561,0.030821917808219176,0.0,0.0,0.0,108.0958904109589,89.32876712328768,26961.26186025871,4003.4996674693116,10.082191780821917,427.5890410958904,75.95862649465411,120.73380246604452,36082.78582139872,0.010273972602739725,0.030821917808219176,0.2328767123287671,0.5068493150684932,0.2808219178082192,0.0410958904109589,0.0,0.2328767123287671,0.3356164383561644,85.61200166003081,62.380268200421234,96.73559915924658,0.0,0.0,0.0,0.0,0.0,0.0,5.986301369863014,518.3972602739726,4.239726027397261,796.222602739726,8869.315068493152,20620.760273972603,2.452054794520548,17.698630136986303,338208.8826328767,282119.00028249266,562535.4212328767,142240.9691780822,7121825.5310821915,377330.58937325515,7445954.982876712,6762860.243150685,292,0.0,0
2018-03-01 04:46:00,9122.088636363636,9.238636363636363,18257586.65909091,5.677272727272728,4.652272727272727,410.9159090909091,1735.1636363636364,202.49318181818182,26.445454545454545,59.92999260071818,56.72937983915227,337.06136363636364,37.46818181818182,114.35305767247728,111.96986879980682,392686.4643907991,60364.79590708898,4443484.393262071,1383140.20087271,7996930.652272727,3776975.609090909,18221759.713636365,5000953.573442735,1651946.6755804953,8039569.868181818,3930332.477272727,11956493.370454546,1183149.0064254545,1357132.6921724875,3682549.672727273,346812.425,0.07954545454545454,0.0,0.0,0.0,105.99090909090908,98.81818181818181,56203.41211225267,4158.263821589823,26.061363636363637,368.28636363636366,87.88772406193182,105.45750302467955,36139.205707039255,0.00909090909090909,0.07954545454545454,0.20454545454545456,0.37727272727272726,0.25,0.05,0.0,0.20454545454545456,0.475,104.14078971627272,59.92999260071818,114.35305767247728,0.0,0.0,0.0,0.0,0.0,0.0,5.677272727272728,410.9159090909091,4.652272727272727,1735.1636363636364,6060.954545454545,10842.26590909091,2.4,15.527272727272727,293232.24979561364,79937.50941187954,384624.8568181818,242531.8409090909,7395817.003047727,295374.3894105089,7714131.265909091,7064158.831818182,440,0.0,0
2018-03-01 04:47:00,10718.408396946565,7.564885496183206,20256245.209923666,6.030534351145038,4.396946564885496,501.9503816793893,819.0610687022901,254.5763358778626,8.209923664122137,57.717592256603055,80.99376314866413,417.48473282442745,16.423664122137403,101.30830209381679,147.0790945554084,38483.32773516048,24776.520272737707,7828573.4883490205,1030864.8080455754,9905511.591603054,7229715.732824427,20154323.679389313,8163745.499085496,1104670.7969845843,9850668.164122138,7286569.041984733,8372849.0725190835,1180787.3505230153,595310.0972737015,2203189.828244275,604269.4503816793,0.0648854961832061,0.0,0.0,0.0,109.26717557251908,94.3969465648855,19428.689526513695,5344.337647368343,8.209923664122137,444.8854961832061,74.27271638419847,123.10616788970229,37599.68879573542,0.0,0.0648854961832061,0.22519083969465647,0.4961832061068702,0.26717557251908397,0.061068702290076333,0.0,0.22519083969465647,0.3320610687022901,83.25356548591603,57.717592256603055,101.30830209381679,0.0,0.0,0.0,0.0,0.0,0.0,6.030534351145038,501.9503816793893,4.396946564885496,819.0610687022901,8904.954198473282,20245.763358778626,2.6068702290076335,16.671755725190838,347889.76737805345,25175.857970947327,384692.2824427481,333622.01145038166,9351568.872171756,84597.62994542986,9448062.854961833,9259983.267175572,262,0.0,0
2018-03-01 04:48:00,8152.223821989529,10.827225130890053,16591967.081151832,5.345549738219895,4.964659685863874,332.8128272251309,2233.9620418848167,175.65314136125656,21.032722513089006,49.28522952247906,50.21696420371465,372.4371727748691,42.61387434554974,137.03256390537956,125.72448665223823,198569.30781471217,24913.890790073616,2516830.037075797,1357624.544250676,6287987.362565445,1874445.8363874345,16282906.486910995,2983344.109493406,1603141.2839486725,6064834.380890053,1888679.0811518324,13243908.382198952,1119612.2822968469,1285128.8446560027,3896888.9882198954,240974.7709424084,0.031413612565445025,0.0,0.0,0.0,102.3717277486911,104.72774869109948,21525.408557848994,3385.4874940419727,20.891361256544503,387.0078534031414,90.08430288358639,117.29942941351965,43204.822360584105,0.002617801047120419,0.031413612565445025,0.2787958115183246,0.3743455497382199,0.17670157068062828,0.04450261780104712,0.0,0.2787958115183246,0.6047120418848168,105.1605253470419,49.28522952247906,137.03256390537956,0.0,0.0,0.0,0.0,0.0,0.0,5.345549738219895,332.8128272251309,4.964659685863874,2233.9620418848167,5024.0366492146595,9137.399214659687,2.2277486910994764,14.62303664921466,222731.14813403142,77178.62974699345,314613.637434555,174947.9267015707,5700586.75239398,156404.9458708763,5867689.462041885,5534423.246073298,764,0.0,0
2018-03-01 04:49:00,9066.446700507615,8.606598984771574,18332692.007614214,5.695431472081219,4.624365482233503,518.2868020304569,1100.3578680203045,240.5736040609137,13.271573604060913,58.82312326522081,76.33447493899239,404.48984771573606,24.47969543147208,108.79093821020305,141.12853403027918,453471.11533951794,69657.66092268802,5417975.858439561,1138306.3887480907,8690486.710659899,4865989.167512691,18009384.20812183,5832682.846743655,1381015.0227968232,8587121.07360406,4921451.989847716,9725346.576142132,1022070.9495847969,1192420.5999463876,3467821.9416243653,262039.52030456852,0.06091370558375635,0.0,0.0,0.0,105.63451776649747,97.75634517766497,64755.93498764088,4899.4031128905,13.271573604060913,435.51269035532994,80.93237683446701,123.55773019509644,39710.91040308911,0.005076142131979695,0.06091370558375635,0.2614213197969543,0.4416243654822335,0.2614213197969543,0.0583756345177665,0.0,0.2614213197969543,0.44923857868020306,92.30684673786294,58.82312326522081,108.79093821020305,0.0,0.0,0.0,0.0,0.0,0.0,5.695431472081219,518.2868020304569,4.624365482233503,1100.3578680203045,6558.296954314721,14898.926395939086,2.487309644670051,16.375634517766496,248528.07592180202,243768.89224120285,458360.3807106599,82941.2766497462,7961406.076598984,344189.2608764929,8295011.035532995,7629356.553299492,394,0.0,0
2018-03-01 04:50:00,9714.255009107468,9.60655737704918,17914091.459016394,5.415300546448087,4.591985428051002,381.75409836065575,1301.9216757741349,202.2367941712204,14.26775956284153,51.74104922340073,62.76202350230965,412.9672131147541,34.98360655737705,127.67837411960474,143.13938252920582,848240.8968551632,55171.195470053084,3709836.568240777,1373714.2409204743,8091821.806921676,3150444.8561020037,17816394.53187614,4207796.693669699,1737673.686041461,8056544.919854281,3192338.0710382513,12843520.839708561,1104868.2168361603,1547885.337445781,4660996.908925319,247843.32422586522,0.04007285974499089,0.0,0.0,0.0,105.93078324225866,96.92531876138433,45020.927282622484,10146.934154887456,14.043715846994536,431.8597449908925,83.67911744934973,127.39981717214025,43479.989323880254,0.0018214936247723133,0.04007285974499089,0.29326047358834245,0.424408014571949,0.2167577413479053,0.07468123861566485,0.0,0.29326047358834245,0.5683060109289617,96.78999947846084,51.74104922340073,127.67837411960474,0.0,0.0,0.0,0.0,0.0,0.0,5.415300546448087,381.75409836065575,4.591985428051002,1301.9216757741349,6153.788706739527,12224.868852459016,2.418943533697632,15.832422586520947,268224.9493889071,84802.92075494242,358296.3333333333,213619.11475409835,7400334.47107286,425808.5596584579,7781022.488160292,7032528.178506375,549,0.0,0
2018-03-01 04:51:00,7597.110294117647,10.7,16536186.927941177,5.313235294117647,4.5588235294117645,428.0529411764706,1237.1941176470589,194.12058823529412,20.888235294117646,54.31440430491177,56.45205729403676,383.66764705882355,41.075,119.346960750725,126.94556380872059,301029.3732847016,43408.64543237238,2904750.1382427774,1471949.1347721764,7328007.173529412,2267615.742647059,16443838.0,3362756.263732126,1881470.3814365012,7323044.463235294,2285123.255882353,12225019.779411765,937207.3299242338,1503858.9016568367,4446024.016176471,129626.1205882353,0.07647058823529412,0.0,0.0,0.0,96.5,92.69411764705882,38404.57286379619,4999.3620210473355,20.84264705882353,402.08382352941175,83.74689975917647,115.06373081664411,37540.26839466025,0.004411764705882353,0.07647058823529412,0.25441176470588234,0.33676470588235297,0.21029411764705883,0.060294117647058824,0.0,0.25441176470588234,0.586764705882353,98.79772797210737,54.31440430491177,119.346960750725,0.0,0.0,0.0,0.0,0.0,0.0,5.313235294117647,428.0529411764706,4.5588235294117645,1237.1941176470589,4684.123529411765,11295.685294117648,2.3294117647058825,14.552941176470588,294014.6344889853,133429.44940157206,411014.3558823529,202131.725,6786587.640016177,225720.4786596956,6997679.635294118,6571425.102941177,680,0.0,0
2018-03-01 04:52:00,8046.195180722892,10.4,11985481.34939759,4.4,3.7349397590361444,364.7590361445783,1198.1590361445783,198.03855421686748,18.320481927710844,54.666106746212044,59.74964333330362,321.7469879518072,39.17349397590361,98.3797231933494,104.37603741181928,153464.44283205396,20679.35171882552,4977549.397487052,870637.0806194942,6871592.7542168675,4508461.539759036,11781254.161445783,5281860.441130603,1010676.202288134,6904733.681927711,4582580.23373494,4747802.826506024,767038.869582482,621182.9118434686,1771077.1855421686,341138.88192771084,0.03614457831325301,0.0,0.0,0.0,82.32289156626506,74.44819277108434,15804.319762483978,4871.724033386878,18.320481927710844,341.0120481927711,72.5666856068747,96.52473001330601,27114.352979447478,0.004819277108433735,0.03614457831325301,0.19518072289156627,0.3566265060240964,0.19759036144578312,0.06265060240963856,0.0,0.19518072289156627,0.5686746987951807,86.82943014578795,54.666106746212044,98.3797231933494,0.0,0.0,0.0,0.0,0.0,0.0,4.4,364.7590361445783,3.7349397590361444,1198.1590361445783,5987.277108433735,15765.096385542169,1.7421686746987952,14.756626506024096,136229.58316146987,126180.82480350001,229942.41445783133,47620.77108433735,6323656.380322892,178367.6842597513,6504369.457831325,6156991.778313253,415,0.0,0
2018-03-01 04:53:00,11012.155419222903,9.314928425357873,13877616.496932516,4.7975460122699385,3.3783231083844583,354.14928425357874,907.1329243353783,187.58077709611453,15.245398773006135,51.61511748652556,58.514006316897756,351.3865030674847,29.846625766871167,107.98693246815951,122.87313773304295,334536.711264251,39592.77907386605,4209129.107993892,1194865.0265421544,7154742.155419223,3612376.4233128834,13731465.134969326,4640676.706875623,1350788.6525848138,7080756.621676892,3750740.501022495,7436271.893660531,941904.9128953046,963595.6207538375,2855430.674846626,320662.36400818,0.09406952965235174,0.0,0.0,0.0,87.91820040899796,70.31492842535788,34601.185080315234,4988.786656421778,15.245398773006135,371.6666666666667,75.72139356726585,108.32354374543968,35166.877301313936,0.010224948875255624,0.09406952965235174,0.19631901840490798,0.36400817995910023,0.28016359918200406,0.05930470347648262,0.0,0.19631901840490798,0.4396728016359918,88.25185645964213,51.61511748652556,107.98693246815951,0.0,0.0,0.0,0.0,0.0,0.0,4.7975460122699385,354.14928425357874,3.3783231083844583,907.1329243353783,5867.498977505113,13035.78527607362,2.016359918200409,15.893660531697341,301598.39750572597,201558.93128224948,449081.6482617587,159980.82208588958,6679643.494128834,241146.92336555707,6906402.316973415,6484798.028629857,489,0.0,0
2018-03-01 04:54:00,6805.1856,10.2432,19264259.9968,5.9408,5.4144,444.7504,1993.0144,218.0768,18.7056,57.9070500267152,65.9681561531552,442.5136,38.1328,140.052878780992,152.621184565168,381209.0382362047,37677.69974968771,3239878.8086691946,1657204.248521146,7839769.424,2476433.6864,19025443.5296,4026702.100133696,1788494.6132389645,7711160.3168,2881287.1856,15392807.5648,1509490.182381549,1504649.7569837945,4935688.9312,588864.6256,0.064,0.0,0.0,0.0,116.1152,115.3408,35079.786797682784,2593.5200295527106,18.5088,460.0928,95.799402895264,136.5099786143072,48302.822176293055,0.0064,0.064,0.2896,0.4096,0.1776,0.032,0.0,0.2896,0.5552,110.7529080692,57.9070500267152,140.052878780992,0.0,0.0,0.0,0.0,0.0,0.0,5.9408,444.7504,5.4144,1993.0144,5847.1936,12574.9248,2.7728,15.1808,252244.982068688,89114.75760359359,370084.8896,199482.1872,7229524.4241055995,283711.62716372864,7491954.4336,6946256.2512,625,0.0,0
2018-03-01 04:55:00,7464.7132564841495,10.67579250720461,17371671.564841498,5.011527377521614,4.348703170028818,341.4682997118156,1335.6527377521613,176.13112391930835,19.792507204610953,50.28881550225071,52.461499069008646,400.6469740634006,45.636887608069166,135.39368520583574,136.86729866023055,194136.76951898597,18773.418962594416,3454152.5827244055,1451017.6251243758,7204994.553314121,2746488.5187319885,17270188.360230546,4224426.163802079,1462006.6547444,7164060.234870317,3240843.338616715,12529091.498559078,1436852.1490486988,1202474.924530696,4115495.938040346,628002.4855907781,0.05043227665706052,0.0,0.0,0.0,92.0806916426513,91.54466858789625,14260.67783488672,4510.103686982445,19.703170028818445,413.25792507204613,86.1587061186167,123.31033108958933,42239.610915878766,0.002881844380403458,0.05043227665706052,0.2521613832853026,0.3515850144092219,0.17146974063400577,0.053314121037463975,0.0,0.2521613832853026,0.6109510086455331,102.49751382603748,50.28881550225071,135.39368520583574,0.0,0.0,0.0,0.0,0.0,0.0,5.011527377521614,341.4682997118156,4.348703170028818,1335.6527377521613,4340.276657060519,9545.63544668588,2.260806916426513,14.155619596541786,183711.39064060518,175870.59529560813,348084.265129683,66127.30835734871,6768052.9264582135,230231.56715261168,6967408.495677234,6582445.387608069,694,0.0,0
2018-03-01 04:56:00,12040.636363636364,8.796008869179602,15930989.24390244,5.2971175166297115,4.694013303769402,576.7028824833703,1200.860310421286,226.24833702882484,13.702882483370288,58.70280343100443,71.77478107840798,394.2638580931264,27.37028824833703,103.96173123046565,132.692261197357,134175.59953161338,49906.676875888705,4277540.93210465,1302580.1314917537,7697278.361419069,3636950.33481153,15715948.414634146,4801106.126213037,1600817.4545899553,7673183.944567627,3721560.6563192904,10542553.141906874,1196280.736450244,1271006.5281011253,3651922.0088691795,354563.5033259423,0.04656319290465632,0.0,0.0,0.0,106.01330376940133,98.57206208425721,42136.98529138045,7764.618457030763,13.700665188470067,417.49445676274945,78.00218512915744,116.47597887780044,35632.808034050635,0.0022172949002217295,0.04656319290465632,0.2394678492239468,0.42350332594235035,0.2926829268292683,0.11086474501108648,0.0,0.2394678492239468,0.5454545454545454,89.10118354511529,58.70280343100443,103.96173123046565,0.0,0.0,0.0,0.0,0.0,0.0,5.2971175166297115,576.7028824833703,4.694013303769402,1200.860310421286,6669.5609756097565,16577.228381374724,2.483370288248337,16.6119733924612,166654.45795066518,129278.91941228377,266798.7982261641,76822.39689578714,7013059.428736142,277495.8906213018,7282233.842572062,6737155.742793792,451,0.0,0
2018-03-01 04:57:00,6900.595907928388,11.237851662404092,15701495.340153452,5.9778346121057115,6.550724637681159,418.72890025575447,4778.121909633419,173.36572890025576,21.429667519181585,52.66640665132225,49.748568728419436,353.12105711849955,45.4381926683717,143.92569349007076,116.13050739899744,315886.803784088,44815.828123791645,1843952.978069175,1237552.6257832625,5464790.336743393,1288713.7502131287,15572302.153452685,2276372.7376518873,1540645.646589003,5405237.038363172,1303684.410912191,13003693.57374254,909471.8381961654,1258015.2182369768,3710057.0647911336,103791.62404092071,0.059676044330775786,0.0,0.0,0.0,114.43137254901961,136.64109121909632,41185.87624212947,3626.0508069332786,20.50383631713555,377.1602728047741,99.34504814331713,120.21243969289173,46554.57691793639,0.0068201193520886615,0.059676044330775786,0.24893435635123615,0.3205456095481671,0.18584825234441602,0.043478260869565216,0.0,0.24893435635123615,0.6649616368286445,115.45047634880987,52.66640665132225,143.92569349007076,0.0,0.0,0.0,0.0,0.0,0.0,5.9778346121057115,418.72890025575447,6.550724637681159,4778.121909633419,3832.757033248082,6609.277067348678,2.2847399829497017,14.192668371696504,187437.5798034612,114592.65361592418,318557.8687127025,115173.54390451833,5050249.015748507,219717.03455399856,5232730.903665815,4846665.543904519,1173,0.0,0
2018-03-01 04:58:00,10766.257847533632,8.869955156950672,18747704.8206278,5.477578475336323,4.376681614349776,507.2152466367713,913.3923766816143,206.46412556053812,11.973094170403588,52.99806029847534,65.81759559300224,397.94618834080717,30.00224215246637,115.55463242501568,138.07240144676905,136383.36303542953,46138.04424434593,4971614.0055916365,1267341.717649407,8310198.047085201,4374885.6278026905,18718060.73542601,5555934.912892666,1582549.7353604166,8360439.031390134,4454533.695067264,12054134.33632287,1289092.7438972625,1322290.9170718638,3735028.9192825113,350604.26681614347,0.08520179372197309,0.0,0.0,0.0,105.55156950672645,93.13004484304933,42451.40423810998,3678.4320047467845,11.97085201793722,418.5919282511211,78.5943769599103,122.26333002355382,40596.62000002505,0.0,0.08520179372197309,0.24439461883408073,0.4170403587443946,0.27802690582959644,0.06726457399103139,0.0,0.24439461883408073,0.4618834080717489,90.20738848445964,52.99806029847534,115.55463242501568,0.0,0.0,0.0,0.0,0.0,0.0,5.477578475336323,507.2152466367713,4.376681614349776,913.3923766816143,6082.663677130045,15106.473094170404,2.497757847533632,16.080717488789237,127789.35368235425,99838.15736844669,236620.90134529147,60724.32735426009,7686019.804004484,238114.84353220183,7879732.603139013,7451055.70852018,446,0.0,0
2018-03-01 04:59:00,16104.17505030181,9.25553319919517,10372792.758551307,3.9295774647887325,2.7766599597585513,311.27162977867204,560.41046277666,165.85311871227364,16.72635814889336,48.01732879245473,49.88261008171428,263.69617706237426,29.69215291750503,80.66627019631791,86.39273893945071,465148.05721950077,71317.13693157621,3954386.927403985,1123895.477038392,6714742.875251509,3405111.8672032193,10102438.17303823,4201398.210849879,1294238.7531954825,6568565.014084507,3433877.472837022,3942314.175050302,536254.0645730604,603701.124417916,1828535.7142857143,202699.47283702213,0.10865191146881288,0.0,0.0,0.0,72.78068410462777,54.96177062374245,55198.370803925376,16105.876099311978,16.58350100603622,292.0824949698189,63.99165563705634,82.6337472643179,24362.20478258059,0.01006036217303823,0.10865191146881288,0.1529175050301811,0.26961770623742454,0.3963782696177062,0.15090543259557343,0.0,0.1529175050301811,0.5352112676056338,76.13843402632595,48.01732879245473,80.66627019631791,0.0,0.0,0.0,0.0,0.0,0.0,3.9295774647887325,311.27162977867204,2.7766599597585513,560.41046277666,5036.458752515091,11772.684104627766,1.619718309859155,16.15291750503018,554495.4425106238,38739.67124059885,589393.1931589537,528107.0100603622,6099113.057344064,271669.7938444164,6401528.571428572,5865083.018108652,497,0.0,0
2018-03-01 05:00:00,7320.278225806452,11.38508064516129,14743462.267137097,4.986895161290323,4.828629032258065,414.41733870967744,2003.617943548387,181.51814516129033,22.309475806451612,53.53934535364012,52.86270012181451,384.75504032258067,49.47782258064516,140.67776335407257,126.32035300025807,310727.0924042883,31521.353448272803,2139160.9819226624,1162589.8568517878,5727671.690524193,1634412.0776209678,14568704.45766129,2607474.055218501,1448985.786641787,5641954.854838709,1681075.6925403227,11748322.095766129,951789.8830545908,1219760.8855079794,3743731.2530241935,188047.25806451612,0.06048387096774194,0.0,0.0,0.0,93.03629032258064,99.66935483870968,27573.292674936278,3944.370482711091,22.278225806451612,401.1280241935484,93.8502674629738,121.98583828473589,43608.90080132521,0.006048387096774193,0.06048387096774194,0.23084677419354838,0.3074596774193548,0.1875,0.057459677419354836,0.0,0.23084677419354838,0.6743951612903226,111.15570506455646,53.53934535364012,140.67776335407257,0.0,0.0,0.0,0.0,0.0,0.0,4.986895161290323,414.41733870967744,4.828629032258065,2003.617943548387,4101.590725806452,8978.930443548386,2.1875,13.983870967741936,232297.44794925404,93339.95202222436,319412.2217741936,169425.40725806452,5145290.830986895,257189.89814936212,5372989.960685484,4895842.371975807,992,0.0,0
2018-03-01 05:01:00,5475.52513368984,11.537967914438502,18132669.963636365,5.171122994652406,4.766844919786096,374.8705882352941,1788.3101604278074,187.07379679144384,20.650267379679143,51.18409317881284,53.82890516788342,387.14973262032083,48.27486631016043,138.30005388770053,129.30710418914973,289339.0932681613,25298.204604626448,2563126.1475170427,1378844.382840925,6893556.660962567,2030771.871657754,18040709.05882353,3081992.3113631303,1801621.7484695548,6852537.2192513365,2039898.8139037434,14571330.197860962,1086768.9544399625,1663983.149865948,4642211.782887701,108362.34759358289,0.0481283422459893,0.0,0.0,0.0,97.19358288770053,99.34117647058824,23560.45242196765,1735.3051447906696,20.650267379679143,401.3497326203209,89.4740806249615,121.804880534523,43163.32943509102,0.006417112299465241,0.0481283422459893,0.23315508021390374,0.3315508021390374,0.1304812834224599,0.019251336898395723,0.0,0.23315508021390374,0.6524064171122995,105.9740470464845,51.18409317881284,138.30005388770053,0.0,0.0,0.0,0.0,0.0,0.0,5.171122994652406,374.8705882352941,4.766844919786096,1788.3101604278074,3820.057754010695,7834.885561497326,2.39144385026738,13.514438502673796,147535.16702016044,122636.58118648813,284071.26203208556,69491.53475935828,6551480.958149732,180721.60024823825,6680855.326203208,6366125.605347593,935,0.0,0
2018-03-01 05:02:00,11133.687140115164,9.117082533589251,15992586.871401152,5.608445297504798,4.721689059500959,567.0575815738963,1208.9347408829174,232.38579654510556,15.330134357005758,60.299019881877165,73.19645067525144,400.44721689059503,26.099808061420344,108.63555989385796,137.38342504017277,528747.2063189219,53064.89722091131,3655884.3705202104,1468455.6623625723,7758227.272552783,2949234.717850288,15880354.082533589,4214045.811470576,1760465.1428596748,7770135.825335893,3083557.30134357,10547088.60268714,1164022.7918701728,1239077.4973433553,3914862.4529750478,375854.3416506718,0.05758157389635317,0.0,0.0,0.0,106.41842610364684,98.80230326295586,46257.43211703737,6806.586800801332,15.330134357005758,431.0671785028791,81.462294558643,121.79716315666028,39454.05255981757,0.005758157389635317,0.05758157389635317,0.22840690978886757,0.418426103646833,0.2706333973128599,0.08829174664107485,0.0,0.22840690978886757,0.5431861804222649,93.38769173892899,60.299019881877165,108.63555989385796,0.0,0.0,0.0,0.0,0.0,0.0,5.608445297504798,567.0575815738963,4.721689059500959,1208.9347408829174,6533.0556621881,15124.873320537428,2.441458733205374,16.222648752399234,322684.15583374276,102896.32272274938,425512.3723608445,252880.45873320536,7051605.776760076,393485.43310868274,7460478.214971209,6677833.474088292,521,0.0,0
2018-03-01 05:03:00,17043.03896103896,6.818181818181818,15146909.628571428,4.893506493506494,3.3402597402597403,419.5168831168831,526.4779220779221,227.187012987013,6.794805194805194,54.107747749688315,74.35420753127273,352.4311688311688,12.831168831168831,74.76173077205195,120.54253316025974,849037.5832136376,94001.36108808145,5636913.340923663,1602293.4467941371,8985060.488311687,4750468.716883117,15137683.893506493,6476397.6093238965,1453278.050727995,9049613.698701298,5560568.935064935,6744589.249350649,1716728.6414607791,991962.647916769,3270967.8,1101797.174025974,0.12727272727272726,0.0,0.0,0.0,93.03896103896103,69.50649350649351,78832.0235478125,15163.394734241027,6.644155844155844,380.038961038961,63.266630052467534,104.16020353403636,29379.47986457652,0.01038961038961039,0.12727272727272726,0.2025974025974026,0.4051948051948052,0.43896103896103894,0.10909090909090909,0.0,0.2025974025974026,0.3974025974025974,71.2680124558961,54.107747749688315,74.76173077205195,0.0,0.0,0.0,0.0,0.0,0.0,4.893506493506494,419.5168831168831,3.3402597402597403,526.4779220779221,6825.78961038961,19196.927272727273,2.1454545454545455,17.84935064935065,288022.87746233767,220597.75540905382,456816.97402597405,131041.28831168832,8340226.580007792,314200.64164064877,8679926.992207792,8087891.431168831,385,0.0,0
2018-03-01 05:04:00,12387.619402985074,8.425373134328359,16192493.43097015,5.3190298507462686,4.139925373134329,514.9906716417911,933.7201492537314,203.34328358208955,12.64179104477612,53.74905135684702,64.55337790777985,350.1679104477612,24.21455223880597,95.69973508105038,119.4543822801306,674993.450989737,66577.37050204484,4140156.966857379,1382593.5026077256,7697531.61380597,3447851.5354477614,16151445.595149254,4781359.553172098,1478244.9366842483,7744987.858208955,3852422.018656716,9835585.807835821,1311411.2138324273,1097012.759371453,3616416.73880597,621568.5652985075,0.16791044776119404,0.0,0.0,0.0,99.95522388059702,86.05970149253731,59972.05982647221,6600.188331787005,12.177238805970148,376.05783582089555,73.21634341697016,108.21642194602798,34507.22230521715,0.013059701492537313,0.16791044776119404,0.2126865671641791,0.36380597014925375,0.35447761194029853,0.0708955223880597,0.0,0.2126865671641791,0.4552238805970149,84.87606614342724,53.74905135684702,95.69973508105038,0.0,0.0,0.0,0.0,0.0,0.0,5.3190298507462686,514.9906716417911,4.139925373134329,933.7201492537314,5588.5279850746265,13450.162313432837,2.2108208955223883,16.58955223880597,299633.6238815485,98655.32413765609,399984.16791044775,232802.61007462686,7102368.941434702,300012.5809199598,7436767.076492538,6799067.149253732,536,0.0,0
2018-03-01 05:05:00,6997.398280802292,9.306590257879655,12885648.441260746,4.742120343839542,3.495702005730659,421.647564469914,521.5501432664756,221.68194842406876,14.853868194842407,57.124738302312316,68.305955133447,353.5329512893983,30.418338108882523,89.70545141616046,114.40684289550143,154199.83127632277,29351.72784126687,4982752.030828261,1508081.5956877125,7526994.446991404,4019981.9312320915,12789078.060171919,5927239.547203152,1027532.9343975885,7527462.839541547,5220521.727793696,6697630.123209169,1852610.223196344,510200.26762591547,2897884.9684813754,1541584.2636103153,0.034383954154727794,0.0,0.0,0.0,88.92836676217765,70.23495702005731,27089.018199774717,2261.3984779698567,14.853868194842407,378.12607449856733,69.1760819097593,102.4735559753553,28149.045641566758,0.0028653295128939827,0.034383954154727794,0.2664756446991404,0.47564469914040114,0.16332378223495703,0.02865329512893983,0.0,0.2664756446991404,0.5644699140401146,81.01811881367335,57.124738302312316,89.70545141616046,0.0,0.0,0.0,0.0,0.0,0.0,4.742120343839542,421.647564469914,3.495702005730659,521.5501432664756,7928.836676217765,19086.38681948424,1.9770773638968482,16.275071633237822,278595.03283744986,43184.41089989865,342722.5329512894,249181.44985673352,7041421.805148997,134162.38739645935,7191983.303724929,6917959.899713467,349,0.0,0
2018-03-01 05:06:00,6341.919896640827,9.498708010335918,17693739.984496124,6.188630490956072,5.5813953488372094,665.3643410852713,1868.8242894056848,257.68992248062017,16.37984496124031,65.48170722768992,80.09278865801551,424.8759689922481,36.855297157622736,122.74654021589149,140.53319167469252,153683.25650402598,12478.592215801344,5488972.363482538,1448717.784456083,8085099.219638243,4569285.105943153,17593614.08010336,6512358.827907493,918104.5104879736,8056529.03875969,5774931.116279069,10361615.909560723,2071208.1487105943,638580.4970081775,3188930.514211886,1557103.9819121447,0.031007751937984496,0.0,0.0,0.0,113.96382428940568,114.81136950904393,9985.313999017442,2490.913378899258,16.37984496124031,447.3204134366925,89.92316082312661,128.8266660164367,41071.51791694571,0.0,0.031007751937984496,0.25839793281653745,0.4625322997416021,0.13953488372093023,0.020671834625323,0.0,0.25839793281653745,0.5607235142118863,103.71107036286821,65.48170722768992,122.74654021589149,0.0,0.0,0.0,0.0,0.0,0.0,6.188630490956072,665.3643410852713,5.5813953488372094,1868.8242894056848,7193.540051679586,19176.581395348836,2.602067183462532,15.131782945736434,402255.7257655814,202407.29411227023,562528.3152454781,261876.8242894057,7515172.808767442,203170.83844297755,7734204.6124031,7271173.682170543,387,0.0,0
2018-03-01 05:07:00,8528.132867132867,7.374125874125874,18417068.716783218,5.594405594405594,3.8776223776223775,527.9440559440559,577.2692307692307,272.22727272727275,11.272727272727273,65.99915380555944,87.31385557024475,401.0769230769231,17.744755244755243,84.9733242386014,133.52902205807692,1002092.2943466558,51996.80301893223,7792666.684312181,1367997.298743327,10533813.776223777,6957633.961538462,18158734.79020979,8406267.675763637,1035390.6424821803,10343277.234265734,7674539.416083916,6834484.562937063,1719746.617467832,548337.7816186423,2899553.660839161,1366374.562937063,0.1048951048951049,0.0,0.0,0.0,105.8881118881119,82.20979020979021,39600.202535988814,12391.80052400969,10.961538461538462,440.7237762237762,75.09649816298602,117.87169120053147,32935.7150797279,0.01048951048951049,0.1048951048951049,0.26223776223776224,0.5034965034965035,0.2762237762237762,0.03496503496503497,0.0,0.26223776223776224,0.4020979020979021,85.54077969122378,65.99915380555944,84.9733242386014,0.0,0.0,0.0,0.0,0.0,0.0,5.594405594405594,527.9440559440559,3.8776223776223775,577.2692307692307,9414.300699300698,22379.19230769231,2.5034965034965033,17.566433566433567,346170.12114311184,243994.51858578585,541930.7517482517,172809.05594405593,9518355.598174825,430535.8300795796,10022938.283216784,9167672.975524476,286,0.0,0
2018-03-01 05:08:00,7897.8089171974525,8.971337579617835,20640047.761146497,5.920382165605096,4.8312101910828025,561.2547770700637,902.7388535031847,270.63375796178343,19.987261146496817,70.31595532592357,82.19815074318471,440.79936305732485,32.24203821656051,116.33440536520065,149.40910262528664,355369.76900052873,15258.516945055932,6392527.366414595,2372462.02746757,11187802.398089172,4961043.506369427,20640355.525477707,7909119.862097451,1752758.5003800825,11250172.484076433,6747075.512738854,12656244.350318471,2881260.131916465,1273336.2549482167,5273831.640127389,2098989.914012739,0.03821656050955414,0.0,0.0,0.0,111.45222929936305,97.5031847133758,7039.538062596452,8217.521570295952,19.61783439490446,471.73248407643314,90.08610951847133,130.66558325798408,39315.68966798863,0.0,0.03821656050955414,0.22929936305732485,0.4745222929936306,0.18152866242038215,0.025477707006369428,0.0,0.22929936305732485,0.49044585987261147,103.9712348637898,70.31595532592357,116.33440536520065,0.0,0.0,0.0,0.0,0.0,0.0,5.920382165605096,561.2547770700637,4.8312101910828025,902.7388535031847,8521.684713375796,20322.729299363058,2.531847133757962,15.78343949044586,285916.87761382165,157292.97561972326,399980.2929936306,175221.3821656051,10032860.373936305,554435.5547520142,10681157.070063693,9496166.047770701,314,0.0,0
2018-03-01 05:09:00,5958.480916030534,9.026717557251908,18899724.5,5.977099236641221,4.263358778625954,684.8282442748092,690.7786259541984,285.2824427480916,13.13740458015267,68.20238258946566,89.5181762221374,436.91603053435114,32.93129770992366,107.44486953435114,143.7693883308664,65523.38783639672,3708.2520879470685,8167839.003696005,1063054.4386448604,10405908.282442749,7555523.20610687,18910285.286259543,8898030.117386144,829203.9923121808,10471409.713740459,8342297.114503817,6952291.450381679,1563706.3191928626,572742.4274073981,2624114.465648855,1150237.9541984734,0.022900763358778626,0.0,0.0,0.0,104.29007633587786,87.31297709923665,2863.558317264542,844.6937706743015,13.13740458015267,469.1297709923664,81.03583657692366,128.311594466229,36380.338367695345,0.0,0.022900763358778626,0.2480916030534351,0.46946564885496184,0.13740458015267176,0.015267175572519083,0.0,0.2480916030534351,0.49236641221374045,93.40872839732825,68.20238258946566,107.44486953435114,0.0,0.0,0.0,0.0,0.0,0.0,5.977099236641221,684.8282442748092,4.263358778625954,690.7786259541984,8002.980916030534,22711.297709923663,2.6374045801526718,14.992366412213741,368689.4550601908,24679.643505224685,400928.3854961832,354154.1106870229,9778853.436377862,253390.16617927782,9951675.427480916,9547683.423664123,262,0.0,0
2018-03-01 05:10:00,8288.602316602317,8.706563706563706,25810908.37837838,6.06949806949807,5.193050193050193,614.5868725868726,892.5173745173745,250.58687258687257,18.27799227799228,63.67421901233591,76.34816599650578,395.9305019305019,24.77992277992278,100.54341018100386,134.66307124749036,66370.09485568076,24719.744381152588,7994813.219258533,2580489.2825043616,12668239.216216216,6402547.189189189,25768819.99227799,9661610.044448264,1880249.5236504648,12725787.339768339,8283092.667953668,15347763.447876448,3159602.5858648648,1249572.0587906893,5372420.664092664,2239100.8378378376,0.08108108108108109,0.0,0.0,0.0,113.8069498069498,106.27027027027027,21529.324754680958,3185.119285602336,18.27799227799228,434.0888030888031,80.25486046277993,117.64858241421236,35366.08287758374,0.0,0.08108108108108109,0.20077220077220076,0.42857142857142855,0.2277992277992278,0.03088803088803089,0.0,0.20077220077220076,0.47104247104247104,92.3119566672973,63.67421901233591,100.54341018100386,0.0,0.0,0.0,0.0,0.0,0.0,6.06949806949807,614.5868725868726,5.193050193050193,892.5173745173745,8173.5675675675675,16492.07722007722,2.525096525096525,15.397683397683398,114060.81530803088,10729.300086081466,127238.72586872587,107315.11196911197,11805261.3856139,449544.3539239165,12308048.11969112,11328153.606177606,259,0.0,0
2018-03-01 05:11:00,8061.135416666667,8.109375,23752961.223958332,6.677083333333333,4.239583333333333,723.21875,596.4375,265.2135416666667,14.302083333333334,64.93164742711978,81.65193148366667,378.3958333333333,22.604166666666668,86.22844169963543,124.4373707365625,40272.51728910248,26575.525408415433,8608587.64802651,2561362.5528401723,12654600.21875,6953595.723958333,22741940.536458332,9932378.76387552,1167841.2933133289,11957354.520833334,9055179.526041666,12007660.036458334,3804277.764131771,527696.7160800506,4780467.010416667,3399787.8645833335,0.041666666666666664,0.0,0.0,0.0,108.22916666666667,86.5,24866.589189970822,1708.9362185383854,14.302083333333334,416.0572916666667,73.181774737125,110.28498407128644,30130.456035878906,0.0,0.041666666666666664,0.125,0.4791666666666667,0.21354166666666666,0.010416666666666666,0.0,0.125,0.4114583333333333,83.70202897666145,64.93164742711978,86.22844169963543,0.0,0.0,0.0,0.0,0.0,0.0,6.677083333333333,723.21875,4.239583333333333,596.4375,9309.927083333334,21633.666666666668,2.75,15.8125,482897.2135603646,423793.9112723361,859517.5520833334,189651.875,11881303.904250002,307502.663660848,12242895.635416666,11560130.776041666,192,0.0,0
2018-03-01 05:12:00,9321.13468013468,8.744107744107744,23946892.336700335,6.734006734006734,6.572390572390573,524.3097643097643,2684.3164983164984,225.40404040404042,11.585858585858587,53.212338610841755,70.08248925691919,411.64983164983164,27.208754208754208,116.85801484104378,143.54901529760943,361306.03008018393,11700.56718341356,8080434.293384224,1843856.5811504282,12259717.181818182,7076874.1649831645,23952988.484848484,9122718.916703738,1675960.028768815,12315968.72053872,8015677.585858586,13157346.976430977,2091438.959725926,1263596.3009579699,4745133.077441078,1242147.7171717172,0.07744107744107744,0.0,0.0,0.0,132.2020202020202,136.45791245791247,6269.223772191,5429.802683736784,11.494949494949495,440.06060606060606,78.70975442406734,125.05857887845455,40455.472600433066,0.0,0.07744107744107744,0.20875420875420875,0.43097643097643096,0.21548821548821548,0.03367003367003367,0.0,0.20875420875420875,0.46464646464646464,89.88897059673401,53.212338610841755,116.85801484104378,0.0,0.0,0.0,0.0,0.0,0.0,6.734006734006734,524.3097643097643,6.572390572390573,2684.3164983164984,9136.144781144782,15590.138047138047,2.5622895622895623,15.878787878787879,95669.60149047138,20696.254161453384,121072.12121212122,83282.4074074074,11530356.092272729,400766.0456877702,11899164.457912458,11137450.707070706,297,0.0,0
2018-03-01 05:13:00,7383.754266211604,8.590443686006825,21570848.744027305,5.764505119453925,4.150170648464163,486.3139931740614,1439.0853242320818,216.97610921501706,17.511945392491466,59.6521219003413,66.3466144183959,362.0341296928328,25.726962457337883,108.19425074767919,125.44682580989762,62622.28115453772,22470.43530990115,6951958.99769374,2225075.670272577,11732107.90443686,5650528.006825939,21575831.98976109,8401278.067641525,1531348.9453216926,11768071.559726963,7544073.501706485,11572650.266211605,2772013.0258102217,1072267.0740915076,5319321.436860069,2259651.614334471,0.05460750853242321,0.0,0.0,0.0,97.6382252559727,83.65870307167235,19369.770556167263,3099.1029927895975,17.511945392491466,393.1672354948806,82.97369906098976,113.81007484853924,38304.407399771604,0.0,0.05460750853242321,0.17747440273037543,0.45051194539249145,0.19795221843003413,0.027303754266211604,0.0,0.17747440273037543,0.4641638225255973,95.16770316095563,59.6521219003413,108.19425074767919,0.0,0.0,0.0,0.0,0.0,0.0,5.764505119453925,486.3139931740614,4.150170648464163,1439.0853242320818,8077.744027303755,14901.156996587031,2.197952218430034,15.563139931740615,490537.7339630717,137087.2409975368,650593.1945392492,399257.3276450512,11058109.74956314,321519.40809691616,11444702.174061434,10758605.423208192,293,0.0,0
2018-03-01 05:14:00,5687.488593155894,10.956273764258555,23107628.173003804,5.982889733840304,5.85361216730038,451.8897338403042,1910.634980988593,194.0361216730038,20.53041825095057,52.472743309640684,55.72568016497909,424.19011406844106,40.5,144.52466178986694,147.08905958103043,440115.62955860485,35687.30866317433,3826111.4416707586,1962979.770045507,10104785.558935361,3001202.2452471484,22992212.979087453,4668485.019639658,2378648.2116129356,10096536.180608366,3339797.074144487,16960263.67110266,1537874.3207303633,1984596.4971982893,6708502.9885931555,508890.44676806085,0.045627376425855515,0.0,0.0,0.0,114.79087452471482,120.25095057034221,33524.56811767466,2156.650863554572,20.53041825095057,441.41444866920153,94.77124409404942,132.425793581673,49174.875652844865,0.0019011406844106464,0.045627376425855515,0.25285171102661597,0.376425855513308,0.13878326996197718,0.02091254752851711,0.0,0.25285171102661597,0.6444866920152091,110.05261360401141,52.472743309640684,144.52466178986694,0.0,0.0,0.0,0.0,0.0,0.0,5.982889733840304,451.8897338403042,5.85361216730038,1910.634980988593,5297.123574144487,8035.342205323194,2.6520912547528517,14.129277566539924,106774.86988768062,69774.36808530269,199531.3650190114,63205.053231939164,9283120.577287072,700833.5955388877,9907033.384030418,8740354.94486692,526,0.0,0
2018-03-01 05:15:00,7841.779026217228,7.928838951310861,24573260.09363296,6.138576779026217,3.838951310861423,501.49812734082394,691.7228464419476,224.68913857677902,15.397003745318353,57.883295501797754,69.24524359460675,340.50187265917606,23.325842696629213,87.55232992329589,115.04275601846443,47844.32491335377,14824.681533683719,8434644.71718503,1808001.8819597953,12140817.441947566,7317182.464419476,24550803.078651685,9628109.08432809,1233248.2008309816,12181764.063670412,8808316.303370787,11357168.400749063,2218138.379641948,835131.0696703311,4012303.767790262,1707656.3558052434,0.033707865168539325,0.0,0.0,0.0,103.58052434456928,82.0374531835206,12691.332286883708,2129.92156059327,15.397003745318353,375.6441947565543,71.45286580311985,103.65561389979774,30583.701660886367,0.0149812734082397,0.033707865168539325,0.16104868913857678,0.47191011235955055,0.18726591760299627,0.0299625468164794,0.0,0.16104868913857678,0.3782771535580524,82.21521928941573,57.883295501797754,87.55232992329589,0.0,0.0,0.0,0.0,0.0,0.0,6.138576779026217,501.49812734082394,3.838951310861423,691.7228464419476,8815.475655430711,15335.370786516854,2.546816479400749,15.850187265917603,929358.5462716854,330681.2498917904,1291123.1423220974,703603.8539325843,11463932.555123596,328073.3170310044,11825912.985018726,11147280.059925094,267,0.0,0
2018-03-01 05:16:00,9557.812154696132,9.502762430939226,14191114.903314916,4.458563535911602,3.5,353.3011049723757,520.4475138121547,178.70165745856355,27.35635359116022,57.87790769282044,50.63680014590607,251.54696132596686,38.39502762430939,80.99425780314917,76.62836968674034,306941.72630753415,50656.21311941643,5120792.521409732,1614918.0023465913,7872038.259668509,4107023.505524862,14026368.395027624,6249194.334142265,994559.996371684,7828403.342541437,5520143.102209945,8179185.080110497,2061552.221822265,513592.17301111086,3199652.8287292817,1724060.7983425413,0.049723756906077346,0.0,0.0,0.0,81.17127071823204,70.86187845303867,41456.45831544591,9185.849950155698,26.76243093922652,282.7651933701657,67.81026478678729,75.52831964523205,19970.203198853615,0.0055248618784530384,0.049723756906077346,0.1270718232044199,0.31767955801104975,0.2430939226519337,0.055248618784530384,0.0,0.1270718232044199,0.5027624309392266,84.96983059767403,57.87790769282044,80.99425780314917,0.0,0.0,0.0,0.0,0.0,0.0,4.458563535911602,353.3011049723757,3.5,520.4475138121547,6105.160220994475,10634.632596685084,1.660220994475138,14.386740331491712,318368.64062323206,23214.721438198485,364121.6988950276,306952.1325966851,7326798.561430939,207105.12874969176,7530082.756906077,7120550.406077348,362,0.0,0
2018-03-01 05:17:00,11616.13,8.12,16700078.17,4.943333333333333,3.1633333333333336,394.31333333333333,543.93,217.25,12.636666666666667,54.653031765243334,68.28890322306667,322.14666666666665,23.883333333333333,82.80254405536667,109.25395046346665,516167.42658427905,69116.56614290053,6220942.588814489,1564662.4691549076,9403847.546666667,5326420.413333333,16557428.586666666,7051333.4880181,1305322.1455549856,9286472.61,6185240.056666667,7439795.746666667,1827780.7232412668,900292.4887948312,3367106.7733333334,1271009.3266666667,0.11333333333333333,0.0,0.0,0.0,89.01333333333334,66.64,64300.47937220094,4809.98548910073,12.636666666666667,352.87,67.16447286275667,99.58234053405667,29679.725357332944,0.006666666666666667,0.11333333333333333,0.14333333333333334,0.36333333333333334,0.36333333333333334,0.056666666666666664,0.0,0.14333333333333334,0.43666666666666665,78.07804331584,54.653031765243334,82.80254405536667,0.0,0.0,0.0,0.0,0.0,0.0,4.943333333333333,394.31333333333333,3.1633333333333336,543.93,8680.27,14271.363333333333,1.9266666666666667,17.053333333333335,516092.7609152667,182909.3872712467,657597.4566666667,389263.13,8675619.890906665,340353.8817322982,8990389.836666666,8394828.58,300,0.0,0
2018-03-01 05:18:00,6454.844484629295,10.04882459312839,18234667.495479204,5.028933092224231,4.495479204339964,323.8987341772152,1500.4701627486438,172.1754068716094,17.9873417721519,48.57986056298192,51.84334648983002,337.88065099457503,39.40506329113924,115.36503702075949,113.59716394940325,260298.41426119296,20885.22803349118,4243679.535272958,1419319.199731838,7493847.202531646,3478489.8264014465,18072849.171790235,4990806.352873772,1354972.0597124463,7402820.155515371,4002577.896925859,12159415.142857144,1422712.625828047,957588.2991601829,3459466.4231464737,739451.5334538879,0.0433996383363472,0.0,0.0,0.0,96.55696202531645,95.84810126582279,17814.93950370427,3068.633570972488,17.819168173598552,354.2242314647378,79.15697979651175,107.72139124237432,37514.2568348862,0.0054249547920434,0.0433996383363472,0.2423146473779385,0.3960216998191682,0.1735985533453888,0.05063291139240506,0.0,0.2423146473779385,0.5804701627486437,92.9081756167396,48.57986056298192,115.36503702075949,0.0,0.0,0.0,0.0,0.0,0.0,5.028933092224231,323.8987341772152,4.495479204339964,1500.4701627486438,5581.104882459313,9397.620253164558,2.128390596745027,14.987341772151899,167359.04597169982,87335.04832725218,261725.9186256781,109240.2314647378,6792968.877142857,182326.35263400193,6972159.001808318,6631219.625678119,553,0.0,0
2018-03-01 05:19:00,5806.104956268222,10.594752186588922,12204088.075801749,4.58600583090379,3.871720116618076,412.5801749271137,911.7609329446065,190.44606413994168,23.71137026239067,60.55629288982507,56.85116921620991,356.34402332361515,40.68513119533527,110.12639282918369,115.5598716987172,320186.9813426268,18975.81313416777,1670266.8186778515,1279544.4511104312,5236760.373177842,1045127.501457726,12188470.81341108,2122983.8430652185,1594018.5670693151,5259815.577259475,1129983.1282798834,9050198.86005831,1043468.1134865015,1166641.9543985697,3580203.5160349854,342339.79008746357,0.04956268221574344,0.0,0.0,0.0,86.1807580174927,77.99416909620992,15778.80025975848,3194.344675814913,23.71137026239067,373.7405247813411,83.39748747305248,106.11764611897377,33613.5714781467,0.0058309037900874635,0.04956268221574344,0.22740524781341107,0.40816326530612246,0.1457725947521866,0.037900874635568516,0.0,0.22740524781341107,0.6005830903790087,98.30994081512245,60.55629288982507,110.12639282918369,0.0,0.0,0.0,0.0,0.0,0.0,4.58600583090379,412.5801749271137,3.871720116618076,911.7609329446065,5489.524781341108,13244.075801749272,2.067055393586006,15.300291545189504,230779.04205326532,87959.65428671455,312166.306122449,171474.92128279884,4444972.309895043,367982.53249458416,4827256.845481049,4113263.4868804663,343,0.0,0
2018-03-01 05:20:00,12985.372881355932,7.271186440677966,13568101.478813559,5.622881355932203,5.254237288135593,455.04661016949154,1947.6864406779662,249.53813559322035,7.283898305084746,59.764223432067794,81.37379435104661,412.885593220339,18.03813559322034,101.14734280661017,143.9867272883305,97994.38917268225,50874.85026423653,3774651.423169846,1017068.0169432926,6572795.050847458,3281148.334745763,13314245.45762712,4185003.722086185,1194534.5024128298,6435587.995762712,3392281.694915254,6574853.516949153,1143078.7983230634,736114.1249626831,2723274.3940677964,701885.7881355932,0.05084745762711865,0.0,0.0,0.0,105.77966101694915,109.66101694915254,42719.01028228203,8153.901015800568,7.283898305084746,431.31779661016947,78.05095489080509,121.7986852912161,39239.56660558043,0.00423728813559322,0.05084745762711865,0.2288135593220339,0.4788135593220339,0.3008474576271186,0.1016949152542373,0.0,0.2245762711864407,0.4872881355932203,86.66376278358051,59.764223432067794,101.14734280661017,0.0,0.0,0.0,0.0,0.0,0.0,5.622881355932203,455.04661016949154,5.254237288135593,1947.6864406779662,7603.016949152542,20256.98305084746,2.2457627118644066,17.389830508474578,344223.9170839831,210579.8798822627,495535.52966101695,195630.53813559323,5801181.52118644,422061.51249832776,6119825.588983051,5491254.457627119,236,0.0,0
2018-03-01 05:21:00,7025.273684210526,10.76842105263158,13798022.915789474,5.002105263157895,5.0063157894736845,393.16,2476.4147368421054,176.38947368421051,22.818947368421053,53.429446414202104,50.811570854989476,351.7663157894737,39.26105263157895,123.17755105294316,118.57466486877895,142175.55027218763,30648.97760458393,1865441.1394562428,1238741.5612773886,5872720.509473684,1299039.1957894736,13612208.48,2227499.8004535665,1522012.3249729779,5775155.43368421,1353425.1242105262,9619015.336842105,873611.3598919789,1131562.1367847784,3942888.854736842,266777.92421052634,0.06736842105263158,0.0,0.0,0.0,94.04631578947368,100.95157894736842,27327.958124519744,3317.166039173402,22.818947368421053,369.1515789473684,87.68780802768842,109.51150250006526,38562.57912563977,0.004210526315789474,0.06736842105263158,0.20421052631578948,0.3473684210526316,0.17473684210526316,0.037894736842105266,0.0,0.20421052631578948,0.6168421052631579,102.87754088603158,53.429446414202104,123.17755105294316,0.0,0.0,0.0,0.0,0.0,0.0,5.002105263157895,393.16,5.0063157894736845,2476.4147368421054,4770.263157894737,10482.64,2.0442105263157893,14.492631578947368,192628.40474989475,92867.3360091874,313277.71789473685,130785.81894736842,4939318.978602105,556146.5262508029,5577511.075789474,4483098.181052632,475,0.0,0
2018-03-01 05:22:00,6193.75,10.207236842105264,9997070.207236841,4.8256578947368425,4.069078947368421,387.25,857.3815789473684,197.45065789473685,21.723684210526315,59.515209610986844,59.76180761185527,356.0888157894737,35.3125,105.29700893417106,117.85471992121711,40936.58708717903,21994.436936815113,1239911.1145996053,1194183.8562302378,3958606.0,573158.8914473684,9670149.24013158,1611837.6525353948,1165172.9792262928,3734230.2664473685,809645.7105263158,6796559.53618421,984659.6090383026,667861.4273766474,2576307.0460526315,597483.5953947369,0.03618421052631579,0.0,0.0,0.0,90.82894736842105,82.5657894736842,20165.764133116245,1828.6728040128057,21.720394736842106,369.75986842105266,80.28011920072369,103.94839001898356,32967.35323139293,0.0,0.03618421052631579,0.2236842105263158,0.4506578947368421,0.14144736842105263,0.04276315789473684,0.0,0.2236842105263158,0.5822368421052632,94.62727917268751,59.515209610986844,105.29700893417106,0.0,0.0,0.0,0.0,0.0,0.0,4.8256578947368425,387.25,4.069078947368421,857.3815789473684,5307.651315789473,14269.052631578947,2.026315789473684,15.776315789473685,346842.1505401645,159429.40578885525,479533.2697368421,237516.86513157896,2874816.5204835525,550845.2789835606,3438895.6513157897,2436111.1611842103,304,0.0,0
2018-03-01 05:23:00,8548.418518518518,7.970370370370371,14709565.42962963,5.0777777777777775,3.9074074074074074,462.8222222222222,725.0074074074074,222.5814814814815,9.533333333333333,56.00315079767778,72.10632836951852,365.3037037037037,19.414814814814815,90.78563165388888,127.21506266444445,483533.2105986455,32149.43602313558,4976116.148729148,1194185.5202305343,7834810.722222222,4400134.944444444,14629151.981481481,5374705.243978778,1456933.1020746108,7900113.044444445,4486226.822222223,5527709.862962963,969942.3088275185,990177.832493405,2651124.514814815,400941.1148148148,0.06296296296296296,0.0,0.0,0.0,97.05185185185185,80.32592592592593,18323.941997572332,13817.020023867393,9.033333333333333,382.3407407407407,68.98109280996296,107.18881869375184,32737.762289408973,0.007407407407407408,0.06296296296296296,0.24444444444444444,0.5148148148148148,0.21851851851851853,0.05185185185185185,0.0,0.24444444444444444,0.42592592592592593,78.00994142411481,56.00315079767778,90.78563165388888,0.0,0.0,0.0,0.0,0.0,0.0,5.0777777777777775,462.8222222222222,3.9074074074074074,725.0074074074074,7546.670370370371,18786.303703703703,2.1592592592592594,17.303703703703704,286118.4334645926,173415.672661782,512510.8074074074,161047.74074074073,6942499.789348149,390876.8793660256,7319871.62962963,6619183.122222222,270,0.0,0
2018-03-01 05:24:00,13863.735426008969,6.816143497757848,18648583.542600896,5.771300448430493,3.484304932735426,447.3542600896861,452.0358744394619,219.65470852017938,12.928251121076233,57.20121434390135,68.53885351233632,296.695067264574,8.103139013452914,64.08908144759641,104.99350607255157,909954.4802355618,74356.65429950615,8960781.131269552,1536957.09394616,11771310.139013452,8038440.174887893,17998429.488789238,9077786.609881166,1354269.4223356054,11238414.502242152,8126480.70852018,4764907.147982063,1330326.6155170402,300039.4533093937,1877182.1434977578,1097391.3811659194,0.14349775784753363,0.0,0.0,0.0,107.21076233183857,73.81165919282512,61749.37007854369,12594.972218437515,12.524663677130045,337.2914798206278,63.468942879013454,89.71500302830941,24458.85737061172,0.008968609865470852,0.14349775784753363,0.15695067264573992,0.4663677130044843,0.3811659192825112,0.07174887892376682,0.0,0.15695067264573992,0.23318385650224216,70.94526185905382,57.20121434390135,64.08908144759641,0.0,0.0,0.0,0.0,0.0,0.0,5.771300448430493,447.3542600896861,3.484304932735426,452.0358744394619,9663.569506726457,18536.789237668163,2.295964125560538,18.116591928251122,543105.9810222869,3369.076304887892,548331.1614349775,540954.6188340808,10706864.496367713,431889.1146244727,11242600.896860987,10308461.219730942,223,0.0,0
2018-03-01 05:25:00,11264.699386503067,7.269938650306749,17893586.846625768,5.975460122699387,4.49079754601227,655.3128834355829,788.9141104294479,318.7484662576687,13.785276073619633,73.77492810576688,98.48551475588957,444.6319018404908,13.50920245398773,98.97544183226994,157.84589695932516,502470.49483823276,57159.176717599235,9885804.815660553,1466748.397989282,12502639.865030674,8939003.19018405,17115341.09815951,10017401.474077914,1359783.1221674082,11980510.233128835,8973092.558282208,5432897.650306748,1351498.6863198772,1153268.5286549982,2810475.0981595092,585733.0122699386,0.11042944785276074,0.0,0.0,0.0,120.31901840490798,94.77300613496932,54461.95394097479,2694.4154384922213,13.730061349693251,493.26993865030676,85.76102692361962,132.27456950395091,38469.768380244415,0.006134969325153374,0.11042944785276074,0.17791411042944785,0.5337423312883436,0.3067484662576687,0.06748466257668712,0.0,0.17791411042944785,0.294478527607362,96.04944106380367,73.77492810576688,98.97544183226994,0.0,0.0,0.0,0.0,0.0,0.0,5.975460122699387,655.3128834355829,4.49079754601227,788.9141104294479,11005.055214723927,27050.717791411043,2.7423312883435584,18.30674846625767,156297.8343558282,93987.07894804294,292568.86503067485,84469.22699386503,11261498.075760735,483688.6719990078,11729932.110429447,10790605.687116565,163,0.0,0
2018-03-01 05:26:00,8129.203125,6.770833333333333,18503202.567708332,7.348958333333333,5.125,618.3385416666666,1168.3697916666667,322.8489583333333,8.770833333333334,72.06609394033333,102.04119801735938,487.6822916666667,9.1875,106.94517991234375,172.6382473743229,13281.166263310819,5995.8234727772715,9731512.92561618,835427.1073063816,11391282.973958334,9182441.838541666,18382890.34375,9889131.568471875,931654.8762280351,11400352.6875,9189057.302083334,3861654.4635416665,669617.1410109375,296048.19957615907,1367473.9583333333,466905.7864583333,0.020833333333333332,0.0,0.0,0.0,136.60416666666666,111.5625,4610.6269222864685,1382.8132374738125,8.770833333333334,524.109375,87.45105862317708,141.98058754825522,42101.280379308075,0.005208333333333333,0.020833333333333332,0.2552083333333333,0.6302083333333334,0.203125,0.020833333333333332,0.0,0.2552083333333333,0.265625,95.09320648697917,72.06609394033333,106.94517991234375,0.0,0.0,0.0,0.0,0.0,0.0,7.348958333333333,618.3385416666666,5.125,1168.3697916666667,12247.208333333334,27461.885416666668,2.984375,18.4375,615848.4768683853,163259.78513729168,804713.1197916666,505965.53125,10354760.394411458,336261.2387501768,10763020.833333334,10028733.645833334,192,0.0,0
2018-03-01 05:27:00,6147.148727984344,10.493150684931507,20358599.71624266,5.620352250489237,5.154598825831703,403.7358121330724,1992.3013698630136,199.133072407045,18.786692759295498,53.92327274735812,59.52418994851272,423.2759295499022,42.09001956947162,142.36800942649708,144.3379928132681,78261.94030220417,11007.470603292786,3793756.8338012486,1535141.939153793,8518584.534246575,3130598.418786693,20051654.38551859,4323458.417673513,1901660.041740952,8433329.18003914,3160298.866927593,15779062.340508806,1306690.2111693425,1681213.1786436448,5127583.424657534,251519.59686888455,0.043052837573385516,0.0,0.0,0.0,110.09001956947162,109.53424657534246,8732.433339011819,2271.455298728168,18.786692759295498,441.3444227005871,93.22770844076321,131.9535383564912,46383.58252248754,0.0,0.043052837573385516,0.26418786692759294,0.4324853228962818,0.14090019569471623,0.0136986301369863,0.0,0.26418786692759294,0.5440313111545988,108.55736203792564,53.92327274735812,142.36800942649708,0.0,0.0,0.0,0.0,0.0,0.0,5.620352250489237,403.7358121330724,5.154598825831703,1992.3013698630136,5980.035225048924,10332.665362035224,2.563600782778865,14.904109589041095,117952.26598080235,44623.49115198023,184498.71819960861,88972.02935420744,8025404.809639921,207697.8067357573,8233675.637964775,7818861.581213308,511,0.0,0
2018-03-01 05:28:00,6652.198938992043,10.70026525198939,12569865.267904509,5.673740053050398,4.856763925729443,399.87002652519897,1859.6949602122015,210.9893899204244,24.883289124668433,61.43854678234748,61.54944643793368,396.6790450928382,42.278514588859416,136.33392138657825,133.89140124236073,88528.50976262547,10337.953636392225,3469173.0173759656,831742.6606621676,6211749.952254642,3036403.0053050397,12420192.185676392,3789618.110998867,998592.1708086297,6201043.732095491,3058945.2175066313,7922558.604774536,774887.2807188648,695201.4120930331,2798395.0901856762,244457.61803713528,0.042440318302387266,0.0,0.0,0.0,102.50397877984085,100.36074270557029,8727.779976211,1608.9598775500292,24.676392572944298,423.3395225464191,97.42532596217507,125.90745494402918,43600.62422467827,0.0,0.042440318302387266,0.23076923076923078,0.40848806366047746,0.1273209549071618,0.026525198938992044,0.0,0.23076923076923078,0.5702917771883289,115.1937865133687,61.43854678234748,136.33392138657825,0.0,0.0,0.0,0.0,0.0,0.0,5.673740053050398,399.87002652519897,4.856763925729443,1859.6949602122015,5732.713527851459,13319.612732095491,2.2811671087533156,14.408488063660478,391182.0315750398,126843.6833207427,501360.89389920427,305072.3925729443,5732862.893381963,145131.0709382069,5923635.599469496,5595821.00530504,377,0.0,0
2018-03-01 05:29:00,10173.57671957672,9.291005291005291,11511982.53968254,5.449735449735449,5.134920634920635,459.87566137566137,1785.9285714285713,246.21428571428572,19.812169312169313,65.20756058825397,76.50877374230159,452.82804232804233,34.21164021164021,141.32208441460315,159.6649922684127,488095.6317223328,43436.223222330256,872684.3367278642,961458.5014981506,3306661.3306878307,398750.0105820106,11303916.52910053,1350394.6541047618,1113570.585137157,3243964.2486772486,543989.3544973545,9992086.878306879,804662.902719029,854045.0642823469,2498468.203703704,181303.23015873015,0.03968253968253968,0.0,0.0,0.0,107.48148148148148,110.78306878306879,30916.47000063885,12513.700364960476,19.203703703703702,486.3095238095238,102.476428009,145.95699926471428,51811.210686737606,0.005291005291005291,0.03968253968253968,0.24074074074074073,0.4444444444444444,0.21428571428571427,0.08994708994708994,0.0,0.24074074074074073,0.5608465608465608,118.39914825990475,65.20756058825397,141.32208441460315,0.0,0.0,0.0,0.0,0.0,0.0,5.449735449735449,459.87566137566137,5.134920634920635,1785.9285714285713,4672.259259259259,15285.253968253968,2.6587301587301586,15.947089947089948,116953.36841468253,52086.833167700264,221455.84656084655,83625.87566137566,2850639.5954550267,59223.98253779763,2898848.8915343913,2773432.1428571427,378,0.0,0
2018-03-01 05:30:00,6147.966666666666,9.6,1649936.9666666666,81.85555555555555,208.7,1596.911111111111,888.6888888888889,313.8888888888889,16.77777777777778,102.71172632988889,107.2447963738889,444.1222222222222,32.922222222222224,69.20334889977778,82.15817682522221,63170.550864673554,10563.528165776977,54308.67067935556,87398.85049614777,355923.6666666667,1420.888888888889,1639338.6333333333,124313.24034711,140368.98986353667,371995.22222222225,3418.7444444444445,1613644.5666666667,105156.09407884,95288.04326268555,352323.64444444445,9956.644444444444,0.0,0.0,0.0,0.0,87.11111111111111,4172.444444444444,5642.540807220799,4920.987358321311,16.77777777777778,445.6333333333333,60.13470712042222,82.68028344393333,23905.860546720665,0.0,0.0,0.2222222222222222,0.34444444444444444,0.12222222222222222,0.07777777777777778,0.0,0.2222222222222222,18.033333333333335,72.56893354341112,102.71172632988889,69.20334889977778,0.0,0.0,0.0,0.0,0.0,0.0,81.85555555555555,1596.911111111111,208.7,888.6888888888889,3994.2555555555555,11297.877777777778,2.3222222222222224,12.622222222222222,1218.812121111111,1790.9591088888887,5466.622222222222,271.2888888888889,112222.22222222222,879.7113766666666,113333.33333333333,110307.76666666666,90,0.0,0
2018-03-01 05:31:00,17735.970588235294,8.720588235294118,11634433.926470589,10.808823529411764,15.838235294117647,402.6470588235294,676.7205882352941,182.52941176470588,12.014705882352942,50.12791300460294,60.25451564573529,315.20588235294116,29.58823529411765,73.04990318366175,88.35819991808823,141086.61639446075,26796.33019982165,1550370.9992520877,1246010.0011206416,4815868.514705882,909757.2205882353,11621665.80882353,2081075.5656738381,1377776.4935618793,4844022.455882353,1197277.3529411764,6769552.19117647,1034696.1239364266,670731.2122641177,2864597.5588235296,764764.8235294118,0.07352941176470588,0.0,0.0,0.0,75.94117647058823,316.6470588235294,16696.761606122134,10099.568594514942,12.014705882352942,330.8382352941176,57.21657024292647,85.8750946967647,23530.09723862284,0.0,0.07352941176470588,0.10294117647058823,0.22058823529411764,0.4411764705882353,0.10294117647058823,0.0,0.10294117647058823,1.911764705882353,68.13802797411765,50.12791300460294,73.04990318366175,0.0,0.0,0.0,0.0,0.0,0.0,10.808823529411764,402.6470588235294,15.838235294117647,676.7205882352941,2215.8823529411766,11339.39705882353,1.7205882352941178,15.470588235294118,564490.2053922059,535919.6606301893,1228132.9264705882,235671.42647058822,4335562.648308823,206398.17679264705,4518920.30882353,4096466.220588235,68,0.0,0
2018-03-01 05:32:00,1317.4444444444443,12.11111111111111,2908345.6296296297,4.111111111111111,4.666666666666667,491.1111111111111,748.1851851851852,296.0,22.59259259259259,82.54567901111112,95.47264616296296,537.2962962962963,50.77777777777778,127.21979317407407,162.8468748888889,113911.76739917,1952.5856545542222,210745.4763274074,649972.8006411111,2414385.592592593,261.51851851851853,2907439.777777778,562946.3632222222,1084003.5217666668,2492806.222222222,13660.888888888889,2868396.6666666665,387384.9171407408,861667.299425926,2422230.6666666665,16655.48148148148,0.037037037037037035,0.0,0.0,0.0,76.5925925925926,87.70370370370371,976.2073758468148,976.3782786248519,22.59259259259259,537.2962962962963,98.21131995666667,145.1291207121852,38804.381444567036,0.0,0.037037037037037035,0.07407407407407407,0.37037037037037035,0.07407407407407407,0.0,0.0,0.07407407407407407,0.9629629629629629,115.55260577777779,82.54567901111112,127.21979317407407,0.0,0.0,0.0,0.0,0.0,0.0,4.111111111111111,491.1111111111111,4.666666666666667,748.1851851851852,5402.407407407408,23656.074074074073,2.2222222222222223,13.333333333333334,20833.666666666668,0.0,20833.666666666668,20833.666666666668,2028436.1851851852,0.0,2028436.1851851852,2028436.1851851852,27,0.0,0
2018-03-01 05:33:00,1508.7142857142858,9.5,22199130.285714287,10.642857142857142,6.285714285714286,591.4285714285714,1027.142857142857,366.2142857142857,15.5,84.08227040714284,114.40268174999999,711.2142857142857,47.92857142857143,144.55539401357143,217.29810073571429,80066.62430950858,940.0338015851429,653369.1724685713,951333.7485642858,3262314.6428571427,12020.57142857143,22215842.714285713,1195399.9014857144,1042488.4367000001,3363220.285714286,10907.0,13404179.42857143,1101731.5458642857,769378.2997928571,1853938.357142857,27185.214285714286,0.0,0.0,0.0,0.0,117.14285714285714,136.0,469.9099757689286,470.1238258707143,15.5,711.2142857142857,104.76620257214286,188.22067713978572,53768.85478638072,0.0,0.0,0.21428571428571427,0.5714285714285714,0.0,0.0,0.0,0.21428571428571427,0.8571428571428571,122.24732284785715,84.08227040714284,144.55539401357143,0.0,0.0,0.0,0.0,0.0,0.0,10.642857142857142,591.4285714285714,6.285714285714286,1027.142857142857,4680.714285714285,29184.714285714286,3.5714285714285716,14.285714285714286,2898861.39069,2597382.4448514287,4762329.928571428,1062998.642857143,2442857.1428571427,595421.6554164286,2864285.714285714,2002975.5,14,0.0,0
2018-03-01 05:34:00,5537.142857142857,9.142857142857142,13838998.142857144,6.428571428571429,6.642857142857143,657.1428571428571,1171.0714285714287,383.92857142857144,14.357142857142858,85.08583959642858,120.32786305,674.0,46.214285714285715,151.63882553357143,213.54280368714288,98272.40372826286,5919.356504835286,475790.118195,774419.5293864285,1959810.2857142857,1074.7857142857142,13821680.857142856,955530.0765071429,918487.1421571429,2027681.5714285714,20754.428571428572,13487658.214285715,974347.1376142857,870436.7019214286,1939054.9285714286,29029.428571428572,0.0,0.0,0.0,0.0,130.0,149.14285714285714,2959.7796422405,2959.5768625263568,14.357142857142858,690.1428571428571,108.85269220428572,189.92712350550002,57112.88311973786,0.0,0.0,0.21428571428571427,0.6428571428571429,0.07142857142857142,0.07142857142857142,0.0,0.21428571428571427,0.7857142857142857,124.72379700428571,85.08583959642858,151.63882553357143,0.0,0.0,0.0,0.0,0.0,0.0,6.428571428571429,657.1428571428571,6.642857142857143,1171.0714285714287,8071.714285714285,32152.285714285714,4.0,16.571428571428573,3189.872294285714,2479.0013371428568,9725.142857142857,2330.214285714286,1442857.142857143,7590.142802142857,1457142.857142857,1435714.2857142857,14,0.0,0
2018-03-01 05:35:00,14639.111111111111,7.222222222222222,1827359.0,6.0,6.444444444444445,768.4444444444445,1059.3333333333333,454.8888888888889,5.333333333333333,97.53333333333333,149.47049295555556,787.3333333333334,5.333333333333333,119.87154882222222,253.92975914444443,894.1596467555555,12393.507812536223,115411.04733333334,169813.75908888888,684927.2222222222,5914.0,1822099.3333333333,249586.20811111113,298748.2623,848029.8888888889,666.1111111111111,1765170.2222222222,216425.41582222222,205263.86823333334,679031.2222222222,64720.666666666664,0.0,0.0,0.0,0.0,126.22222222222223,133.77777777777777,6216.022643203889,6177.485171554556,5.333333333333333,787.3333333333334,102.92319877777777,200.37133044444442,60244.88832111111,0.0,0.0,0.2222222222222222,0.6666666666666666,0.2222222222222222,0.1111111111111111,0.0,0.2222222222222222,0.7777777777777778,111.14520266666666,97.53333333333333,119.87154882222222,0.0,0.0,0.0,0.0,0.0,0.0,6.0,768.4444444444445,6.444444444444445,1059.3333333333333,5505.888888888889,41931.444444444445,3.3333333333333335,18.666666666666668,0.0,0.0,0.0,0.0,0.0,0.0,0.0,0.0,9,0.0,0
2018-03-01 05:36:00,11535.166666666666,5.0,21697895.666666668,17.833333333333332,6.333333333333333,762.5,1054.0,448.5,0.0,96.38888888833333,152.40059854,782.0,0.0,114.18333335,254.06909188333336,2877.693478583333,287.9835708845,390091.16456111666,679230.5916693333,4792283.666666667,29386.5,21777517.333333332,534638.8307666667,795646.2611723334,4905534.333333333,29397.0,1734882.3333333333,210665.63888333333,231911.81081666666,725227.6666666666,21874.333333333332,0.0,0.0,0.0,0.0,122.0,132.0,214.77823651583333,73.20533445183334,0.0,787.1666666666666,100.34083820000001,203.80978341,60941.435666666664,0.0,0.0,0.0,0.6666666666666666,0.16666666666666666,0.0,0.0,0.0,0.6666666666666666,106.36301743333333,96.38888888833333,114.18333335,0.0,0.0,0.0,0.0,0.0,0.0,17.833333333333332,762.5,6.333333333333333,1054.0,5624.5,41909.166666666664,3.5,16.666666666666668,13233333.333333334,0.0,13233333.333333334,13233333.333333334,2500000.0,2216666.6666666665,4066666.6666666665,940618.0,6,0.0,0
2018-03-01 05:37:00,3389.0,6.0,2962773.8333333335,8.0,10.5,1136.0,1975.1666666666667,666.3333333333334,0.0,142.0,224.51798993333333,1173.0,0.0,182.87206681666666,390.43984270000004,1041.5275954833335,6.434138304833333,167954.96026666666,250630.23201666668,1000648.3333333334,32.166666666666664,2962773.8333333335,423253.40475,477459.82803333335,1274345.3333333333,76.33333333333333,2877001.5,301027.5050833333,300728.786,1000648.3333333334,30227.166666666668,0.0,0.0,0.0,0.0,169.33333333333334,219.33333333333334,2.8083887853333334,3.6257495189999998,0.0,1173.0,157.79515773333333,316.4883456333333,102016.04182500001,0.0,0.0,0.16666666666666666,1.0,0.0,0.0,0.0,0.16666666666666666,1.0,166.27186838333333,142.0,182.87206681666666,0.0,0.0,0.0,0.0,0.0,0.0,8.0,1136.0,10.5,1975.1666666666667,8192.0,62864.0,5.0,20.0,0.0,0.0,0.0,0.0,0.0,0.0,0.0,0.0,6,0.0,0
2018-03-01 05:38:00,2965.375,5.25,16160528.5,15.125,8.375,993.0,1383.375,582.375,0.0,124.125,196.216407525,1026.375,0.0,145.3242424375,328.7260324875,882.7008443875,5.78359801625,358163.4227875,477234.1072125,2561590.125,70331.125,16107448.25,552451.4503,640543.53395,2742254.875,70367.125,2287224.0,268490.3038125,286225.0350375,911590.125,19604.5,0.0,0.0,0.0,0.0,148.5,176.0,2.67386652675,3.109731489625,0.0,1026.375,128.14923245,262.706393725,78893.57732124999,0.0,0.0,0.25,0.875,0.0,0.0,0.0,0.25,0.875,135.465514275,124.125,145.3242424375,0.0,0.0,0.0,0.0,0.0,0.0,15.125,993.0,8.375,1383.375,7167.875,55006.875,4.375,17.5,5037500.0,4700000.0,8362500.0,1712500.0,1246281.375,568759.041375,1650000.0,844108.0,8,0.0,0
2018-03-01 05:39:00,2427.2,8.2,7960323.1,7.3,8.0,894.0,1732.6,527.7,12.8,118.071428571,170.95663112,1013.5,46.4,210.59641775,331.5032076,77486.77822559,523.1886943546,350063.05111700005,602124.153029,1705848.2,110.7,7964659.9,756657.40993,828956.4151399999,1897200.0,20409.5,7868457.1,711411.25404,726411.5192799999,1715857.2,78411.6,0.0,0.0,0.0,0.0,150.4,170.4,261.46272992170003,261.7259644324,12.8,1013.5,153.36329375999998,277.583315936,87653.3495653,0.0,0.0,0.4,0.8,0.0,0.0,0.0,0.4,1.0,169.94470951,118.071428571,210.59641775,0.0,0.0,0.0,0.0,0.0,0.0,7.3,894.0,8.0,1732.6,6553.4,44015.2,4.4,17.6,11782.15,6907.225593,25617.1,7451.6,994145.0166999999,33156.01101,1010000.0,926925.3,10,0.0,0
2018-03-01 05:40:00,7317.1,7.6,24207699.0,12.3,7.2,688.7,880.9,391.1,7.3,84.036842105,127.81510178,633.9,18.3,99.406844917,190.58764493200002,24040.458335504,11603.3486579581,605722.20445,883158.857858,3166042.9,65678.6,24223459.9,1027148.07804,981177.78584,3251484.7,68554.9,12482010.4,837720.22001,642260.6266400001,1529744.2,17806.7,0.0,0.0,0.0,0.0,128.0,159.2,5801.4931683493,5801.8554915091,7.3,656.5,86.939983406,166.6895079717,45680.986181333,0.0,0.0,0.2,0.6,0.1,0.1,0.0,0.2,0.8,94.990058476,84.036842105,99.406844917,0.0,0.0,0.0,0.0,0.0,0.0,12.3,688.7,7.2,880.9,4926.3,31555.5,4.1,15.6,3772770.7,3812226.1578900004,6479482.4,1072087.4,2250000.0,405050.743074,2640000.0,1825014.8,10,0.0,0
2018-03-01 05:41:00,3389.0,6.0,3175207.076923077,8.307692307692308,9.692307692307692,1194.2307692307693,1698.076923076923,664.6923076923077,0.0,143.5940171,224.97261077692306,1173.0,0.0,176.77087593076925,383.7994733153846,941.7552417692308,5.862221563,186880.24444615387,272930.4143846154,1083888.6153846155,17.0,3175207.076923077,431652.79669999995,477589.18507692305,1338489.3846153845,76.92307692307692,3046861.0,356646.5575384615,335670.7302076923,1123666.076923077,82546.76923076923,0.0,0.0,0.0,0.0,176.92307692307693,207.3846153846154,2.7044318635384617,3.1577896993076924,0.0,1173.0,152.51035199999998,305.1698458076923,93521.78560153846,0.0,0.0,0.3076923076923077,1.0,0.0,0.0,0.0,0.3076923076923077,1.0,161.06834705384614,143.5940171,176.77087593076925,0.0,0.0,0.0,0.0,0.0,0.0,8.307692307692308,1194.2307692307693,9.692307692307692,1698.076923076923,8192.0,62866.46153846154,5.230769230769231,20.0,0.0,0.0,0.0,0.0,0.0,0.0,0.0,0.0,13,0.0,0
2018-03-01 05:42:00,8279.4,5.4,14281584.6,13.5,7.7,910.7,1264.8,535.1,0.0,110.024444443,178.29138952399998,938.4,0.0,132.82795455000002,300.24704013999997,775722.95458232,75004.84502472101,334841.77033,662917.4657527125,4257982.3,39867.9,14279083.9,528798.46289,826679.0840927125,4407563.5,39916.2,2511221.1,298805.37666,335426.37589,1060878.6,61648.0,0.0,0.0,0.0,0.0,149.2,163.2,75002.2558593081,2.5891654126,0.0,941.5,115.43529412000001,239.55870599999997,70866.13375200001,0.0,0.0,0.3,0.8,0.1,0.0,0.0,0.3,0.7,122.10426341299998,110.024444443,132.82795455000002,0.0,0.0,0.0,0.0,0.0,0.0,13.5,910.7,7.7,1264.8,6651.5,50292.2,4.1,18.0,3720000.0,3840000.0,6440000.0,1000000.0,1890000.0,1870000.0,3210000.0,567231.9,10,0.0,0
2018-03-01 05:43:00,3389.0,6.0,3068063.5555555555,8.11111111111111,9.222222222222221,1135.111111111111,1581.0,666.3333333333334,0.0,140.14814814444446,223.4649114888889,1173.0,0.0,172.6058081,382.14686773333335,942.7497676111111,6.004103649555556,187494.26723333335,317559.7706666666,1269271.7777777778,30.11111111111111,3068063.5555555555,426639.0436555555,509775.47065555555,1438054.7777777778,57.44444444444444,2969391.0,365229.5311777778,402610.6368555556,1281617.4444444445,68355.0,0.0,0.0,0.0,0.0,173.77777777777777,196.0,2.7954581563333334,3.2086454931111112,0.0,1173.0,148.44830676666666,301.9030155333333,91179.00427888888,0.0,0.0,0.3333333333333333,1.0,0.0,0.0,0.0,0.3333333333333333,1.0,157.04909365555557,140.14814814444446,172.6058081,0.0,0.0,0.0,0.0,0.0,0.0,8.11111111111111,1135.111111111111,9.222222222222221,1581.0,8192.0,62864.88888888889,5.0,20.0,0.0,0.0,0.0,0.0,0.0,0.0,0.0,0.0,9,0.0,0
2018-03-01 05:44:00,2299.4666666666667,7.8,8045380.266666667,7.133333333333334,7.733333333333333,839.0,1623.2,490.6666666666667,14.133333333333333,113.12169312066666,157.96629868666665,921.3333333333334,42.0,189.72331889999998,299.61444226000003,62919.32161423999,444.2291733517333,521507.37568,999655.8337133335,2969250.8666666667,36680.86666666667,8044938.133333334,842325.7217933333,1192410.0602133335,3108112.2,36469.066666666666,5919393.4,524854.6833533333,555788.9479933333,1369009.3333333333,46497.53333333333,0.0,0.0,0.0,0.0,136.0,164.8,221.92167162306666,222.30750169546667,14.133333333333333,921.3333333333334,141.68301507333334,253.78658436866667,80564.90646373334,0.0,0.0,0.3333333333333333,0.7333333333333333,0.0,0.0,0.0,0.3333333333333333,0.9333333333333333,159.67635716,113.12169312066666,189.72331889999998,0.0,0.0,0.0,0.0,0.0,0.0,7.133333333333334,839.0,7.733333333333333,1623.2,6007.2,41916.666666666664,3.933333333333333,16.266666666666666,118825.33333333333,918.9846753333334,120701.2,118448.13333333333,2273333.3333333335,16457.164119999998,2280000.0,2237124.0,15,0.0,0
2018-03-01 05:45:00,8719.5,6.625,1047991.5,52.25,132.25,948.625,1006.875,434.375,5.5,110.4625,157.198195175,626.375,7.5,73.85636499775,151.344901015,13334.3100808625,13652.19465008975,67773.5707094,119541.94497255,527674.25,165.625,1041796.25,167116.4011745,203331.81249255,603531.125,26927.0,984141.625,103410.37132205,126844.036895,500644.5,31521.125,0.0,0.0,0.0,0.0,98.5,2649.0,7152.6194226115,6499.575227536376,5.5,626.375,63.1504755175,125.887866355875,35383.97761241625,0.0,0.0,0.25,0.625,0.125,0.125,0.0,0.25,13.25,69.5379655275,110.4625,73.85636499775,0.0,0.0,0.0,0.0,0.0,0.0,52.25,948.625,132.25,1006.875,4238.0,32191.125,2.5,16.0,0.0,0.0,0.0,0.0,0.0,0.0,0.0,0.0,8,0.0,0
2018-03-01 08:16:00,3752.57481872116,12.418589321028346,22871615.63744232,6.985497692814766,7.576137112722479,384.46934739617666,5486.218852999341,151.12261041529334,24.783124588002636,46.48605296565985,40.371855628665784,409.61239288068555,59.4278180619644,184.3314653546737,136.59305408492747,360055.96604538907,22945.346752171783,949298.5957964878,1654357.3662295002,6598576.226763349,307838.11733684904,22633560.435728412,1563687.2034142776,2112330.304371816,6423940.120632828,314733.698747528,20945539.21555702,1255239.604922873,2023562.6350663006,6087352.11865524,15052.070533948583,0.04021094264996704,0.0,0.0,0.0,122.62096242584047,159.93935398813449,21055.056137484473,1888.4807423390562,23.928806855636125,418.3572841133817,113.06437022463415,139.13310258605406,57781.49431853742,0.0032959789057350032,0.04021094264996704,0.2907053394858273,0.3025708635464733,0.0942649967040211,0.012524719841793012,0.0,0.2907053394858273,0.7666446934739618,133.84908831829267,46.48605296565985,184.3314653546737,0.0,0.0,0.0,0.0,0.0,0.0,6.985497692814766,384.46934739617666,7.576137112722479,5486.218852999341,2853.1377719182597,1763.2056690837178,2.5207646671061306,12.748846407382993,564634.9555730125,250446.148675577,854547.497033619,407220.49307844427,6365537.7264265,162806.79447091997,6476408.925510877,6163330.878707976,1517,0.0,0
2018-03-01 08:17:00,8827.15705128205,9.544871794871796,16885084.82051282,4.391025641025641,3.5865384615384617,293.8173076923077,937.4423076923077,161.02564102564102,19.71474358974359,47.17163173317308,46.288337221666666,337.6121794871795,47.419871794871796,105.6580099484936,105.49568117833333,87229.27421030066,11577.231316304445,7073485.540335674,2568682.7221988463,10558094.317307692,5559985.439102564,16874275.958333332,9358613.8375142,1061154.768655568,10596692.102564102,8444922.336538462,10216715.560897436,3779889.0333621893,527652.8045620184,4510156.788461538,3290978.826923077,0.019230769230769232,0.0,0.0,0.0,86.8974358974359,72.98717948717949,7054.905772209503,4519.392236115895,19.509615384615383,361.0673076923077,71.44227575179487,102.72454408280448,30488.390229080607,0.00641025641025641,0.019230769230769232,0.25,0.40384615384615385,0.21794871794871795,0.08653846153846154,0.0,0.25,0.5384615384615384,87.80294808573719,47.17163173317308,105.6580099484936,0.0,0.0,0.0,0.0,0.0,0.0,4.391025641025641,293.8173076923077,3.5865384615384617,937.4423076923077,8938.102564102564,17906.1891025641,1.8878205128205128,15.743589743589743,114096.98140060897,6125.441567877884,126495.71474358975,111526.03205128205,10174312.712608974,72575.53565781814,10236364.432692308,10095554.560897436,312,0.0,0
2018-03-01 08:18:00,25433.284457478007,5.894428152492669,15310844.055718476,6.217008797653959,2.633431085043988,261.108504398827,294.9824046920821,135.53372434017595,2.2375366568914954,31.802400531609972,45.272336706744866,193.53372434017595,3.803519061583578,42.13616041463343,70.4832870768915,203843.25130692244,93131.1490837569,4545351.199853861,1211056.264800006,7126447.765395895,3787885.653958944,14956178.501466276,4965938.497696481,1066346.4932843933,7091901.131964809,4186392.1818181816,5045690.140762463,1058376.8950620529,232174.71025657628,1362790.0234604105,812521.9970674487,0.05571847507331378,0.0,0.0,0.0,79.57771260997067,61.12609970674487,72220.73894684316,20901.016672005495,1.2052785923753666,213.20527859237538,34.689086578504394,59.978987121296186,16348.200581288587,0.0,0.05571847507331378,0.07038123167155426,0.3020527859237537,0.6304985337243402,0.3020527859237537,0.0,0.07038123167155426,0.4046920821114369,37.99220806018182,31.802400531609972,42.13616041463343,0.0,0.0,0.0,0.0,0.0,0.0,6.217008797653959,261.108504398827,2.633431085043988,294.9824046920821,9333.26099706745,15907.609970674486,1.7008797653958945,19.026392961876834,1569235.0172575074,1186924.5913469142,2570539.6832844573,735678.9794721408,6504320.210167155,341440.530756494,6816426.686217009,6232358.882697947,341,0.0,0
2018-03-01 08:19:00,11023.47268907563,10.567226890756302,11172514.322478991,3.8529411764705883,3.168067226890756,253.38340336134453,1264.578781512605,126.40651260504201,16.236344537815125,38.69503592682353,36.777454286973736,257.7563025210084,37.378151260504204,99.68998807569328,85.42095159603991,590994.2060514127,82923.74173580974,2023037.253983561,1404557.0549883617,5441418.522058823,1390662.1176470588,11063435.828781513,2948353.613088539,1130668.2678793133,5429040.37920168,2348753.6838235296,9044214.850840336,1549637.8799490463,907698.652743639,3646565.1460084035,1048530.1344537815,0.15546218487394958,0.0,0.0,0.0,74.23529411764706,64.5672268907563,76828.21224427433,6083.993456179601,16.12079831932773,274.0682773109244,66.9549311462395,84.88831217496008,29358.393658798985,0.01365546218487395,0.15546218487394958,0.13655462184873948,0.21533613445378152,0.3560924369747899,0.07247899159663866,0.0,0.13655462184873948,0.5766806722689075,81.65999271943907,38.69503592682353,99.68998807569328,0.0,0.0,0.0,0.0,0.0,0.0,3.8529411764705883,253.38340336134453,3.168067226890756,1264.578781512605,3273.798319327731,5289.205882352941,1.536764705882353,14.932773109243698,33107.3474584874,31311.710392368583,94183.38445378152,17828.947478991595,4919563.444238446,142383.27117589817,5020639.415966387,4768578.927521008,952,0.0,0
2018-03-01 08:20:00,4845.95251396648,11.720670391061452,17197688.004189946,5.879888268156424,4.793296089385475,339.7039106145251,2380.1424581005585,160.62849162011173,25.037709497206706,49.4824402224581,43.834907819930166,353.56145251396646,51.24022346368715,143.6953726406201,119.52909607752514,261031.48550343252,20542.480322795414,2877435.7322483733,1146650.7098686702,6216072.432960894,2312149.350558659,17013467.625698324,3252291.21855825,1386900.0798277832,6129804.159217877,2328451.2416201117,11364462.909217877,839435.6017071927,972752.3758487712,3035785.5712290504,182319.53910614524,0.0335195530726257,0.0,0.0,0.0,90.52513966480447,101.05027932960894,17749.31056719417,2793.169756102803,24.678770949720672,368.7527932960894,93.23033278765362,116.32209627206144,44366.44067519338,0.002793296089385475,0.0335195530726257,0.19273743016759776,0.30307262569832405,0.12011173184357542,0.01675977653631285,0.0,0.19273743016759776,0.6801675977653632,112.01338170044973,49.4824402224581,143.6953726406201,0.0,0.0,0.0,0.0,0.0,0.0,5.879888268156424,339.7039106145251,4.793296089385475,2380.1424581005585,4196.300279329609,6429.7988826815645,2.0349162011173183,12.955307262569832,922122.385710014,493706.58802607306,1362441.8589385475,582976.6298882682,5513290.164203911,358317.8478431434,5863981.315642458,5169572.360335195,716,0.0,0
2018-03-01 08:21:00,5257.242917847026,12.524079320113314,13793651.826487252,4.472379603399434,4.4043909348441925,276.79603399433427,1973.723087818697,128.46388101983004,23.28824362606232,43.730317365283284,35.92141638491785,334.52903682719545,57.7542492917847,146.33300094073655,112.88291698899292,352110.5017965578,22085.380637621085,1608971.420552789,1461834.4806133343,5792519.975212465,997391.1458923513,13593696.003541077,2390798.9972411203,1412978.0085018703,5671847.894475921,1622886.0205382437,12015667.829320114,1395015.7173310488,1244395.2261638725,4397442.694759207,680924.4957507083,0.046742209631728045,0.0,0.0,0.0,83.10198300283287,88.72804532577904,19396.857044150594,2684.6346750574985,23.242917847025495,343.9603399433428,87.83537278338527,111.9212037898449,42450.98188633314,0.007082152974504249,0.046742209631728045,0.20538243626062322,0.24929178470254956,0.14022662889518414,0.0226628895184136,0.0,0.20538243626062322,0.7294617563739377,107.01759739541785,43.730317365283284,146.33300094073655,0.0,0.0,0.0,0.0,0.0,0.0,4.472379603399434,276.79603399433427,4.4043909348441925,1973.723087818697,3140.292492917847,2564.6968838526914,1.7995750708215297,12.742209631728045,120910.30938315864,47788.54258181445,198228.9419263456,94816.70254957507,5377771.391758499,130693.65797987329,5473175.941926345,5232412.509206799,1412,0.0,0
2018-03-01 08:22:00,11156.30823117338,9.558669001751314,15176919.315236427,5.856392294220665,4.935201401050788,303.63747810858143,3176.486865148862,148.01751313485113,17.03677758318739,42.59551281794571,43.817049280175134,289.6059544658494,34.809106830122595,106.55936016047285,98.2691670139352,751089.0813557705,83436.21126827967,3180818.40774334,1063586.758983158,5987230.6374781085,2635223.360770578,15046906.99474606,3600307.6433895626,1205041.3282881822,5933402.698774081,2755930.8248686516,9558043.901926445,829036.6293729369,838561.1916402726,2549701.891418564,223659.79334500874,0.08231173380035026,0.0,0.0,0.0,96.47635726795096,103.64973730297723,76827.89568184204,6601.103039456661,17.03677758318739,312.3415061295972,73.94902533051314,96.91139253459019,34683.05516103256,0.012259194395796848,0.08231173380035026,0.1628721541155867,0.29772329246935203,0.3257443082311734,0.06830122591943957,0.0,0.1628721541155867,0.5183887915936952,87.23092860464098,42.59551281794571,106.55936016047285,0.0,0.0,0.0,0.0,0.0,0.0,5.856392294220665,303.63747810858143,4.935201401050788,3176.486865148862,4958.800350262697,6714.283712784589,1.882661996497373,15.439579684763572,751859.7484800174,335335.39128085884,1052679.0192644484,519606.6935201401,5522663.238478108,247945.31517438253,5778074.192644483,5248579.148861647,571,0.0,0
2018-03-01 08:23:00,14019.62015503876,9.049095607235142,14545058.028423773,4.4728682170542635,2.1808785529715764,240.87855297157623,287.53229974160206,118.78811369509044,15.180878552971576,36.89576315191214,34.52342255120155,170.36692506459949,28.149870801033593,56.67006667521964,51.60685221118863,122341.92047253436,57873.20278008163,5251997.10647017,2203502.623112977,8913871.041343668,4018788.9328165376,14540879.087855298,6958338.626962273,1081492.2607077695,8946970.919896642,6264538.3591731265,6348064.496124031,2901569.659659948,379832.47434080724,3641777.490956072,2646931.3746770024,0.08785529715762273,0.0,0.0,0.0,64.08268733850129,43.60723514211886,46781.007308738735,11086.283378468745,15.178294573643411,195.8811369509044,45.80706464336693,54.50139751096382,13486.890509771907,0.00516795865633075,0.08785529715762273,0.07493540051679587,0.23772609819121446,0.4160206718346253,0.12919896640826872,0.0,0.07493540051679587,0.49612403100775193,55.994764176829456,36.89576315191214,56.67006667521964,0.0,0.0,0.0,0.0,0.0,0.0,4.4728682170542635,240.87855297157623,2.1808785529715764,287.53229974160206,4895.111111111111,8225.829457364342,1.3204134366925064,15.824289405684755,816827.9100902325,505104.1684100001,1175674.5064599484,455244.28940568474,8345019.9920335915,261745.92396258493,8637530.400516795,8132951.689922481,387,0.0,0
2018-03-01 08:24:00,8360.493603411514,10.695095948827293,17356539.01172708,5.427505330490405,4.816631130063966,320.7761194029851,2405.4893390191896,150.33262260127933,19.529850746268657,42.904105478164176,42.287340222072494,313.43283582089555,44.07356076759062,123.34753116392643,103.31672163299466,445288.57080655044,47682.96176210526,2182030.511040789,1335445.4973472313,6047984.747334755,1576298.3400852878,17098370.81663113,2669939.4843692724,1574029.5298738203,5900540.978678038,1654687.1599147122,14062947.939232409,1025060.8872133689,1319643.0806715568,3949797.0330490405,157000.62686567163,0.09488272921108742,0.0,0.0,0.0,98.50319829424308,102.38805970149254,36388.56554348877,11289.517795988078,19.26226012793177,333.38486140724945,80.28640105527612,103.98534258927613,38084.2619165423,0.0031982942430703624,0.09488272921108742,0.21428571428571427,0.2889125799573561,0.2579957356076759,0.050106609808102345,0.0,0.21428571428571427,0.5980810234541578,95.81853936622282,42.904105478164176,123.34753116392643,0.0,0.0,0.0,0.0,0.0,0.0,5.427505330490405,320.7761194029851,4.816631130063966,2405.4893390191896,4114.615138592751,4535.19829424307,2.14498933901919,14.597014925373134,401978.46335517056,232022.60477086843,637768.9424307037,248537.1407249467,5622748.106851812,168827.7105254531,5782957.334754798,5432976.7782515995,938,0.0,0
2018-03-01 08:25:00,6237.094512195122,10.550304878048781,21268125.12804878,6.867378048780488,6.498475609756097,417.797256097561,3861.297256097561,167.7393292682927,19.353658536585368,48.06989946835518,49.22680462856707,387.9283536585366,41.6875,138.795484885936,132.47234548176678,198687.1523862229,20433.186348070052,2970998.4802180175,2012933.614161582,9187970.222560976,2115817.56097561,21124787.336890243,3912185.088026494,2162567.6114164847,9126670.856707318,2741794.201219512,16413027.981707318,1811500.6459112025,1821012.3717035502,6522035.167682927,835439.4832317074,0.054878048780487805,0.0,0.0,0.0,118.0,135.1890243902439,17322.71852511335,3110.467822871142,19.352134146341463,404.9801829268293,90.01673683655488,123.61975708297561,46062.107606084,0.007621951219512195,0.054878048780487805,0.29115853658536583,0.37652439024390244,0.17073170731707318,0.03048780487804878,0.0,0.29115853658536583,0.6189024390243902,105.23596391809757,48.06989946835518,138.795484885936,0.0,0.0,0.0,0.0,0.0,0.0,6.867378048780488,417.797256097561,6.498475609756097,3861.297256097561,5130.684451219512,6143.634146341464,2.3917682926829267,14.829268292682928,935744.6213940396,312507.9651773287,1274886.3216463414,734572.7210365854,8566277.34806555,358353.45184460486,8980570.666158536,8278331.721036585,656,0.0,0
2018-03-01 08:26:00,8931.005424954792,8.10759493670886,10416127.752260398,88.25406871609404,220.79023508137433,757.1130198915009,314869.952079566,320.51627486437616,9.835443037974683,86.64409543999096,126.66545925571971,307.8137432188065,23.877034358047016,148.08208579994576,114.03429029751085,142589.2650339461,23846.681122551403,1731757.9337788164,1258980.068790598,6827666.090415914,1237370.191681736,10305143.231464738,2301231.216455769,1312596.3106390538,6779369.7920434,1713453.3851717901,5395360.065099457,846895.2076788556,548785.8152150696,2315151.895117541,520128.678119349,0.022603978300180832,0.0,0.0,0.0,1962.8028933092223,4420.448462929476,20127.27488344175,3716.923801306509,9.835443037974683,488.0895117540687,119.41646075467449,167.36619556434087,75226.87107813732,0.0009041591320072332,0.022603978300180832,0.3553345388788427,0.40415913200723325,0.3553345388788427,0.11844484629294756,0.0,0.3553345388788427,0.5831826401446655,131.59292412890596,86.64409543999096,148.08208579994576,0.0,0.0,0.0,0.0,0.0,0.0,88.25406871609404,757.1130198915009,220.79023508137433,314909.67721518985,7047.329113924051,5605.949367088608,1.8824593128390597,16.95117540687161,124456.13780403255,43561.90903670977,175357.17902350813,97413.45027124774,3869564.7396573233,195449.89165236428,4037995.8598553347,3693165.4927667268,1106,0.0,0
2018-03-01 08:27:00,8582.200696055685,10.382830626450117,18276970.773781903,13.61368909512761,21.179814385150813,329.0034802784223,25883.07192575406,145.27610208816705,18.394431554524363,43.164918625076574,43.20858935460673,304.9292343387471,44.46287703016241,124.89817257287703,100.48615290023317,305924.16922164254,44683.535897433205,2313601.9962734687,1577635.5446287752,6737882.302784223,1606889.7320185616,17883786.12412993,2822849.959994857,1875119.6973134473,6456348.650812065,1633655.216937355,12665422.75986079,1006224.9116073649,1167933.6815012973,3388269.634570766,225000.42111368908,0.08932714617169374,0.0,0.0,0.0,251.04872389791183,430.75638051044086,39766.27563423515,4913.013432141578,18.129930394431554,328.9895591647332,81.89498901393505,105.52414981403017,39260.239346388924,0.010440835266821345,0.08932714617169374,0.2099767981438515,0.2900232018561485,0.26102088167053367,0.06264501160092807,0.0,0.2099767981438515,0.6067285382830626,97.09961676163573,43.164918625076574,124.89817257287703,0.0,0.0,0.0,0.0,0.0,0.0,13.61368909512761,329.0034802784223,21.179814385150813,25841.524361948956,4008.3967517401393,4017.2227378190255,2.089327146171694,14.821345707656613,697299.9998205685,366899.3335230693,1049628.69837587,445499.1647331787,5524855.044953596,157263.64477817327,5678899.944315545,5350793.553364269,862,0.0,0
2018-03-01 08:28:00,15517.437647058823,7.776470588235294,12679633.143529411,4.529411764705882,3.2,389.70588235294116,772.4470588235295,166.5364705882353,11.774117647058823,44.620979435498825,53.34777159597882,266.43529411764706,21.630588235294116,85.72891657028237,93.17781854096471,621836.221325722,74024.68548307654,3992201.197540228,1114051.435329546,6796829.842352942,3468458.7294117645,12546934.545882354,4274795.951855318,1281667.3269749521,6737665.17882353,3506081.9811764704,6112662.847058823,640950.4660172235,633313.1834025019,1788004.865882353,198698.5223529412,0.17882352941176471,0.0,0.0,0.0,86.01411764705882,68.37647058823529,66070.89466302974,7939.793763121286,9.729411764705882,300.7011764705882,64.91202415482353,92.0986376266447,31030.233469852912,0.02823529411764706,0.17882352941176471,0.13176470588235295,0.2988235294117647,0.4894117647058824,0.13411764705882354,0.0,0.13176470588235295,0.44,75.66299581210353,44.620979435498825,85.72891657028237,0.0,0.0,0.0,0.0,0.0,0.0,4.529411764705882,389.70588235294116,3.2,772.4470588235295,5134.362352941176,8729.585882352942,1.748235294117647,17.863529411764706,414408.59873604705,107815.43358232235,506408.02117647056,340804.5294117647,5527437.158216471,149905.7976490753,5692698.64,5366593.828235294,425,0.0,0
2018-03-01 08:29:00,9805.119047619048,10.510204081632653,20452454.602040816,6.26360544217687,5.1020408163265305,411.7057823129252,2056.1921768707484,158.19387755102042,19.88095238095238,45.858466845833334,45.0329217927466,310.9608843537415,40.515306122448976,119.78877078543198,103.6909558735136,385572.82408158266,48221.632293760835,3180101.6526571303,1613612.9166530806,8948937.382653061,2538817.9455782315,20310175.92857143,3683580.6021464486,2090930.5165824331,8966788.215986395,2565345.1785714286,13606051.763605442,1108884.6453752704,1581019.8570301102,5305501.636054422,225421.67517006802,0.07142857142857142,0.0,0.0,0.0,95.5578231292517,104.26530612244898,41856.894057594945,6358.512439329371,19.746598639455783,337.44557823129253,80.6915278447449,104.45442800987585,38693.977846046175,0.00510204081632653,0.07142857142857142,0.1921768707482993,0.282312925170068,0.25170068027210885,0.07312925170068027,0.0,0.1921768707482993,0.6360544217687075,95.4227826167551,45.858466845833334,119.78877078543198,0.0,0.0,0.0,0.0,0.0,0.0,6.26360544217687,411.7057823129252,5.1020408163265305,2056.1921768707484,4306.829931972789,4561.7874149659865,2.0697278911564627,14.231292517006803,1033089.8041773299,673753.9940753231,1623048.2670068026,565833.7993197279,7946063.399142858,782931.6958080824,8595664.846938776,7301290.899659864,588,0.0,0
2018-03-01 08:30:00,6562.227923627685,10.869928400954654,18925806.156324584,5.64200477326969,5.631264916467781,466.70763723150355,3121.5727923627687,163.62410501193318,20.58472553699284,49.429878215813844,47.744671505059664,343.5787589498807,42.98448687350835,126.89296516761337,115.19519242842482,284510.5498926141,24090.256881391557,2377797.7065040134,1560580.0526353505,7117133.274463007,1720859.7255369928,18684420.336515512,2900803.361851051,1950479.9462173788,6991922.57398568,1754471.8198090692,15583150.98568019,1124050.8052014129,1703292.4332563991,4893502.403341289,125068.78878281623,0.07159904534606205,0.0,0.0,0.0,108.83054892601432,117.79474940334129,21510.317520521883,2574.4787869121537,20.299522673031028,370.76610978520284,86.13554735952268,113.45067730181623,41456.60844858804,0.022673031026252982,0.07159904534606205,0.24821002386634844,0.3198090692124105,0.2016706443914081,0.025059665871121718,0.0,0.24821002386634844,0.6348448687350835,102.24942663646777,49.429878215813844,126.89296516761337,0.0,0.0,0.0,0.0,0.0,0.0,5.64200477326969,466.70763723150355,5.631264916467781,3121.5727923627687,4568.822195704057,3957.282816229117,2.2935560859188544,14.663484486873509,251335.65102254177,84716.96142226744,368273.3890214797,199467.21002386636,6681148.57425179,204414.98251487192,6873692.706443914,6418504.472553699,838,0.0,0
2018-03-01 08:31:00,9445.698305084747,8.467796610169492,21896949.67118644,6.762711864406779,3.6440677966101696,535.0576271186441,478.5966101694915,173.39322033898304,14.633898305084745,49.046318450783055,53.86039826111186,203.80677966101695,29.138983050847457,60.875072890271184,61.23261504847458,119336.32802864713,36368.894675235606,6092651.432600621,1744646.0553102628,9813828.694915254,5137114.8033898305,21767848.362711865,6539097.044809491,1897486.6128263397,9791025.376271186,5206797.766101695,8449861.52881356,992523.7135586439,551717.0499011726,1715598.2169491525,404750.41694915254,0.1152542372881356,0.0,0.0,0.0,89.00338983050847,76.33898305084746,32861.80895455783,3503.9833742859287,14.376271186440677,249.67118644067796,53.103299980437285,69.45467336290169,17511.146583886442,0.013559322033898305,0.1152542372881356,0.13220338983050847,0.30847457627118646,0.36271186440677966,0.0576271186440678,0.0,0.13220338983050847,0.45084745762711864,63.986661349176266,49.046318450783055,60.875072890271184,0.0,0.0,0.0,0.0,0.0,0.0,6.762711864406779,535.0576271186441,3.6440677966101696,478.5966101694915,6568.518644067796,9822.35593220339,1.9389830508474577,16.040677966101693,1695091.6755969492,1176851.709631644,2799723.6677966104,886521.1491525423,9125636.59802034,513309.0046390302,9620464.108474577,8659707.572881356,295,0.0,0
2018-03-01 08:32:00,13151.067708333334,9.34375,16483009.293402778,4.571180555555555,3.7934027777777777,278.66319444444446,1500.3854166666667,136.80902777777777,14.48263888888889,38.18888473017361,40.27471305611979,281.36284722222223,35.375,106.5253475899132,95.90872394398785,539446.8542456834,90190.35908468459,3877319.0768552846,1381517.0964844031,7997468.282986111,3329295.378472222,16332138.477430556,4384429.3844350325,1794597.3734172685,7934504.418402778,3377212.736111111,10964733.227430556,994205.8688814914,1393506.740341114,3972217.9930555555,205656.22569444444,0.11805555555555555,0.0,0.0,0.0,86.40972222222223,79.30555555555556,84197.510917671,5981.726040496382,14.48263888888889,307.96180555555554,70.7807366117882,96.80416813713889,35347.371974557434,0.019097222222222224,0.11805555555555555,0.1840277777777778,0.2708333333333333,0.3576388888888889,0.06770833333333333,0.0,0.1840277777777778,0.5190972222222222,83.68223217651041,38.18888473017361,106.5253475899132,0.0,0.0,0.0,0.0,0.0,0.0,4.571180555555555,278.66319444444446,3.7934027777777777,1500.3854166666667,4896.755208333333,5260.571180555556,1.7881944444444444,15.458333333333334,104499.79107496528,45102.83077367635,151254.39756944444,73668.36458333333,7377370.246317709,75651.03681926645,7445778.720486111,7283629.440972222,576,0.0,0
2018-03-01 08:33:00,8334.126279863482,9.738907849829351,19406224.641638227,7.247440273037543,7.6552901023890785,668.8805460750854,5532.092150170649,199.16382252559728,18.242320819112628,60.50294975274915,65.22074618990445,285.5255972696246,35.419795221843,110.69130688383959,96.7278678200768,518972.54467115295,47459.62012305366,3091656.1491560736,1450520.0983956307,7691738.310580205,2454645.9573378838,19132677.20989761,3549714.4485773994,1772820.1867811263,7536878.587030717,2494714.43003413,13783109.039249146,1153997.1212943874,1461251.4374506108,4417283.771331058,269704.55460750853,0.06996587030716724,0.0,0.0,0.0,125.4061433447099,158.79863481228668,43116.880393061416,4338.054445976478,18.03071672354949,355.42320819112626,86.08040096926793,111.1026734427355,41328.7002415022,0.011945392491467578,0.06996587030716724,0.21331058020477817,0.3310580204778157,0.27986348122866894,0.051194539249146756,0.0,0.21331058020477817,0.5750853242320819,100.16952154685836,60.50294975274915,110.69130688383959,0.0,0.0,0.0,0.0,0.0,0.0,7.247440273037543,668.8805460750854,7.6552901023890785,5532.092150170649,5445.269624573379,5694.09385665529,2.3088737201365186,15.276450511945393,777387.6786943345,477420.12605234544,1184216.5409556313,449483.23208191124,6884321.462336177,285278.8267232983,7167029.916382252,6575679.706484642,586,0.0,0
2018-03-01 08:34:00,8027.374396135266,10.183574879227054,22487742.36231884,6.473429951690822,6.195652173913044,442.65942028985506,3537.8937198067633,182.05797101449275,21.756038647342994,52.69468651200241,52.862035408362324,316.219806763285,40.6207729468599,116.01893188089372,102.74525237939613,568332.6288021519,26405.329412585575,4614162.88998886,1678394.82498294,9475958.913043479,3831762.053140097,22111795.739130434,5121406.732220121,1975810.482288413,9318800.38405797,3940775.072463768,14764039.603864735,1312098.7236577296,1448596.9543533165,4776968.446859904,478525.7415458937,0.06280193236714976,0.0,0.0,0.0,115.6231884057971,128.94685990338164,18782.619481866463,7618.288712298285,19.157004830917874,349.9323671497585,83.2987614414082,107.69498893982124,37888.607540998404,0.004830917874396135,0.06280193236714976,0.1932367149758454,0.3333333333333333,0.23671497584541062,0.05555555555555555,0.0,0.1932367149758454,0.5966183574879227,99.31965166077295,52.69468651200241,116.01893188089372,0.0,0.0,0.0,0.0,0.0,0.0,6.473429951690822,442.65942028985506,6.195652173913044,3537.8937198067633,5472.562801932367,7362.584541062802,2.359903381642512,15.207729468599034,579770.1224920773,355871.47604479775,893752.9951690821,341415.5531400966,8885562.121671498,276059.5158040751,9165779.669082126,8582232.908212561,414,0.0,0
2018-03-01 08:35:00,10918.666666666666,9.054263565891473,21089020.45994832,6.253229974160207,5.056847545219639,528.9095607235142,1828.7235142118864,182.23772609819122,15.175710594315245,48.85965028921706,54.8586140064186,277.76485788113695,31.695090439276484,97.88042776330748,92.45422289180878,688009.1894321833,62949.3999755875,4514775.21467727,1232387.4042925509,7793629.9741602065,3898938.801033592,20951525.527131785,4982276.329706098,1482225.6376519497,7762656.157622739,3935444.1291989665,13625983.757105943,1213125.2648111111,1143438.6925885377,3334010.2403100776,386881.1472868217,0.1111111111111111,0.0,0.0,0.0,106.89405684754522,109.19896640826873,58949.124509074114,3995.5457916084106,14.75968992248062,320.83720930232556,72.88177179247288,97.10136044696382,33537.939963481884,0.015503875968992248,0.1111111111111111,0.165374677002584,0.31266149870801035,0.35400516795865633,0.06201550387596899,0.0,0.165374677002584,0.4935400516795866,84.87047002092766,48.85965028921706,97.88042776330748,0.0,0.0,0.0,0.0,0.0,0.0,6.253229974160207,528.9095607235142,5.056847545219639,1828.7235142118864,5553.780361757106,8808.111111111111,2.4263565891472867,16.175710594315245,628936.1918501292,585117.1205281636,1140570.30749354,213355.3023255814,7254111.478702842,374109.4868482299,7572241.5374677,6797550.07751938,387,0.0,0
2018-03-01 08:36:00,7434.344230769231,10.236538461538462,18685561.525,5.6365384615384615,4.321153846153846,402.55192307692306,1279.9442307692307,174.66923076923078,20.028846153846153,48.56382430945577,50.564699991057694,336.6730769230769,47.91153846153846,123.21712030915384,109.71385649653847,176531.34210063046,37288.5665963503,3794914.192747131,1333236.6327273527,7073474.336538462,3109958.0865384615,18470203.915384617,4274525.451753917,1532308.0288174232,6956804.228846154,3160792.6134615387,12322539.89423077,1180195.461909277,1072017.9963361677,3172258.5038461536,403746.1192307692,0.08076923076923077,0.0,0.0,0.0,93.77692307692308,91.86153846153846,34273.31193742281,3009.0947115406057,19.851923076923075,362.5846153846154,80.97989629530385,109.71895654554807,37675.78200384183,0.007692307692307693,0.08076923076923077,0.225,0.33653846153846156,0.2230769230769231,0.023076923076923078,0.0,0.225,0.5423076923076923,97.13617506859615,48.56382430945577,123.21712030915384,0.0,0.0,0.0,0.0,0.0,0.0,5.6365384615384615,402.55192307692306,4.321153846153846,1279.9442307692307,5892.007692307692,7752.834615384615,2.105769230769231,14.807692307692308,646621.7385152308,242553.61908667322,842980.5442307693,477596.3153846154,6614398.348476923,207495.6610008581,6840334.401923077,6379662.186538462,520,0.0,0
2018-03-01 08:37:00,11077.54858299595,9.582995951417004,13799779.329959514,5.119433198380567,4.394736842105263,427.39676113360326,1779.7732793522266,158.49392712550608,17.761133603238868,47.92018623040486,47.3477802282996,248.88663967611336,37.455465587044536,86.7361951938259,78.17109986127531,643722.9999941662,66094.04278666443,3698586.719638858,910857.9739604872,5980900.785425101,3213589.5829959516,13683649.965587044,4059592.2832937245,939129.2375395098,5921259.261133603,3375871.04048583,8182514.41902834,1033163.9870576316,671460.971816114,2441824.402834008,505386.5425101215,0.09919028340080972,0.0,0.0,0.0,93.87044534412955,89.4412955465587,59889.49906682751,6198.059565845555,17.524291497975707,280.69028340080973,64.22690755815789,82.15694521862956,23758.136823175853,0.008097165991902834,0.09919028340080972,0.16396761133603238,0.34210526315789475,0.2874493927125506,0.05263157894736842,0.0,0.16396761133603238,0.5344129554655871,78.390479723583,47.92018623040486,86.7361951938259,0.0,0.0,0.0,0.0,0.0,0.0,5.119433198380567,427.39676113360326,4.394736842105263,1779.7732793522266,5449.317813765182,8927.76923076923,1.8238866396761133,15.94331983805668,317676.1955403441,176100.97364935375,470364.4210526316,194897.6032388664,5539816.689987854,250900.1946205429,5758254.279352226,5307314.94534413,494,0.0,0
2018-03-01 08:38:00,10869.923076923076,8.567765567765568,19145480.9010989,6.534798534798535,3.706959706959707,468.5201465201465,567.9413919413919,189.36630036630038,17.703296703296704,52.29442217904762,57.364524823809525,251.95970695970695,35.15018315018315,75.31421073274726,76.45739810959707,150065.28678659024,30910.28965270043,6362702.962101598,1239119.7208585278,8488676.402930403,5553981.424908425,18810029.446886446,6625569.307757143,1058434.2414613662,8194067.820512821,5740516.637362638,6627046.706959707,1304467.0646493407,304348.3349954325,1652512.7912087913,975974.673992674,0.07326007326007326,0.0,0.0,0.0,85.56776556776556,76.65934065934066,23733.01894601567,7170.566002751689,17.703296703296704,290.1904761904762,61.53930789968132,80.96623624905128,20882.798861468462,0.0,0.07326007326007326,0.08424908424908426,0.358974358974359,0.31135531135531136,0.0695970695970696,0.0,0.08424908424908426,0.48717948717948717,74.6146695078022,52.29442217904762,75.31421073274726,0.0,0.0,0.0,0.0,0.0,0.0,6.534798534798535,468.5201465201465,3.706959706959707,567.9413919413919,7611.589743589743,12897.794871794871,1.8058608058608059,15.80952380952381,1383828.6703806226,1012705.8853417945,2161317.4652014654,673173.956043956,7834608.845435897,347132.2914531069,8203179.384615385,7478040.102564103,273,0.0,0
2018-03-01 08:39:00,5288.970548862115,11.184738955823294,21592255.037483267,5.816599732262383,5.784471218206158,455.0227576974565,2628.259705488621,184.89156626506025,21.275769745649264,51.966503778886214,53.44304574282464,382.21017402945114,51.37483266398929,153.0471669985676,130.02794643227577,191588.97528312172,25613.67770946346,2500829.198219161,1784861.5203940622,8096175.888888889,1804757.9732262383,21283005.819277108,3072687.992528853,2225926.90472542,7838742.220883534,1822776.4471218206,18149565.095046856,1372484.290048269,2003249.588402142,5865828.925033467,260730.99866131193,0.0535475234270415,0.0,0.0,0.0,109.87951807228916,121.49933065595717,23425.344389974165,2184.6578488853497,21.17135207496653,410.47255689424367,98.40113096445515,131.02865930272424,50812.356910559225,0.004016064257028112,0.0535475234270415,0.23828647925033467,0.3386880856760375,0.16733601070950468,0.0214190093708166,0.0,0.23828647925033467,0.6572958500669344,115.56431666375101,51.966503778886214,153.0471669985676,0.0,0.0,0.0,0.0,0.0,0.0,5.816599732262383,455.0227576974565,5.784471218206158,2628.259705488621,4405.611780455154,4625.84203480589,2.5622489959839356,14.157965194109773,144597.4128418648,120004.03677038425,289332.9518072289,67776.61178045515,7676154.53260241,192058.32155868888,7846461.425702811,7448104.390896921,747,0.0,0
2018-03-01 08:40:00,7679.060532687651,10.012106537530267,20591821.789346248,6.065375302663438,4.062953995157385,456.69249394673125,863.0121065375303,159.79903147699758,19.46489104116223,48.16698666086441,47.57382452795157,259.51089588377727,45.276029055690074,97.44391487355932,79.64556887203389,140986.70749457538,22903.47148628682,4917104.757423632,1301890.6896481835,8505296.857142856,4278472.428571428,20586173.694915254,5449510.837015981,1532842.0490007098,8527697.743341405,4400171.191283293,11599671.966101695,1245530.8924266247,1133473.6445624188,3358934.02905569,458627.97094430996,0.053268765133171914,0.0,0.0,0.0,90.39225181598063,84.26150121065375,20239.797951395933,2660.3495925604043,19.37046004842615,297.4963680387409,67.64293999016223,87.61272946409201,24901.963893063534,0.004842615012106538,0.053268765133171914,0.19612590799031476,0.34624697336561744,0.21307506053268765,0.03389830508474576,0.0,0.19612590799031476,0.5108958837772397,82.99865820077241,48.16698666086441,97.44391487355932,0.0,0.0,0.0,0.0,0.0,0.0,6.065375302663438,456.69249394673125,4.062953995157385,863.0121065375303,5879.753026634383,6526.709443099274,1.9467312348668282,14.721549636803875,881799.9995598063,462097.8151604121,1219808.8232445521,556998.966101695,7981621.668687652,260532.36851189614,8196047.411622276,7699561.900726392,413,0.0,0
2018-03-01 08:41:00,12221.844783715012,9.585241730279899,20410200.264631044,5.519083969465649,4.32824427480916,502.85496183206106,703.5572519083969,185.03053435114504,20.39440203562341,52.74605275007634,54.6900847913486,266.1501272264631,38.13994910941476,83.24989474137405,81.49036670765904,335392.25739053823,51241.85789122623,4328443.04260602,1420825.9963262274,7705221.829516539,3593968.127226463,20203190.631043255,4819602.905036641,1709966.6252432112,7732373.539440203,3608343.5750636132,13311527.427480916,1212995.9502139948,1314438.1450459312,3309197.5394402035,206151.57506361324,0.05597964376590331,0.0,0.0,0.0,96.87531806615776,91.03307888040712,46523.53715861864,4715.991999714341,20.195928753180663,307.8651399491094,65.73120452798982,86.2827387752392,23302.49876933056,0.002544529262086514,0.05597964376590331,0.14249363867684478,0.33078880407124683,0.30788804071246817,0.04834605597964377,0.0,0.14249363867684478,0.49363867684478374,79.35164595020356,52.74605275007634,83.24989474137405,0.0,0.0,0.0,0.0,0.0,0.0,5.519083969465649,502.85496183206106,4.32824427480916,703.5572519083969,5439.063613231552,8239.791348600509,2.295165394402036,15.592875318066158,603492.357855598,161828.47085403785,782100.582697201,492750.572519084,7106322.794435114,327556.68236036843,7450962.338422392,6776384.921119593,393,0.0,0
2018-03-01 08:42:00,11094.273706896553,9.612068965517242,13283974.935344828,5.256465517241379,3.4202586206896552,381.4590517241379,821.9439655172414,146.5280172413793,17.594827586206897,45.67788823655172,44.0099541237737,215.72413793103448,38.383620689655174,85.62399509581897,68.2009725451293,457515.87184542173,67565.93726661426,3687993.112382205,788285.8476009808,5375495.857758621,3203360.015086207,13283910.674568966,3995436.414127657,833681.3804400777,5397506.698275862,3303415.2370689656,6365158.698275862,727763.9974220409,353347.88354718446,1276940.709051724,367400.4806034483,0.125,0.0,0.0,0.0,79.59482758620689,68.90517241379311,61566.0858442557,5995.9066291151275,17.510775862068964,246.09913793103448,62.92574351549569,76.07306425035776,22913.646378742378,0.008620689655172414,0.125,0.10560344827586207,0.2672413793103448,0.35560344827586204,0.07327586206896551,0.0,0.10560344827586207,0.5021551724137931,76.96675995061852,45.67788823655172,85.62399509581897,0.0,0.0,0.0,0.0,0.0,0.0,5.256465517241379,381.4590517241379,3.4202586206896552,821.9439655172414,5374.441810344828,8574.387931034482,1.646551724137931,15.370689655172415,1022337.7616429095,404855.5144565956,1359359.4288793104,746025.0969827586,4801495.937575431,341714.1562025681,5091264.297413793,4453601.349137931,464,0.0,0
2018-03-01 08:43:00,7956.286833855799,10.108150470219435,20454587.663009405,6.25705329153605,5.763322884012539,448.27272727272725,2635.368338557994,184.88871473354232,17.396551724137932,48.60602429418966,54.51044208211598,370.9717868338558,44.62068965517241,141.37724862200625,124.63897051681818,321069.6621789424,31273.288040469055,3377495.386323814,1530814.603729065,8028533.271159874,2692353.669278997,20335948.75862069,3958651.984918813,1762960.0483141385,7944965.333855799,2870603.263322884,14245965.285266457,1375447.454778956,1430184.159245489,4935163.996865204,521004.0909090909,0.08620689655172414,0.0,0.0,0.0,114.89028213166144,120.77115987460814,26966.55459546442,4301.712798394951,17.396551724137932,395.5846394984326,91.45241172962852,124.30674818456113,46379.78045690744,0.0,0.08620689655172414,0.25705329153605017,0.3620689655172414,0.22570532915360503,0.05642633228840126,0.0,0.25705329153605017,0.5721003134796239,107.11007514708464,48.60602429418966,141.37724862200625,0.0,0.0,0.0,0.0,0.0,0.0,6.25705329153605,448.27272727272725,5.763322884012539,2635.368338557994,5209.559561128527,7582.777429467084,2.40282131661442,15.241379310344827,435262.21369583067,317002.2300502869,697934.5172413794,212645.53605015675,7106600.434695926,883009.335493421,7780865.713166144,6417285.161442006,638,0.0,0
2018-03-01 08:44:00,6147.032994923858,10.15989847715736,13996883.04822335,5.395939086294416,3.682741116751269,392.4086294416244,872.8096446700507,199.3502538071066,21.65228426395939,57.239362113774106,61.122278696642134,346.3781725888325,42.49746192893401,116.44759439205585,116.07446798272842,473914.338198732,23893.56459633335,4265655.17910973,1251778.136382474,7770279.512690355,3581470.1015228424,13778887.393401016,4651972.527716701,1343500.0090388244,7641122.436548224,3763369.2893401016,6167767.426395939,999540.990390703,850056.8192429526,3079560.609137056,497873.53807106597,0.0532994923857868,0.0,0.0,0.0,87.64467005076142,75.44162436548223,13558.870153950718,10332.371619634812,21.35786802030457,381.38832487309645,82.89780637104062,113.12490614988072,36512.85241344649,0.0025380710659898475,0.0532994923857868,0.23857868020304568,0.383248730964467,0.20050761421319796,0.027918781725888325,0.0,0.23857868020304568,0.5634517766497462,98.91750169292894,57.239362113774106,116.44759439205585,0.0,0.0,0.0,0.0,0.0,0.0,5.395939086294416,392.4086294416244,3.682741116751269,872.8096446700507,6259.662436548223,9925.022842639593,1.9086294416243654,15.16751269035533,555650.0122068528,401681.2431318378,930655.5786802031,281094.692893401,6351050.535799492,1262178.5332567021,7502758.406091371,5392940.279187817,394,0.0,0
2018-03-01 08:45:00,6415.396965865993,10.948166877370417,15874166.829329962,6.959544879898862,8.302149178255373,371.43109987357775,7334.164348925411,175.25790139064475,23.088495575221238,53.23584382735525,52.28948424209608,328.41845764854617,48.86093552465234,149.83202912520858,107.4284526564349,177942.86150978744,18165.82365331,2413620.1071601906,935862.6406756493,4858369.501896334,1921697.9595448799,15721875.462705435,2805817.3321879846,1081871.2890069722,4789221.381795196,1969127.6864728192,11676345.092288243,715888.2904683894,737811.1759728688,2230896.4235145384,100683.97218710493,0.025284450063211124,0.0,0.0,0.0,129.06700379266752,174.04298356510745,14053.476317362994,4110.6118261781085,21.20606826801517,367.9620733249052,101.96812582152971,121.93386613421492,49988.37627211613,0.0012642225031605564,0.025284450063211124,0.26548672566371684,0.347661188369153,0.1731984829329962,0.056890012642225034,0.0,0.26548672566371684,0.6460176991150443,118.6389382920986,53.23584382735525,149.83202912520858,0.0,0.0,0.0,0.0,0.0,0.0,6.959544879898862,371.43109987357775,8.302149178255373,7334.164348925411,4670.643489254108,6891.0986093552465,2.188369152970923,14.154235145385588,291930.09557858406,139915.42429144247,459276.8078381795,202563.798988622,4203773.749811631,102063.58500690159,4316057.815423515,4096124.5436156765,791,0.0,0
2018-03-01 08:46:00,6731.435135135135,8.216216216216216,11509988.967567567,5.345945945945946,3.7054054054054055,568.2027027027027,1554.5621621621622,274.2972972972973,23.55135135135135,82.46359722532434,96.81272254486485,284.74054054054056,28.437837837837836,108.51703304270269,100.82543481345947,238349.774048092,24175.945903060372,4682084.455153565,634014.4024081687,6629903.191891892,4320527.991891892,11514400.978378378,4828775.316326297,724363.0977955298,6656276.210810811,4328298.151351351,3386352.7837837837,401618.9189438405,204239.5682424397,886147.8594594594,186948.95135135134,0.013513513513513514,0.0,0.0,0.0,88.3027027027027,78.44324324324324,21697.56252694675,2475.909884068181,23.05945945945946,404.81081081081084,93.71250916872972,121.66974419947297,47245.31512829008,0.002702702702702703,0.013513513513513514,0.26756756756756755,0.4027027027027027,0.26216216216216215,0.05675675675675676,0.0,0.26756756756756755,0.4135135135135135,109.75197449135136,82.46359722532434,108.51703304270269,0.0,0.0,0.0,0.0,0.0,0.0,5.345945945945946,568.2027027027027,3.7054054054054055,1554.5621621621622,7703.418918918919,10449.256756756757,1.8243243243243243,15.448648648648648,229328.74197372972,169469.460239,354913.0864864865,106636.31081081081,5544433.685072973,216535.29668911497,5789152.813513514,5361808.527027027,370,0.0,0
2018-03-01 08:47:00,13829.151898734177,8.94620253164557,18006740.370253164,6.4145569620253164,10.04746835443038,329.0632911392405,10025.781645569621,160.57911392405063,14.920886075949367,42.72950674141455,48.736737221401896,283.93037974683546,27.022151898734176,95.99784165175001,93.07391828605697,56417.52342963182,39562.734801649625,4702417.950957224,936347.9209202008,7565345.901898734,4217909.107594937,17983450.49050633,5063095.123557089,1123788.5620659029,7577906.449367088,4278912.142405063,10457208.316455696,888990.7361757786,764487.8391568623,2762161.768987342,328337.14240506326,0.0189873417721519,0.0,0.0,0.0,107.63291139240506,208.64556962025316,27811.376235722688,11751.358567100046,14.920886075949367,313.40506329113924,70.53641847563291,91.25919265387658,29686.669676438753,0.0,0.0189873417721519,0.21835443037974683,0.37341772151898733,0.3227848101265823,0.1550632911392405,0.0,0.21835443037974683,0.6075949367088608,81.24923808277848,42.72950674141455,95.99784165175001,0.0,0.0,0.0,0.0,0.0,0.0,6.4145569620253164,329.0632911392405,10.04746835443038,10025.781645569621,7031.449367088608,9707.405063291139,2.1297468354430378,16.417721518987342,679081.5352413291,480284.35310783755,1084743.9715189873,345990.2721518987,7082587.174408227,261963.38184159232,7355981.835443038,6788345.512658228,316,0.0,0
2018-03-01 08:48:00,6787.60029717682,10.671619613670133,20631811.968796432,5.705794947994057,5.068350668647845,358.2332838038633,2149.052005943536,164.0668647845468,19.157503714710252,46.0175036558633,47.31025638886924,376.8915304606241,42.17682020802378,139.51486751668648,129.09064601395394,317258.2878171919,21759.4295379977,3055984.798253477,1526199.7058599535,7822209.591381872,2404489.970282318,20276737.56166419,3552972.1547319926,1858534.8360236916,7575636.002971768,2435234.6240713224,16346113.523031203,1163447.843659373,1664721.943444958,5014585.184249628,150322.06686478455,0.05794947994056464,0.0,0.0,0.0,105.89004457652302,108.57652303120356,19059.25388709001,2698.135846694306,19.157503714710252,392.6433878157504,88.84024801741457,121.20158588058544,45163.66053171422,0.008915304606240713,0.05794947994056464,0.2585438335809807,0.3610698365527489,0.17533432392273401,0.02526002971768202,0.0,0.2585438335809807,0.6151560178306092,104.50642123459139,46.0175036558633,139.51486751668648,0.0,0.0,0.0,0.0,0.0,0.0,5.705794947994057,358.2332838038633,5.068350668647845,2149.052005943536,4865.112927191679,5772.435364041605,2.4383358098068353,14.531946508172362,195827.0943171471,128719.39351888609,369231.6225854383,113436.69985141158,7491143.7925141165,176025.9829450774,7655690.895988113,7278895.176820208,673,0.0,0
2018-03-01 08:49:00,8248.469111969112,10.99034749034749,16191065.135135135,4.963320463320463,3.55984555984556,297.3745173745174,954.6293436293437,146.04633204633205,19.909266409266408,45.52083010351737,42.30809488241506,320.55405405405406,41.25096525096525,115.08812946988417,109.00120140980695,388446.8466402638,21138.53748492089,3642197.6719831172,1155937.1246506646,7338285.337837838,3141535.532818533,16079206.528957529,4022257.8310980117,1412403.9671445538,7256171.671814672,3198348.2953667953,10336710.65057915,913499.593363168,1178142.5919636749,3663622.7027027025,225988.2837837838,0.07335907335907337,0.0,0.0,0.0,83.93822393822394,74.00772200772201,14753.611628382507,6382.275686189965,19.677606177606176,339.1138996138996,74.88816773480694,100.93103340431081,33416.44400163143,0.005791505791505791,0.07335907335907337,0.20656370656370657,0.3108108108108108,0.1969111969111969,0.0444015444015444,0.0,0.20656370656370657,0.5694980694980695,90.19704103332046,45.52083010351737,115.08812946988417,0.0,0.0,0.0,0.0,0.0,0.0,4.963320463320463,297.3745173745174,3.55984555984556,954.6293436293437,5436.30888030888,6887.816602316602,1.9362934362934363,14.146718146718147,673823.8196012548,175324.43847619297,818018.2760617761,549159.7722007722,6911210.679905405,189946.329991317,7125186.260617761,6741277.111969112,518,0.0,0
2018-03-01 08:50:00,6836.324516785351,11.656154628687691,15264878.56459817,5.6429298067141405,6.277721261444557,313.0722278738555,3982.504577822991,143.2207527975585,21.719226856561548,43.735951537313326,39.61139082162869,328.55137334689726,48.78026449643947,138.2154030595656,109.67641465196236,178303.15754544054,21162.59801456243,1825097.6961298874,1148672.4751808955,5611237.755849441,1344108.7375381484,15059088.508646999,2261179.2405436356,1383609.5619476493,5528268.729399797,1450727.07121058,12369147.496439472,874669.703244035,1128917.6555019014,3817303.2227873853,208192.7538148525,0.05798575788402848,0.0,0.0,0.0,98.31943031536115,127.8290946083418,17977.193039407786,3183.54293631272,21.719226856561548,341.01831129196336,88.61050804799288,109.53776464969786,42035.179234391326,0.00508646998982706,0.05798575788402848,0.22177009155645983,0.2797558494404883,0.18311291963377416,0.0335707019328586,0.0,0.22177009155645983,0.7019328585961343,105.36941941455952,43.735951537313326,138.2154030595656,0.0,0.0,0.0,0.0,0.0,0.0,5.6429298067141405,313.0722278738555,6.277721261444557,3982.504577822991,3667.6927772126146,3598.315361139369,1.9501525940996949,13.550356052899287,295868.937729766,84808.73085160636,398839.0824008138,241505.7080366226,5315876.293081383,152974.96079966426,5476297.227873855,5175143.144455748,983,0.0,0
2018-03-01 08:51:00,8579.591946308725,10.869798657718121,14825517.331543624,5.375838926174497,5.030872483221477,361.6953020134228,2598.868456375839,145.7530201342282,18.69261744966443,44.65437365237181,42.756387165140936,302.2268456375839,42.189261744966444,113.72981546397315,98.03083307947651,237508.38630312352,35458.629351119795,2626349.414710383,1085091.0374069016,6447830.030872483,2221769.5624161074,14533944.699328858,2962631.9513088576,1407637.871475176,6341033.437583893,2230218.2174496646,10218630.169127516,690655.6937871624,1139353.121760878,3661821.1020134226,103333.86979865772,0.07785234899328859,0.0,0.0,0.0,93.9006711409396,101.91140939597315,30569.029091611763,4884.072253394313,18.69261744966443,321.38791946308726,76.77145841058658,98.57130664642685,33982.236759717205,0.009395973154362415,0.07785234899328859,0.20268456375838925,0.2832214765100671,0.23624161073825503,0.049664429530201344,0.0,0.20268456375838925,0.6201342281879194,91.75092291008055,44.65437365237181,113.72981546397315,0.0,0.0,0.0,0.0,0.0,0.0,5.375838926174497,361.6953020134228,5.030872483221477,2598.868456375839,4325.632214765101,6069.595973154363,1.9342281879194632,14.29261744966443,338655.36909479194,277166.1036120108,583765.4818791946,147099.52080536913,5922433.735677852,223282.4579450422,6118337.938255033,5718164.106040268,745,0.0,0
2018-03-01 08:52:00,9524.910614525139,10.815642458100559,13213597.18575419,4.784916201117318,3.8798882681564244,291.122905027933,1179.1536312849162,132.18435754189943,20.071229050279328,43.35007386885336,38.4060422097933,273.8184357541899,41.159217877094974,100.926085640419,90.33157636988966,561483.3278190746,52699.150707664674,2588507.5447572847,1104280.2301326746,5500671.674581005,2035394.0474860335,13030017.998603351,2919632.5338859777,1292220.4930281567,5410455.55726257,2083125.2011173184,8484471.569832401,725307.6833308617,836942.2686664604,2520688.7597765364,191558.3310055866,0.07681564245810056,0.0,0.0,0.0,78.56424581005587,79.23463687150839,47060.2311130401,5634.445889897577,20.06983240223464,296.22067039106145,69.47145672258381,89.05595394565921,28942.391261454777,0.012569832402234637,0.07681564245810056,0.18435754189944134,0.25837988826815644,0.26955307262569833,0.05865921787709497,0.0,0.18435754189944134,0.5935754189944135,84.18117279306425,43.35007386885336,100.926085640419,0.0,0.0,0.0,0.0,0.0,0.0,4.784916201117318,291.122905027933,3.8798882681564244,1179.1536312849162,4173.494413407821,5955.539106145251,1.6201117318435754,14.41340782122905,303864.7034854609,129652.96982572756,427910.88966480445,213171.71089385476,4969469.435874302,234108.37948543055,5233963.779329609,4753073.477653631,716,0.0,0
2018-03-01 08:53:00,9142.723988439306,10.397398843930636,16697942.085260116,5.491329479768786,5.008670520231214,389.1387283236994,2126.828034682081,160.40895953757226,17.371387283236995,45.09216100995665,46.45595342788584,313.41329479768785,39.066473988439306,108.6262114006792,101.58432612813584,371671.2086283121,54633.958244140274,2602093.823268988,1227405.187786388,6359344.336705202,2077622.3916184972,16560467.593930636,3027410.81694765,1530832.4907659711,6273931.5765895955,2095846.5650289017,12867251.049132949,967479.5716058424,1320566.9388620788,3921938.5563583816,167216.70086705202,0.08815028901734104,0.0,0.0,0.0,105.83815028901734,107.41040462427746,49629.95826337143,5001.354917167192,17.31791907514451,332.4913294797688,74.93608451289018,99.30244363548265,33594.61357538343,0.015895953757225433,0.08815028901734104,0.20520231213872833,0.2976878612716763,0.273121387283237,0.06358381502890173,0.0,0.20520231213872833,0.5939306358381503,89.3775477870318,45.09216100995665,108.6262114006792,0.0,0.0,0.0,0.0,0.0,0.0,5.491329479768786,389.1387283236994,5.008670520231214,2126.828034682081,4393.10549132948,6930.106936416185,2.3092485549132946,15.271676300578035,329243.5764725867,62095.36122953829,407500.9407514451,287115.2615606936,5975216.387436416,250750.15362314024,6171800.544797688,5690080.310693641,692,0.0,0
2018-03-01 08:54:00,10378.637614678899,8.96788990825688,18659649.018348623,6.479357798165138,5.08256880733945,380.8761467889908,1628.2293577981652,183.2683486238532,12.204128440366972,46.86296467541285,56.46403981316284,349.4288990825688,27.35091743119266,103.34908922305964,121.51954087878211,672126.1372317168,55088.36870777446,4442588.73932017,1192219.1367185495,8292866.626146789,3956262.6834862386,18439175.731651377,4823291.667534197,1484347.6663227517,8217880.0642201835,4008694.7935779816,10729303.805045871,935517.8873594495,1142038.6638777144,3689556.1651376146,336680.04128440365,0.0963302752293578,0.0,0.0,0.0,99.22935779816514,105.1559633027523,49638.59221604387,5443.479298181685,12.034403669724771,368.70412844036696,73.85194145188073,109.47034578613304,37884.68986612312,0.016055045871559634,0.0963302752293578,0.2018348623853211,0.3394495412844037,0.3165137614678899,0.06651376146788991,0.0,0.2018348623853211,0.5596330275229358,85.41755956640367,46.86296467541285,103.34908922305964,0.0,0.0,0.0,0.0,0.0,0.0,6.479357798165138,380.8761467889908,5.08256880733945,1628.2293577981652,5202.339449541284,11554.607798165138,1.9908256880733946,15.770642201834862,874121.173148257,700105.334106759,1399064.3371559633,381868.247706422,7892528.8638188075,192919.44143211897,8054124.504587156,7720420.451834862,436,0.0,0
2018-03-01 08:55:00,14874.059375,7.534375,13504591.315625,5.49375,3.909375,509.146875,950.921875,212.49375,12.45,56.53290963846875,67.66399607753125,308.00625,18.721875,79.12368786309375,104.50371531540625,70827.36126946818,34212.84771204232,5251316.097459428,872162.3208291313,7064375.8375,4671345.44375,13218527.99375,5475551.830774062,875797.8168945855,6963978.675,4724601.984375,5098853.45625,849115.0184566563,385745.87188275316,1577463.209375,526893.940625,0.096875,0.0,0.0,0.0,100.35,83.1625,29445.68325310123,4758.584532298684,12.33125,343.9875,68.02762121437499,96.19568601386875,27526.069184970715,0.01875,0.096875,0.190625,0.415625,0.390625,0.075,0.0,0.190625,0.365625,77.51816971102187,56.53290963846875,79.12368786309375,0.0,0.0,0.0,0.0,0.0,0.0,5.49375,509.146875,3.909375,950.921875,7149.86875,16234.95625,2.24375,17.75,1120704.3297821875,89218.21092803078,1220913.89375,1056924.509375,6340321.752618751,410248.9294499947,6768702.284375,5951690.840625,320,0.0,0
2018-03-01 08:56:00,9489.872549019608,9.061274509803921,17231342.76715686,6.240196078431373,4.882352941176471,374.0833333333333,1490.625,187.3308823529412,14.377450980392156,50.15214440888236,57.55071768971078,364.44117647058823,31.05392156862745,109.53216813541665,125.2973455225,255997.4082686518,31570.08529354491,3942257.373997197,1140227.587452386,7203014.012254902,3413383.18627451,17182577.725490198,4367827.178550245,1445889.1931791783,7250894.242647059,3427174.3725490198,11000686.335784314,990236.3035222132,1088406.629355323,3179244.7892156863,316558.7794117647,0.10294117647058823,0.0,0.0,0.0,100.02941176470588,102.72549019607843,27146.393363242238,4410.23322195551,14.284313725490197,387.296568627451,77.74905625526961,114.40137053803677,38133.62447847772,0.00980392156862745,0.10294117647058823,0.20588235294117646,0.39950980392156865,0.2818627450980392,0.04411764705882353,0.0,0.20588235294117646,0.49754901960784315,90.56660471553921,50.15214440888236,109.53216813541665,0.0,0.0,0.0,0.0,0.0,0.0,6.240196078431373,374.0833333333333,4.882352941176471,1490.625,5702.1225490196075,12282.09068627451,2.107843137254902,16.294117647058822,826162.0724421568,223752.63301568726,1068737.218137255,674900.4191176471,6721043.925534314,264364.3845677098,6960215.095588235,6450349.507352941,408,0.0,0
2018-03-01 08:57:00,5096.178992497321,11.767416934619506,18432038.10182208,5.332261521972133,6.077170418006431,346.4855305466238,4140.78563772776,155.9828510182208,22.742765273311896,46.69309093529046,42.58290964284566,344.2207931404073,51.41800643086817,128.28029701284458,108.44766026542122,313974.79271209677,20887.626630998147,2486683.5767656607,1352452.6905008876,6134533.600214362,1841559.6130760985,18231868.918542337,3025677.812286291,1600465.02308761,6058377.091103965,1925517.5305466237,14205209.855305467,1098375.2683251447,1393852.3153618223,3865423.0075026797,125086.18006430868,0.04930332261521972,0.0,0.0,0.0,102.60235798499464,148.14576634512326,17236.685628756368,3647.5078056398015,22.625937834941052,361.4983922829582,83.40720414849947,106.88777997298929,37330.3530267685,0.004287245444801715,0.04930332261521972,0.2347266881028939,0.3033226152197213,0.14362272240085744,0.03858520900321544,0.0,0.2347266881028939,0.6977491961414791,100.57318527923044,46.69309093529046,128.28029701284458,0.0,0.0,0.0,0.0,0.0,0.0,5.332261521972133,346.4855305466238,6.077170418006431,4140.78563772776,3881.540192926045,6074.8863879957125,2.162915326902465,13.419078242229368,249611.14626866023,107424.52903415335,346428.24437299033,174250.86923901393,5700448.505366559,152733.76878860887,5843951.483386924,5540204.072883173,933,0.0,0
2018-03-01 08:58:00,6036.761290322581,10.670967741935485,22019522.219354838,6.686021505376344,5.926881720430107,446.98279569892475,2139.8645161290324,179.4494623655914,20.45806451612903,51.4443372087957,52.39051760598065,387.39139784946235,43.58494623655914,137.1532260376559,132.82589511989246,108434.49241425526,13192.307530898266,3957641.6710149385,1661846.537553287,9733762.604301075,3313873.3784946236,21795254.587096773,4512235.096345512,2211025.6068004966,9761483.141935484,3330068.9677419355,15677328.94408602,1169360.851193826,1762212.246450292,5735079.7784946235,287670.46021505375,0.03870967741935484,0.0,0.0,0.0,107.7505376344086,121.85806451612903,9887.39985028554,3303.923603039488,20.316129032258065,408.8021505376344,92.31017806490323,125.77305565323441,46624.04513681831,0.004301075268817204,0.03870967741935484,0.2064516129032258,0.3419354838709677,0.18924731182795698,0.034408602150537634,0.0,0.2064516129032258,0.6172043010752688,108.0119596810172,51.4443372087957,137.1532260376559,0.0,0.0,0.0,0.0,0.0,0.0,6.686021505376344,446.98279569892475,5.926881720430107,2139.8645161290324,5008.0236559139785,7469.731182795699,2.275268817204301,14.365591397849462,661059.6407806022,471407.06831145403,1054210.2258064516,333933.7892473118,8972541.864836559,738524.8582340403,9556067.496774193,8363107.924731183,465,0.0,0
2018-03-01 08:59:00,10486.335260115608,10.448940269749519,16692963.58574181,5.76878612716763,5.554913294797688,412.5703275529865,3161.635838150289,155.86705202312137,18.479768786127167,45.77631815585742,45.2216524228131,296.4219653179191,42.86319845857418,112.70398191344894,95.11023590123314,267930.8897136218,55687.000065460576,3553770.70087763,1017349.0828282041,6569848.302504817,3095444.011560694,16533848.242774567,3896429.2708914643,1198411.7866377889,6468459.111753372,3155590.549132948,10838930.05973025,791190.3795026474,1060905.9418520024,3111131.0462427745,141861.50096339112,0.055876685934489405,0.0,0.0,0.0,102.52793834296725,114.21194605009634,47772.09313860935,7911.380175750959,18.404624277456648,319.71290944123314,77.03116176030251,97.8879215895183,33597.037227771296,0.005780346820809248,0.055876685934489405,0.1579961464354528,0.279383429672447,0.27167630057803466,0.08863198458574181,0.0,0.1579961464354528,0.6165703275529865,91.4844474384393,45.77631815585742,112.70398191344894,0.0,0.0,0.0,0.0,0.0,0.0,5.76878612716763,412.5703275529865,5.554913294797688,3161.635838150289,4920.0443159922925,7536.736030828516,2.1059730250481694,14.658959537572255,224552.6313373603,206222.34076317004,387124.81502890174,80416.04431599229,6168755.89638921,277720.69352293387,6391940.93256262,5872422.911368015,519,0.0,0
2018-03-01 09:00:00,12961.09247311828,8.539784946236558,13115820.178494623,5.587096774193548,4.253763440860215,345.28172043010755,1166.0344086021505,161.73548387096776,12.415053763440861,45.22281267965592,52.24039904898925,259.3462365591398,25.593548387096774,77.96891727028603,88.27915460934194,784901.7676151396,60939.58125255236,4062606.3771260995,764710.9595043645,6014279.331182796,3665563.535483871,13044678.08172043,4358124.297172402,922341.9261089948,6027506.165591398,3688244.6795698926,6386263.507526882,701535.5890277635,545621.2953324129,1713373.7139784945,339493.04946236557,0.1010752688172043,0.0,0.0,0.0,88.16344086021505,87.09677419354838,52420.52640616464,8512.166303330363,12.316129032258065,291.4451612903226,61.492136956888174,87.03553654998925,26177.209981401396,0.030107526881720432,0.1010752688172043,0.14838709677419354,0.33548387096774196,0.3655913978494624,0.07311827956989247,0.0,0.14838709677419354,0.4881720430107527,72.11284777172042,45.22281267965592,77.96891727028603,0.0,0.0,0.0,0.0,0.0,0.0,5.587096774193548,345.28172043010755,4.253763440860215,1166.0344086021505,5505.0236559139785,9035.354838709678,1.6387096774193548,16.593548387096774,459991.0422841291,437473.28068749316,775719.2451612903,151230.1741935484,5580410.603987097,185844.9750589011,5745829.449462365,5368716.735483871,465,0.0,0
2018-03-01 09:01:00,10121.334134615385,9.108173076923077,20392174.971153848,6.158653846153846,5.043269230769231,472.47836538461536,1833.548076923077,182.76201923076923,14.411057692307692,48.34433722307692,55.238180376490384,324.6610576923077,29.877403846153847,104.17427543391827,109.4660761099423,456473.7433153145,63381.81241834004,4104217.864569703,1747812.4912620299,8424992.358173076,3266030.5673076925,20107571.14903846,4677322.906709255,1848860.7084530497,8247365.721153846,3552795.233173077,13187354.76923077,1205071.685472524,1289841.938899018,3958404.25,411212.8076923077,0.11298076923076923,0.0,0.0,0.0,109.0576923076923,107.73076923076923,59348.45244970129,4026.760025034971,14.314903846153847,350.9182692307692,75.67935710067307,104.0440257957524,35976.88444106365,0.01201923076923077,0.11298076923076923,0.16346153846153846,0.37740384615384615,0.2980769230769231,0.04807692307692308,0.0,0.16346153846153846,0.5240384615384616,87.56164292230048,48.34433722307692,104.17427543391827,0.0,0.0,0.0,0.0,0.0,0.0,6.158653846153846,472.47836538461536,5.043269230769231,1833.548076923077,6349.189903846154,10007.850961538461,2.4375,16.721153846153847,602017.8815453125,321588.1699593708,851071.8004807692,376482.80048076925,7986661.035598557,205159.52725320493,8170771.206730769,7735563.783653846,416,0.0,0
2018-03-01 09:02:00,6910.849823321555,10.436395759717314,20684818.021201413,5.892226148409894,4.819787985865724,425.8321554770318,1322.0742049469964,188.43639575971733,19.252650176678443,49.46049125855124,55.02982309261484,397.37632508833923,43.90636042402827,134.77076921855124,136.5322295357597,147831.56835617305,29590.852986233556,3447618.0704129618,1470408.2730040867,7594998.270318021,2765994.413427562,20440546.768551238,4039728.0210678214,1784350.2895077586,7484525.325088339,2809801.282685512,15405624.054770319,1295088.8705667136,1487831.4705679503,4239617.998233216,262378.39045936393,0.05830388692579505,0.0,0.0,0.0,102.54416961130742,103.79505300353357,24807.926867577004,4778.0752769319415,19.252650176678443,417.96466431095405,86.45202896565371,125.83469371372261,45210.981257092804,0.00530035335689046,0.05830388692579505,0.26148409893992935,0.35335689045936397,0.196113074204947,0.038869257950530034,0.0,0.26148409893992935,0.6095406360424028,101.99655614340989,49.46049125855124,134.77076921855124,0.0,0.0,0.0,0.0,0.0,0.0,5.892226148409894,425.8321554770318,4.819787985865724,1322.0742049469964,5291.0600706713785,7771.719081272085,2.4575971731448765,14.551236749116608,544173.5650784452,226170.45767905345,757483.4381625442,390567.7261484099,7148362.406879859,280346.3429313594,7388965.176678445,6858186.994699647,566,0.0,0
2018-03-01 09:03:00,9081.135555555555,10.075555555555555,22573256.64888889,6.311111111111111,5.448888888888889,413.56666666666666,1645.148888888889,169.75555555555556,20.575555555555557,51.31269282300889,51.78452467316667,310.44,34.117777777777775,101.66478552052,104.85292459284223,99284.83586224508,20783.82010485574,4562817.085532076,1464029.5342199306,8962610.031111112,3883415.011111111,22396765.135555554,5103351.932192023,1843919.2979779842,8988693.58888889,3942204.5622222223,14437124.304444445,1107288.5859454665,1438215.1966447793,4427567.655555556,198929.36666666667,0.04,0.0,0.0,0.0,102.32888888888888,114.71111111111111,14616.09556386515,6164.673901244504,19.82888888888889,347.5622222222222,77.39813158795556,104.16293197088221,36853.606357751225,0.0022222222222222222,0.04,0.19333333333333333,0.29555555555555557,0.2733333333333333,0.07777777777777778,0.0,0.19333333333333333,0.6044444444444445,92.38931610031557,51.31269282300889,101.66478552052,0.0,0.0,0.0,0.0,0.0,0.0,6.311111111111111,413.56666666666666,5.448888888888889,1645.148888888889,5466.811111111111,6878.948888888889,2.117777777777778,15.137777777777778,441404.94766466663,236681.21751816265,630339.8311111111,277042.8311111111,8078300.542753333,452799.9776107231,8487393.92,7667113.684444444,450,0.0,0
2018-03-01 09:04:00,11634.542372881357,8.536723163841808,14791087.177966101,5.338983050847458,3.7457627118644066,406.28248587570624,657.3022598870057,171.0225988700565,13.59322033898305,46.863198726788134,53.432746075737285,275.90677966101697,28.61864406779661,83.95308790016949,92.52696165166667,450767.8070820281,48394.32671475557,4780537.847764089,1159645.391116557,7248898.257062146,4094431.9322033897,14628141.516949153,5123519.10027565,1194724.5385999882,7156356.968926554,4165198.04519774,7624881.096045198,1054370.1801785312,560940.279388207,2169716.372881356,592608.768361582,0.1553672316384181,0.0,0.0,0.0,90.51977401129943,79.14124293785311,41615.0663652339,6772.797127994066,12.497175141242938,307.316384180791,62.97848899260452,88.63343526649717,25767.539360193645,0.011299435028248588,0.1553672316384181,0.14124293785310735,0.3248587570621469,0.4096045197740113,0.07627118644067797,0.0,0.14124293785310735,0.4632768361581921,75.13845881841524,46.863198726788134,83.95308790016949,0.0,0.0,0.0,0.0,0.0,0.0,5.338983050847458,406.28248587570624,3.7457627118644066,657.3022598870057,6337.387005649717,11021.725988700566,1.9067796610169492,17.03954802259887,766644.0473990678,263932.5189597201,987640.9322033898,585673.5847457628,6484581.032954802,258378.18677906448,6756504.819209039,6238886.158192091,354,0.0,0
2018-03-01 09:05:00,9033.103857566766,9.780415430267063,21617664.071216617,5.8753709198813056,4.397626112759644,355.1008902077151,1133.8575667655787,148.6379821958457,17.275964391691396,44.24379531922552,43.533888789127595,270.1839762611276,40.1839762611276,97.69420634412464,88.83396030148367,275656.6632546594,30573.37697002442,5500248.232651094,1202153.4094678967,8901700.21958457,4956242.976261128,21553031.84866469,5995544.112457017,1493498.9020717272,8888717.222551929,4997789.979228486,12067794.860534124,1113649.2350514124,1232584.5989649382,3564581.3353115725,333198.8664688427,0.05934718100890208,0.0,0.0,0.0,89.00890207715133,91.22848664688428,26858.67229656621,3711.9889700498547,17.160237388724035,298.82789317507417,68.55697999545994,91.79224576898517,29649.855478576912,0.008902077151335312,0.05934718100890208,0.1513353115727003,0.3086053412462908,0.27299703264094954,0.050445103857566766,0.0,0.1513353115727003,0.5667655786350149,82.76207737563799,44.24379531922552,97.69420634412464,0.0,0.0,0.0,0.0,0.0,0.0,5.8753709198813056,355.1008902077151,4.397626112759644,1133.8575667655787,6177.617210682492,7499.189910979228,1.9050445103857567,14.919881305637983,515044.2468078635,249808.2115479138,741373.3501483679,343361.5756676558,8492788.855017804,188355.36089790563,8664954.985163204,8261515.637982196,337,0.0,0
2018-03-01 09:06:00,11949.285714285714,7.957528957528957,16085227.517374517,5.32046332046332,3.9073359073359075,512.8687258687258,561.1814671814672,209.23166023166024,17.66023166023166,59.235259661853284,65.22615064525097,259.82239382239385,23.84942084942085,70.84729572042471,86.12490441926641,178756.77374743356,53202.733861104585,6880770.833130438,1049888.7279446714,9151546.378378378,6225987.876447876,16083210.513513513,7267372.959741313,1189923.464484538,9216045.93050193,6285362.096525096,6042841.490347491,981798.759679807,650650.9255746517,1976060.749034749,396940.91891891893,0.11196911196911197,0.0,0.0,0.0,97.48262548262548,81.71428571428571,49174.59903310473,4021.067707328367,17.66023166023166,306.3861003861004,65.76948897884171,84.3502952392355,21281.203546232355,0.007722007722007722,0.11196911196911197,0.11969111969111969,0.416988416988417,0.3474903474903475,0.05019305019305019,0.0,0.11969111969111969,0.33204633204633205,77.44360427343629,59.235259661853284,70.84729572042471,0.0,0.0,0.0,0.0,0.0,0.0,5.32046332046332,512.8687258687258,3.9073359073359075,561.1814671814672,8239.374517374517,14420.745173745174,2.034749034749035,17.235521235521237,398239.37508247106,312068.58321771206,632829.8378378379,178242.56756756757,8103262.023857143,634638.5327481364,8728556.467181467,7540916.335907336,259,0.0,0
2018-03-01 09:07:00,7367.578651685393,10.941947565543071,20478555.086142324,6.080524344569288,5.361423220973783,361.5374531835206,2602.9868913857676,158.87265917602997,20.61048689138577,44.988959375700375,42.81897392492509,331.0730337078652,44.176029962546814,128.66310316069288,110.15189057516854,227774.01090894672,27668.42714122327,3258712.7181262104,1546143.029164448,8502213.013108615,2655422.619850187,20406545.29775281,3794146.9731085207,2011960.9497354804,8492599.720973782,2691412.936329588,14826344.45318352,1110907.6192080188,1681258.743343379,5322578.717228465,217233.84082397004,0.06179775280898876,0.0,0.0,0.0,102.40449438202248,109.17602996254682,23022.763616785225,4639.665074474708,20.5374531835206,350.9812734082397,84.06638032790262,108.5587240803296,40043.43459172273,0.0018726591760299626,0.06179775280898876,0.21722846441947566,0.31273408239700373,0.19850187265917604,0.0449438202247191,0.0,0.21722846441947566,0.6254681647940075,100.2643795535206,44.988959375700375,128.66310316069288,0.0,0.0,0.0,0.0,0.0,0.0,6.080524344569288,361.5374531835206,5.361423220973783,2602.9868913857676,4577.61797752809,5759.647940074907,2.046816479400749,14.187265917602996,916287.9899500749,186273.71519442473,1101269.7621722845,796265.4662921348,8103224.594065543,216260.70050572816,8288554.198501873,7894417.06741573,534,0.0,0
2018-03-01 09:08:00,5653.282714054927,11.499192245557351,21282692.79321486,5.387722132471729,5.140549273021001,328.2439418416801,2106.8966074313407,158.79321486268174,23.1437802907916,45.33294561088853,42.47069016807431,335.9483037156704,52.19386106623586,134.48332693526655,108.13287033961228,266031.2182276802,17742.596514203044,3630923.884391914,1468867.9926584829,7790569.458804524,2939342.49273021,21062896.103392567,4203947.5161140775,1752271.1511058414,7632212.08723748,3003607.0613893378,16144205.678513732,1209796.078756286,1422660.4139813236,4345656.88529887,209819.48626817449,0.03715670436187399,0.0,0.0,0.0,99.68336025848143,109.58319870759289,10553.553099144096,7187.564914558113,22.949919224555735,354.8529886914378,85.45843710176091,109.38415754543618,39322.65358979766,0.004846526655896607,0.03715670436187399,0.25363489499192243,0.32310177705977383,0.14378029079159935,0.03231017770597738,0.0,0.25363489499192243,0.6591276252019386,102.6331733975929,45.33294561088853,134.48332693526655,0.0,0.0,0.0,0.0,0.0,0.0,5.387722132471729,328.2439418416801,5.140549273021001,2106.8966074313407,4782.752827140549,5809.156704361874,2.248788368336026,13.615508885298869,265291.50461085624,98306.46846144761,373178.9337641357,201420.67043618739,7332248.440450727,138748.08144349448,7467290.512116317,7182628.995153474,619,0.0,0
2018-03-01 09:09:00,7303.882352941177,11.026565464895636,21668514.601518027,5.64326375711575,4.449715370018976,390.3434535104364,1332.6774193548388,167.64895635673625,22.3719165085389,49.623188945825426,46.383851789240985,329.69259962049335,45.121442125237195,128.0769382935294,111.58663386537002,433690.2674566515,38458.526344948856,3734739.501531253,1751060.4483548438,9440774.113851992,3060855.184060721,21364764.774193548,4334973.728014047,2215842.7623354704,9232695.510436432,3126778.2998102466,15461742.383301707,1286839.9592139393,1986384.7205390828,5855311.261859583,255551.26565464895,0.04364326375711575,0.0,0.0,0.0,93.28273244781784,89.7381404174573,34482.3239990262,3973.5974349888347,22.297912713472485,358.1973434535104,84.39453004203035,110.07552849412335,40308.95350592746,0.009487666034155597,0.04364326375711575,0.222011385199241,0.3055028462998102,0.1859582542694497,0.04174573055028463,0.0,0.222011385199241,0.635673624288425,101.03038204366224,49.623188945825426,128.0769382935294,0.0,0.0,0.0,0.0,0.0,0.0,5.64326375711575,390.3434535104364,4.449715370018976,1332.6774193548388,5180.523719165086,5689.73055028463,2.129032258064516,13.844402277039848,650073.7516605314,331661.205232504,906317.7609108159,414738.76470588235,8888431.510011386,255656.22286795857,9163932.81593928,8642926.493358634,527,0.0,0
2018-03-01 09:10:00,12197.04189435337,9.730418943533698,15654856.938069217,4.836065573770492,4.081967213114754,331.39708561020035,1086.608378870674,135.183970856102,15.765027322404372,40.84799924884517,40.79180180157923,265.72859744990893,32.48451730418944,94.95003358921676,89.9427994231694,624928.86017182,63005.77434608456,3096985.53967232,1185394.6416813515,6819701.610200364,2602024.7267759563,15626131.947176686,3564856.5295361206,1511058.712243074,6818162.076502732,2670085.2859744993,11439759.746812386,956599.4802185665,1256482.9773894467,3853884.6757741347,248739.7504553734,0.11839708561020036,0.0,0.0,0.0,87.10382513661202,84.49544626593807,53893.48382307529,9100.621406960876,15.765027322404372,290.25865209471766,65.62181665164299,87.71907600722221,29603.46712020703,0.020036429872495445,0.11839708561020036,0.16939890710382513,0.273224043715847,0.3588342440801457,0.10564663023679417,0.0,0.16939890710382513,0.5883424408014571,78.70254692380692,40.84799924884517,94.95003358921676,0.0,0.0,0.0,0.0,0.0,0.0,4.836065573770492,331.39708561020035,4.081967213114754,1086.608378870674,4404.327868852459,4968.495446265938,1.8907103825136613,15.657559198542804,441152.50924448087,165255.8402087886,593407.4808743169,325730.3278688525,6486881.386801457,209001.27120844278,6671227.7741347905,6278632.7049180325,549,0.0,0
2018-03-01 09:11:00,8860.061023622047,10.474409448818898,17842593.75393701,4.881889763779528,3.3976377952755907,303.2283464566929,824.4468503937007,143.08070866141733,20.318897637795274,45.49390059545276,41.31886626750197,252.06692913385828,38.124015748031496,91.91578619716536,81.27348569842519,319738.0621897994,39588.60646703266,4252281.429866948,1256169.4107232844,8254543.45472441,3720167.127952756,17732811.395669293,4701921.561250331,1565406.7809344316,8175155.11023622,3768704.7047244096,9302578.273622047,933040.2733567086,1259833.5415715107,4155938.32480315,268452.2421259842,0.08267716535433071,0.0,0.0,0.0,76.55118110236221,67.55118110236221,35595.45455701537,3985.0448929578956,20.318897637795274,278.3366141732283,66.52613190265748,82.07880877930906,26151.662160511238,0.021653543307086614,0.08267716535433071,0.16141732283464566,0.265748031496063,0.25196850393700787,0.045275590551181105,0.0,0.16141732283464566,0.5885826771653543,81.31307823120078,45.49390059545276,91.91578619716536,0.0,0.0,0.0,0.0,0.0,0.0,4.881889763779528,303.2283464566929,3.3976377952755907,824.4468503937007,5226.523622047244,5926.645669291339,1.6358267716535433,14.31496062992126,529101.9945703347,359055.22604125756,794865.7007874015,273502.93307086616,7659997.118667323,424306.574676535,8006787.027559055,7295520.988188976,508,0.0,0
2018-03-01 09:12:00,12321.077830188678,8.83254716981132,10616322.83726415,6.5825471698113205,7.044811320754717,394.74764150943395,6495.490566037736,179.03537735849056,14.64622641509434,49.014152378929246,55.53173017735849,253.51415094339623,25.21698113207547,82.16165222813679,82.63616714768868,417562.00609027664,70284.94226068638,3950555.4815431535,858544.6150755248,6181953.594339622,3506112.5683962265,10422369.728773585,4233736.6155925,956023.7217672623,6018028.976415094,3577616.0495283017,4148833.8443396227,654656.1165263279,514889.2413849599,1632039.516509434,317221.2405660377,0.1391509433962264,0.0,0.0,0.0,122.76415094339623,143.79245283018867,64292.74396257763,5983.564410528458,14.64622641509434,293.4669811320755,67.42525422092689,86.7974785560566,27675.49491814804,0.02122641509433962,0.1391509433962264,0.14858490566037735,0.3136792452830189,0.39622641509433965,0.07547169811320754,0.0,0.14858490566037735,0.47877358490566035,79.0081675209434,49.014152378929246,82.16165222813679,0.0,0.0,0.0,0.0,0.0,0.0,6.5825471698113205,394.74764150943395,7.044811320754717,6495.490566037736,6023.702830188679,9470.955188679245,1.653301886792453,16.88679245283019,545880.5483092216,120249.42451657708,680547.2971698113,464566.1462264151,5667146.941974056,212507.70748094103,5912523.334905661,5477709.933962264,424,0.0,0
2018-03-01 09:13:00,5825.755490483162,11.215226939970718,14124154.789165447,5.42606149341142,4.9941434846266475,403.8125915080527,2541.7833089311857,189.91654465592973,20.79648609077599,52.37478456543192,57.51856055718009,386.2489019033675,49.02196193265007,157.78915711398244,133.8980453391069,160438.72229129626,13440.406994730798,3027593.4517933964,1386945.8705035269,6911403.3704245975,2404441.3352855053,13989425.647144949,3642509.23585554,1472115.538914975,6835574.997071742,2801033.093704246,8560793.78477306,931023.1825091507,995629.991432708,3213027.4641288435,344062.46412884333,0.03806734992679356,0.0,0.0,0.0,97.8740849194729,102.82869692532942,10512.876244063775,2927.530750862325,20.79648609077599,412.26647144948754,99.21234409864422,132.17865012348463,49539.99935953192,0.0029282576866764276,0.03806734992679356,0.2752562225475842,0.3440702781844802,0.14494875549048317,0.029282576866764276,0.0,0.2752562225475842,0.6456808199121523,117.01297340232796,52.37478456543192,157.78915711398244,0.0,0.0,0.0,0.0,0.0,0.0,5.42606149341142,403.8125915080527,4.9941434846266475,2541.7833089311857,4858.216691068814,5813.035139092241,1.9224011713030746,13.944363103953147,496595.02285628114,186595.38098802342,678707.1639824305,367359.8711566618,6454952.802569546,250661.470319531,6662095.799414349,6218876.606149341,683,0.0,0
2018-03-01 09:14:00,6143.321372854914,11.067082683307332,22381705.293291733,7.956318252730109,9.653666146645866,360.9469578783151,8717.01872074883,156.82215288611545,24.56318252730109,49.76732001336818,42.81957012588455,381.29641185647426,48.51014040561623,166.79482802931358,128.36499780010922,93020.50702273179,12937.75915081432,3643901.481862011,1451452.3026591057,7907921.538221529,2962348.9079563185,22195486.673946958,4152734.907435334,1750843.282572584,7768998.043681747,2976304.577223089,16814485.90327613,1154971.062454025,1450318.4547026914,4400611.508580343,193525.60530421216,0.0483619344773791,0.0,0.0,0.0,147.70046801872076,202.4399375975039,10316.636763490611,2620.4085089106193,24.56318252730109,402.88611544461776,111.17163721383776,131.86764406577845,54711.105849979016,0.0015600624024961,0.0483619344773791,0.26521060842433697,0.35101404056162244,0.1482059282371295,0.031201248049921998,0.0,0.26521060842433697,0.6318252730109204,128.20955818486271,49.76732001336818,166.79482802931358,0.0,0.0,0.0,0.0,0.0,0.0,7.956318252730109,360.9469578783151,9.653666146645866,8717.01872074883,4756.851794071763,5760.338533541341,2.578783151326053,13.953198127925116,446542.72658767545,216316.69085102278,662519.9391575663,304589.5460218409,7444598.9503244925,235422.24791498104,7674042.747269891,7212282.39625585,641,0.0,0
2018-03-01 09:15:00,7466.7286585365855,10.326219512195122,20839660.01676829,5.867378048780488,5.271341463414634,353.952743902439,2176.245426829268,168.27591463414635,18.329268292682926,45.518999057641764,48.38823117371494,413.5381097560976,40.17987804878049,146.69224958827743,145.1560671285686,282095.8629372051,40157.95268677093,3279095.2449467895,1539647.94575984,8341733.975609756,2654747.7652439023,20710681.25762195,3816890.150787759,1927375.2805186724,8259978.9207317075,2698030.400914634,16625500.728658536,1243823.4257572514,1724389.4748676852,5360980.9832317075,230226.63567073172,0.056402439024390245,0.0,0.0,0.0,109.23170731707317,111.29268292682927,26926.627835833984,13227.8370758388,18.28201219512195,426.797256097561,90.79011335703507,129.98789280872256,48691.449306545175,0.001524390243902439,0.056402439024390245,0.2576219512195122,0.4192073170731707,0.16158536585365854,0.036585365853658534,0.0,0.2576219512195122,0.5960365853658537,105.8610987991189,45.518999057641764,146.69224958827743,0.0,0.0,0.0,0.0,0.0,0.0,5.867378048780488,353.952743902439,5.271341463414634,2176.245426829268,5428.768292682927,7084.7484756097565,2.4832317073170733,14.945121951219512,223811.2324422866,233274.21071747164,450399.0868902439,66036.16615853658,7965495.345737805,211184.3385577001,8143703.285060976,7762007.876524391,656,0.0,0
2018-03-01 09:16:00,8945.143318965518,10.904094827586206,19527426.966594826,5.864224137931035,5.540948275862069,351.23383620689657,3011.091594827586,153.9655172413793,23.183189655172413,48.66672043314439,43.582389169813574,370.3415948275862,47.258620689655174,151.37549536772627,127.91661258219504,217541.57310106995,37136.543622016194,2555136.7573684184,1375940.5805915676,7166240.148706896,2025112.4676724137,19523554.73275862,3090564.796730204,1792253.7050979217,7180960.942887931,2079380.84375,16153414.35237069,1086822.8815961347,1621680.2122800967,4979294.4030172415,168780.29094827586,0.06896551724137931,0.0,0.0,0.0,105.39224137931035,115.91810344827586,31066.806127720618,6067.765098132815,22.869612068965516,388.5678879310345,98.6722000431832,124.3557131694515,50506.42407805316,0.0010775862068965517,0.06896551724137931,0.23922413793103448,0.28987068965517243,0.2165948275862069,0.07435344827586207,0.0,0.23922413793103448,0.6131465517241379,116.88427588840841,48.66672043314439,151.37549536772627,0.0,0.0,0.0,0.0,0.0,0.0,5.864224137931035,351.23383620689657,5.540948275862069,3011.091594827586,4064.9838362068967,4908.612068965517,2.3760775862068964,13.89655172413793,276732.74060150865,200305.43980883126,483530.6379310345,143409.03879310345,6919532.570116379,141670.33058734742,7024351.155172414,6762085.142241379,928,0.0,0
2018-03-01 09:17:00,13653.967136150235,9.213615023474178,12954071.504694836,3.9577464788732395,2.875586854460094,275.5093896713615,766.0492957746479,130.61032863849766,18.124413145539908,43.77687420180282,37.75832159873709,226.1431924882629,28.969483568075116,77.01847647338029,74.85046192347417,380589.761541827,60148.39003532172,4727098.084402573,983057.6932201238,6972033.892018779,4180221.7136150235,12959832.220657278,5047570.485475023,1127417.5244574642,7037163.025821596,4300435.47887324,6210999.741784038,683560.1568531691,599821.7640906016,2017425.7370892018,313679.57276995305,0.11032863849765258,0.0,0.0,0.0,75.86854460093896,59.87793427230047,47579.472874437015,12561.397977254126,16.772300469483568,253.02582159624413,60.25583854873239,74.03076260286385,22367.646443700043,0.0,0.11032863849765258,0.1267605633802817,0.284037558685446,0.3826291079812207,0.11971830985915492,0.0,0.1267605633802817,0.5,72.71396648638498,43.77687420180282,77.01847647338029,0.0,0.0,0.0,0.0,0.0,0.0,3.9577464788732395,275.5093896713615,2.875586854460094,766.0492957746479,6637.805164319248,9359.678403755868,1.539906103286385,16.112676056338028,67367.62637631455,11203.539502272535,81167.33568075117,57236.99061032864,6429056.9239342725,186588.84420533205,6659389.671361502,6259241.53286385,426,0.0,0
2018-03-01 09:18:00,9663.110655737704,11.145491803278688,12598715.076844262,4.913934426229508,4.525614754098361,256.56454918032784,2874.7602459016393,120.70491803278688,19.92622950819672,40.512297933614754,33.55270624151639,244.14959016393442,42.306352459016395,107.65533319017418,77.48156923893647,342866.4772333325,53801.5345716878,1969885.0653582101,811310.1223178871,4342738.304303279,1576249.5717213114,12434191.079918033,2259008.126013745,953043.4706468547,4299953.928278688,1617230.1782786886,9505450.293032788,691859.6578187142,750328.9906186922,2419784.950819672,147672.26229508198,0.09938524590163934,0.0,0.0,0.0,86.77049180327869,93.70491803278688,46965.80508322071,6829.1656110326485,18.80327868852459,262.422131147541,73.09746299001537,84.65068281785247,30550.0746688264,0.010245901639344262,0.09938524590163934,0.1526639344262295,0.22643442622950818,0.28790983606557374,0.07889344262295082,0.0,0.1526639344262295,0.6331967213114754,88.21703152067316,40.512297933614754,107.65533319017418,0.0,0.0,0.0,0.0,0.0,0.0,4.913934426229508,256.56454918032784,4.525614754098361,2874.7602459016393,3668.8340163934427,4997.234631147541,1.7264344262295082,14.258196721311476,404933.255460625,158037.55387947103,552159.4323770492,298610.29098360654,3989913.101592213,132061.16580872747,4121312.943647541,3833017.375,976,0.0,0
2018-03-01 09:19:00,8853.891891891892,10.984101748807632,13228323.918918919,4.100158982511924,3.338632750397456,237.69157392686805,1330.268680445151,128.77742448330685,22.538950715421304,45.10948678474722,36.371606154976156,231.93640699523053,45.43720190779014,98.21221595005247,72.33715935739905,458155.18355382106,55633.93319264381,3231419.914177248,850277.4505915323,5792284.049284578,2833595.7027027025,13068210.92527822,3523755.1087433705,1005626.0819538286,5709921.031796502,2879979.1478537363,8554416.00317965,668617.7158606296,786213.4450835588,2556906.810810811,147474.1828298887,0.09379968203497616,0.0,0.0,0.0,73.26550079491255,68.47058823529412,48490.86279072684,7139.432913417233,20.238473767885534,256.4785373608903,70.08914430069952,81.16947594063593,26188.79700746233,0.0047694753577106515,0.09379968203497616,0.15421303656597773,0.24324324324324326,0.2766295707472178,0.07313195548489666,0.0,0.15421303656597773,0.6136724960254372,86.57956411235294,45.10948678474722,98.21221595005247,0.0,0.0,0.0,0.0,0.0,0.0,4.100158982511924,237.69157392686805,3.338632750397456,1330.268680445151,4540.095389507154,5872.747217806042,1.5723370429252783,14.314785373608903,259586.98515205088,118353.40770226634,378761.21462639107,181970.52623211447,5194415.459170111,138508.9664986941,5346870.565977743,5067798.418124006,629,0.0,0
2018-03-01 09:20:00,11494.817836812144,10.409867172675522,13206466.732447818,4.6717267552182165,3.489563567362429,263.1707779886148,1340.1840607210627,126.87476280834915,17.749525616698293,41.60639268724857,37.17185214677609,247.7438330170778,36.180265654648956,95.85603508135294,82.36871247074764,219685.02969950024,39270.110611101365,3731528.7639087006,775402.7968943021,6284478.516129033,3350880.4364326377,12959649.430740038,3964655.986983205,930502.9791012938,6217490.185958254,3359245.2409867174,7367450.074003795,726674.3936249829,715828.0346330372,2580188.1252371916,246769.3074003795,0.06072106261859583,0.0,0.0,0.0,75.5977229601518,69.6470588235294,31299.898026899104,7965.871065820118,17.749525616698293,269.52371916508537,65.57366481,81.74458711523529,27215.212213466624,0.0056925996204933585,0.06072106261859583,0.1650853889943074,0.2732447817836812,0.27703984819734345,0.08538899430740038,0.0,0.1650853889943074,0.6053130929791272,78.91266895220113,41.60639268724857,95.85603508135294,0.0,0.0,0.0,0.0,0.0,0.0,4.6717267552182165,263.1707779886148,3.489563567362429,1340.1840607210627,5049.698292220114,6382.601518026566,1.5426944971537002,14.497153700189754,615778.8530791651,283194.36688258447,851543.2087286528,419139.18026565464,5888689.6961537,266174.50437632116,6162190.823529412,5656477.347248577,527,0.0,0
2018-03-01 09:21:00,10068.254901960785,9.935574229691877,14627161.13165266,4.7254901960784315,3.1092436974789917,299.52100840336135,771.3697478991596,154.9075630252101,16.910364145658264,44.4546636269916,45.278038490112046,285.7731092436975,37.030812324929975,103.98189102655462,96.72926047100842,420190.8595157042,56451.60635063527,4584510.736993904,895394.8177153959,7184308.117647059,4157314.081232493,14568327.5070028,4899620.831169552,1107727.4453609108,7216611.87955182,4195341.719887955,8393947.3697479,796329.6704443893,829997.4831029639,2605579.5658263303,251590.0224089636,0.11204481792717087,0.0,0.0,0.0,84.41456582633053,65.63585434173669,51493.33675840237,4954.424246995215,16.910364145658264,313.19607843137254,70.40984516308123,94.03296218347899,30173.642742589596,0.008403361344537815,0.11204481792717087,0.17366946778711484,0.3137254901960784,0.2969187675070028,0.036414565826330535,0.0,0.17366946778711484,0.4649859943977591,84.59871175212885,44.4546636269916,103.98189102655462,0.0,0.0,0.0,0.0,0.0,0.0,4.7254901960784315,299.52100840336135,3.1092436974789917,771.3697478991596,6004.271708683474,8882.252100840336,1.9019607843137254,15.46218487394958,207306.8620445098,159073.75389619824,330829.4481792717,96808.6218487395,6740659.789661064,212350.76003535363,6944921.165266107,6570110.985994398,357,0.0,0
2018-03-01 09:22:00,8358.707774798928,10.11260053619303,18199874.461126007,5.487935656836461,4.091152815013404,300.686327077748,1825.1367292225202,147.0241286863271,17.369973190348524,43.58446766597856,42.07246771621984,282.3780160857909,37.65415549597855,102.75425259367293,90.5608973480429,316602.41414197197,23341.68989906475,5094636.853576971,1196712.8779241405,8661475.083109919,4550620.949061662,18209423.249329757,5510792.177709383,1495239.4861397548,8683623.07238606,4596106.126005362,10254752.721179625,1023829.1960708526,1124950.9150481608,3517917.6809651474,335176.03217158176,0.07506702412868632,0.0,0.0,0.0,91.14209115281501,84.37533512064343,16986.297111780495,6348.031993030203,17.26809651474531,303.7587131367292,70.31860849927614,89.77852661990347,28264.29783506906,0.010723860589812333,0.07506702412868632,0.1742627345844504,0.3378016085790885,0.23056300268096513,0.064343163538874,0.0,0.1742627345844504,0.5603217158176944,83.93003447383377,43.58446766597856,102.75425259367293,0.0,0.0,0.0,0.0,0.0,0.0,5.487935656836461,300.686327077748,4.091152815013404,1825.1367292225202,6447.970509383378,8116.447721179625,1.9115281501340482,14.970509383378015,625544.4323259785,437545.51132002496,982817.4638069705,321376.7587131367,8245156.277152814,265490.1042274339,8504234.36461126,7950209.801608579,373,0.0,0
2018-03-01 09:23:00,6467.934523809524,11.220238095238095,18733471.373511903,5.169642857142857,4.799107142857143,378.13392857142856,2024.8407738095239,162.02678571428572,20.913690476190474,49.04373947544642,47.83163584504315,359.2559523809524,45.711309523809526,136.427368960436,122.75247362513987,403738.8790327924,31543.976766172997,3057402.842292787,1539779.5947283763,8224804.946428572,2477935.8541666665,18530747.04315476,3585722.482641582,1943525.0013457264,8123307.083333333,2576347.4166666665,14334151.797619049,1185674.8721863348,1773391.9462135895,5527728.486607143,254767.82589285713,0.06547619047619048,0.0,0.0,0.0,92.70833333333333,98.06547619047619,29181.957610797028,2358.6144227769955,20.834821428571427,382.88392857142856,88.79494098627977,118.98906222237946,43838.82354811296,0.004464285714285714,0.06547619047619048,0.24404761904761904,0.33035714285714285,0.16220238095238096,0.019345238095238096,0.0,0.24404761904761904,0.6428571428571429,105.65309398214285,49.04373947544642,136.427368960436,0.0,0.0,0.0,0.0,0.0,0.0,5.169642857142857,378.13392857142856,4.799107142857143,2024.8407738095239,4342.641369047619,5285.6860119047615,2.0416666666666665,13.910714285714286,198218.84071964285,162951.82090196354,345026.9717261905,86951.36011904762,7781372.500758929,387772.9193664815,8094059.279761905,7463347.279761905,672,0.0,0
2018-03-01 09:24:00,9545.53455284553,9.989837398373984,17093901.43292683,5.25,3.747967479674797,316.5934959349593,1061.060975609756,163.90650406504065,18.25609756097561,45.49163655526423,47.4003771323374,339.2113821138211,38.1849593495935,119.07543470504065,118.36124583497968,93858.97312149133,15739.424830139373,3498313.9394022846,1320942.9450090965,7374216.048780488,2908087.737804878,16775949.884146342,3914453.6878792215,1566997.5100223618,7135889.565040651,2916617.4695121953,11958525.471544715,1126224.287422764,1305303.157232729,3891667.4573170734,278162.0040650407,0.07723577235772358,0.0,0.0,0.0,91.32520325203252,79.7560975609756,11952.336068536575,3775.927881994055,17.973577235772357,359.8658536585366,78.24160545229675,108.90708316213009,37825.799688503095,0.018292682926829267,0.07723577235772358,0.1951219512195122,0.3475609756097561,0.23780487804878048,0.046747967479674794,0.0,0.1951219512195122,0.5060975609756098,92.5868150918496,45.49163655526423,119.07543470504065,0.0,0.0,0.0,0.0,0.0,0.0,5.25,316.5934959349593,3.747967479674797,1061.060975609756,5928.6056910569105,7653.160569105691,2.0813008130081303,15.203252032520325,592860.0826515041,240052.79069904657,775497.9390243902,425810.36788617884,6849877.314876016,265242.2983527858,7092603.776422764,6609653.134146341,492,0.0,0
2018-03-01 09:25:00,11253.0,9.241895261845386,22458807.795511223,5.665835411471321,4.598503740648379,424.26683291770576,1802.2992518703243,170.60099750623442,18.30423940149626,46.216965807032416,47.924513507980045,297.56857855361596,28.042394014962593,103.65853767049875,104.1911189105985,274067.0691556414,64646.71521884746,5515850.569476887,1658367.7405105683,10508584.810473815,4758547.740648379,22237432.448877804,5981036.416129676,2060004.2960900066,10518972.3840399,4804322.246882793,13276350.453865336,1111401.3839228353,1610870.5159723868,4920094.558603492,204028.1246882793,0.08478802992518704,0.0,0.0,0.0,100.17955112219451,94.87281795511223,52527.798492086105,12116.634452723794,18.189526184538654,327.35660847880297,74.76555793578554,97.57039110882295,34896.20410716863,0.00997506234413965,0.08478802992518704,0.19451371571072318,0.3266832917705736,0.29925187032418954,0.06982543640897755,0.0,0.19451371571072318,0.47880299251870323,86.86814634506234,46.216965807032416,103.65853767049875,0.0,0.0,0.0,0.0,0.0,0.0,5.665835411471321,424.26683291770576,4.598503740648379,1802.2992518703243,5729.556109725686,7764.274314214464,2.0997506234413965,15.491271820448878,431496.26640219445,194445.9579582782,577904.1995012469,293997.0548628429,9843380.819920199,406897.45544684393,10322449.618453866,9476510.765586035,401,0.0,0
2018-03-01 09:26:00,11512.93953488372,9.13953488372093,13755739.304651164,4.76046511627907,3.437209302325581,318.1046511627907,1127.4976744186047,158.41627906976746,17.790697674418606,47.44951904841861,47.95921163816279,270.36976744186046,25.772093023255813,89.35980884735581,95.04153777545116,466911.272242747,59656.6475739096,3970429.2909841584,1060591.560789392,7338830.927906977,3500171.8093023254,13671143.041860465,4296603.53213286,1332187.3266141876,7302648.797674418,3510120.365116279,8176382.688372093,827148.9837444557,995086.554096697,3315781.4790697675,240957.2976744186,0.1325581395348837,0.0,0.0,0.0,86.2139534883721,71.10697674418604,53579.44213776489,6070.820375205965,14.64186046511628,300.6046511627907,67.32317122686047,90.43838708254418,29778.438335056886,0.013953488372093023,0.1325581395348837,0.19534883720930232,0.32790697674418606,0.3558139534883721,0.06279069767441861,0.0,0.19534883720930232,0.5069767441860465,79.5815250023721,47.44951904841861,89.35980884735581,0.0,0.0,0.0,0.0,0.0,0.0,4.76046511627907,318.1046511627907,3.437209302325581,1127.4976744186047,6309.506976744186,7926.318604651163,1.783720930232558,16.41860465116279,395438.1212642326,313803.18963609234,636265.6930232558,177689.42790697675,6779549.273713954,312899.5283500187,7112897.290697674,6495584.265116279,430,0.0,0
2018-03-01 09:27:00,7923.833333333333,10.042168674698795,20469267.947791163,5.724899598393574,4.6305220883534135,414.57028112449797,1332.6265060240964,176.03012048192772,15.43574297188755,47.01632049154618,53.4975250752249,359.6265060240964,35.066265060240966,120.56828229323293,125.4145832051004,441150.8876250377,47530.574556237734,3859215.4677916965,1622267.676707588,9096887.491967872,3251656.3032128513,20267353.55421687,4497304.586845442,2022139.3163316373,9060424.63052209,3412171.9437751006,15060345.91566265,1367853.3177450742,1884560.175969565,5637340.907630522,295623.4176706827,0.07630522088353414,0.0,0.0,0.0,100.714859437751,96.22489959839358,41506.41878094021,6019.561437732028,15.343373493975903,381.93975903614455,79.23382895140563,114.80408100200401,40141.58060583739,0.008032128514056224,0.07630522088353414,0.2248995983935743,0.3654618473895582,0.2248995983935743,0.03614457831325301,0.0,0.2248995983935743,0.5321285140562249,93.03691446654618,47.01632049154618,120.56828229323293,0.0,0.0,0.0,0.0,0.0,0.0,5.724899598393574,414.57028112449797,4.6305220883534135,1332.6265060240964,5524.90562248996,7328.293172690763,2.1947791164658637,15.14859437751004,567253.402775502,283561.8262364349,775678.8313253012,368131.016064257,8659127.998246988,141727.76385839784,8766701.449799197,8502202.875502009,498,0.0,0
2018-03-01 09:28:00,9307.421052631578,10.38345864661654,16676298.684210526,4.530075187969925,3.580827067669173,317.1954887218045,1019.874060150376,151.3815789473684,22.639097744360903,49.187796970977445,43.77412243009398,298.96992481203006,36.24248120300752,106.33174106988722,102.5330543861654,372356.67947824224,45559.391083763454,3903604.216023927,1389372.7463905672,7917916.2894736845,3290498.872180451,16630662.945488721,4342896.456195414,1731122.7447152615,7892668.37593985,3313925.0488721803,10920196.516917294,988148.5335514962,1285845.982175562,3893886.129699248,197332.9060150376,0.12593984962406016,0.0,0.0,0.0,85.93984962406014,73.66917293233082,41978.22521219436,3575.1448705664943,22.639097744360903,326.4793233082707,76.82635132381579,96.54822356859398,32190.35534040128,0.013157894736842105,0.12593984962406016,0.18421052631578946,0.3026315789473684,0.2556390977443609,0.041353383458646614,0.0,0.18421052631578946,0.5131578947368421,92.99298054780076,49.187796970977445,106.33174106988722,0.0,0.0,0.0,0.0,0.0,0.0,4.530075187969925,317.1954887218045,3.580827067669173,1019.874060150376,5108.511278195489,6663.757518796992,1.9473684210526316,14.781954887218046,72136.39534928571,35563.9759433391,119327.11466165414,51142.12781954887,7433137.5706409775,304757.9550036551,7736653.783834587,7161474.89849624,532,0.0,0
2018-03-01 09:29:00,10082.638069705094,8.841823056300267,18843393.852546915,5.924932975871314,3.9758713136729225,397.64879356568366,694.5817694369973,179.63002680965147,16.32975871313673,49.6971210543941,55.735760527238604,296.79624664879356,26.820375335120644,85.07368407845308,98.00145637293296,75351.96752288315,27521.315005380955,4634666.237990279,1245420.845845747,7837314.512064343,3969858.45308311,18515119.659517426,5118564.434764236,1385146.3323401897,7734665.782841823,4083145.324396783,10503081.517426273,1169998.790852815,1035520.0995749749,3008956.8498659516,372851.18230563,0.064343163538874,0.0,0.0,0.0,92.13941018766756,85.6514745308311,21531.512462682167,5984.895347057367,16.289544235924932,326.230563002681,65.037815246748,90.67140304776139,26523.01506635681,0.01876675603217158,0.064343163538874,0.21447721179624665,0.39946380697050937,0.2707774798927614,0.0777479892761394,0.0,0.21447721179624665,0.5522788203753352,77.32917448075068,49.6971210543941,85.07368407845308,0.0,0.0,0.0,0.0,0.0,0.0,5.924932975871314,397.64879356568366,3.9758713136729225,694.5817694369973,6460.949061662199,10816.825737265415,1.9812332439678284,16.18230563002681,1104978.3914414477,554505.9546377561,1541474.163538874,717407.2654155496,7080616.156394102,393795.09332847915,7446365.965147453,6745670.90080429,373,0.0,0
2018-03-01 09:30:00,8420.547472256474,10.646115906288532,17424756.00616523,5.103575832305795,4.579531442663378,363.70530209617755,1677.1948212083846,177.03452527743528,20.388409371146732,50.02931575881628,51.51542914637484,372.18002466091247,41.97533908754624,136.77037111856967,129.39600591816276,132818.117578856,36209.25453758588,2512939.2443183274,1393046.9749556088,7124902.901356351,1967779.859432799,17089175.145499382,2956945.2031369507,1736210.7295427725,6899013.519112207,1982442.4241676943,14228988.916152898,1051492.1543991538,1591934.7600926554,4851493.225647349,126944.59926017263,0.08261405672009864,0.0,0.0,0.0,99.11713933415537,96.25154130702836,31478.352722358897,4723.566736388965,19.04438964241677,394.173859432799,88.406483688582,121.4898742264402,44652.45690821439,0.006165228113440197,0.08261405672009864,0.2379778051787916,0.33292231812577067,0.22071516646115907,0.0530209617755857,0.0,0.2379778051787916,0.5967940813810111,104.34050719568434,50.02931575881628,136.77037111856967,0.0,0.0,0.0,0.0,0.0,0.0,5.103575832305795,363.70530209617755,4.579531442663378,1677.1948212083846,4173.923551171393,5552.220715166462,2.288532675709001,14.776818742293464,102470.12162087545,51098.403994463624,183748.7607891492,73872.54130702835,6758521.69138471,207626.60038007682,6931354.753390876,6514950.868064119,811,0.0,0
2018-03-01 09:31:00,8266.33143939394,9.696969696969697,18644463.123106062,5.706439393939394,4.679924242424242,350.17045454545456,2060.9829545454545,171.6060606060606,18.918560606060606,47.578432038884465,50.4851445903447,316.8011363636364,37.17424242424242,112.93136236488637,107.30737412098485,436204.93052105757,55157.04615573568,4043141.3857095777,1178434.8074780745,7293394.935606061,3482138.6856060605,18503949.884469695,4533777.292555316,1470367.0854418583,7213745.399621212,3494373.867424242,11717614.456439395,1043939.0204546086,1167071.4191809269,3292423.878787879,225813.64393939395,0.0946969696969697,0.0,0.0,0.0,93.59848484848484,98.22727272727273,50656.125594703706,4494.853946650602,16.56628787878788,341.7253787878788,78.42598905181818,105.5746856713731,37248.11498579137,0.013257575757575758,0.0946969696969697,0.19318181818181818,0.3162878787878788,0.2727272727272727,0.028409090909090908,0.0,0.19318181818181818,0.553030303030303,92.01508513505112,47.578432038884465,112.93136236488637,0.0,0.0,0.0,0.0,0.0,0.0,5.706439393939394,350.17045454545456,4.679924242424242,2060.9829545454545,5367.043560606061,6946.589015151515,1.9659090909090908,15.022727272727273,582144.2987753409,290832.50773538835,863443.8503787878,387498.2935606061,6818060.390941287,209609.96879003372,7019122.098484849,6622219.303030303,528,0.0,0
2018-03-01 09:32:00,9873.790808240887,10.502377179080824,15683453.275752774,4.510301109350237,3.9619651347068148,249.78288431061807,1604.7052297939779,136.47385103011092,18.90174326465927,40.0324086588431,37.771396981248806,287.70998415213944,45.3486529318542,116.07072069839937,94.00046007940887,137120.2431272111,36504.970957420635,2988004.798549509,1426656.9031469352,6496369.041204438,2307532.591125198,15519306.808240887,3475009.67757681,1638669.8621353137,6402453.234548336,2396203.7496038033,11389565.356576862,1020220.7286351236,1074878.2534971074,3170734.408874802,228436.44215530902,0.05388272583201268,0.0,0.0,0.0,85.96513470681458,84.18383518225039,29124.021382225044,7379.4991923149455,18.90174326465927,303.6703645007924,73.41174610865293,93.88217210804596,32886.56520653507,0.004754358161648178,0.05388272583201268,0.22503961965134706,0.3248811410459588,0.24881141045958796,0.09350237717908082,0.0,0.22503961965134706,0.6038034865293186,88.18729993892235,40.0324086588431,116.07072069839937,0.0,0.0,0.0,0.0,0.0,0.0,4.510301109350237,249.78288431061807,3.9619651347068148,1604.7052297939779,4647.090332805072,6095.64500792393,1.8748019017432647,15.239302694136292,117367.5677258954,14547.756816660856,145533.35816164818,110206.8320126783,6026021.372486529,194962.84961053127,6201084.074484944,5807607.258320127,631,0.0,0
2018-03-01 09:33:00,11377.352159468439,9.305647840531561,19393701.6910299,5.8604651162790695,4.775747508305648,366.1544850498339,2010.6063122923588,152.27574750830564,15.488372093023257,42.62334732848837,45.955478307641194,307.39867109634554,30.719269102990033,113.57626399313955,108.56714727996678,536185.1768805416,68249.40981709161,3399416.5800261935,1486791.6493063564,7595292.956810631,2694954.6328903656,19129944.23920266,3852171.930952513,1702544.109748593,7456935.601328904,2762830.772425249,13414231.42192691,1270277.1328981128,1351576.4010953724,4243780.468438538,407364.6611295681,0.1378737541528239,0.0,0.0,0.0,99.96677740863787,100.91694352159469,62421.2081993775,5820.600353543741,15.488372093023257,332.0249169435216,77.22757231398671,103.96234449396678,38809.00508638525,0.011627906976744186,0.1378737541528239,0.21926910299003322,0.30398671096345514,0.3289036544850498,0.06478405315614617,0.0,0.21926910299003322,0.5182724252491694,89.74261038887043,42.62334732848837,113.57626399313955,0.0,0.0,0.0,0.0,0.0,0.0,5.8604651162790695,366.1544850498339,4.775747508305648,2010.6063122923588,4587.900332225913,6062.681063122924,2.181063122923588,15.561461794019934,402269.0663290698,373363.4229052492,764299.5647840531,150950.86877076412,6946567.403533223,496836.6595122203,7416124.696013289,6530804.162790698,602,0.0,0
2018-03-01 09:34:00,12561.283950617284,8.87962962962963,14846701.561728396,4.311728395061729,3.0339506172839505,320.1759259259259,671.6882716049382,158.04012345679013,16.858024691358025,44.40446402108025,45.636844925030864,246.39506172839506,29.703703703703702,80.99477746521605,83.37557189290123,350986.8592422481,42351.205551134124,6140629.135013972,841663.1995043108,8594654.216049382,5720517.037037037,14789251.651234567,6407188.493970031,1020213.9176625279,8579802.398148147,5755843.808641976,6012719.932098766,785706.5361354321,686205.6870214902,2414759.154320988,330492.5401234568,0.08333333333333333,0.0,0.0,0.0,80.07407407407408,61.50617283950617,28174.629911374013,14169.513972475173,16.679012345679013,274.74074074074076,61.62970628391975,79.44790655263888,24759.79434455108,0.0,0.08333333333333333,0.2006172839506173,0.33024691358024694,0.33641975308641975,0.09876543209876543,0.0,0.2006172839506173,0.5308641975308642,73.7835187039506,44.40446402108025,80.99477746521605,0.0,0.0,0.0,0.0,0.0,0.0,4.311728395061729,320.1759259259259,3.0339506172839505,671.6882716049382,6854.388888888889,10169.348765432098,1.6080246913580247,16.28395061728395,284594.82025438274,190728.99339226482,436214.0864197531,153031.47530864197,7932377.787108024,352073.67767654173,8264536.361111111,7628513.336419753,324,0.0,0
2018-03-01 09:35:00,9966.97393364929,8.97867298578199,20173164.47156398,6.1350710900473935,4.751184834123222,460.7654028436019,1571.632701421801,203.95971563981044,14.199052132701421,48.92936808914693,61.51549228400711,332.65876777251185,27.682464454976305,100.63726147218009,111.93824539684834,290733.3622997975,43370.061761308796,4509887.692245055,1615685.0704107964,8840213.869668247,3782583.191943128,20083882.478672985,5064276.14042109,2000557.6070384246,8869857.12322275,3838943.902843602,12006175.654028436,1132459.1488644148,1323843.374060751,3700032.210900474,299366.55213270144,0.07109004739336493,0.0,0.0,0.0,101.30805687203791,99.99052132701422,34591.01441749731,8779.047345571838,14.090047393364928,359.49289099526067,72.0378142966801,103.42403070785781,34117.78458110323,0.014218009478672985,0.07109004739336493,0.1943127962085308,0.3767772511848341,0.28199052132701424,0.061611374407582936,0.0,0.1943127962085308,0.4976303317535545,83.53291499072037,48.92936808914693,100.63726147218009,0.0,0.0,0.0,0.0,0.0,0.0,6.1350710900473935,460.7654028436019,4.751184834123222,1571.632701421801,6446.308056872038,10691.061611374407,2.1516587677725116,16.066350710900473,568717.6984339099,591622.8529679977,1094928.6208530806,172026.34834123222,8195157.534244076,285672.8562357867,8479662.495260663,7912244.7606635075,422,0.0,0
2018-03-01 09:36:00,6739.210200927357,10.664605873261205,19396852.1251932,5.222565687789799,4.758887171561051,400.6321483771252,1927.9088098918085,171.20092735703247,21.108191653786708,49.775268626366305,49.386297170740335,371.98608964451313,43.40030911901082,135.55255673214836,127.8297114482442,273202.66746493126,37594.314942001765,3354604.624640515,1679226.5875185141,8608565.726429675,2670929.570324575,19335572.659969088,3950440.536494454,2203461.641846613,8655147.930448223,2707871.4126738794,14595462.360123647,1274231.4978805364,1886407.0146846196,5416879.55332303,175146.42658423493,0.07109737248840804,0.0,0.0,0.0,98.80680061823803,98.91808346213293,34703.14641645132,2886.2177177973927,21.108191653786708,393.4775888717156,88.63722072862441,120.33701103996445,44100.849895688625,0.0030911901081916537,0.07109737248840804,0.241112828438949,0.3462132921174652,0.19629057187017002,0.023183925811437404,0.0,0.241112828438949,0.598145285935085,105.22989313009275,49.775268626366305,135.55255673214836,0.0,0.0,0.0,0.0,0.0,0.0,5.222565687789799,400.6321483771252,4.758887171561051,1927.9088098918085,4367.312210200927,6263.106646058733,2.1406491499227203,14.553323029366306,195173.38517510047,101730.93608888655,285024.1282843895,126638.71870170016,8019250.6428377135,439421.4735352003,8423522.378670787,7653365.514683153,647,0.0,0
2018-03-01 09:37:00,6118.010493179433,11.118572927597063,20409966.50367261,6.057712486883526,6.155299055613851,359.46799580272824,3078.3662119622245,166.94123819517313,24.162644281217208,50.17237537532004,46.197355444869885,366.06505771248686,49.65897166841553,141.82512918949948,123.42607856479118,223317.0765652165,19577.618325973905,2333631.2685828325,1626694.1155554978,7470095.565582371,1687009.3819517314,20263604.310598113,2941600.012029846,2103738.250124747,7378217.551941238,1717605.2822665267,16533841.517313747,1206532.4390562966,1871791.2065972087,5421505.431269675,143009.18048268626,0.0472193074501574,0.0,0.0,0.0,104.92339979013641,126.87932843651626,15995.361185353617,3576.015011755355,24.162644281217208,383.0020986358867,94.48966830603253,120.69285958211962,45704.81740726139,0.005246589716684155,0.0472193074501574,0.23819517313746066,0.3242392444910808,0.1689401888772298,0.03672612801678909,0.0,0.23819517313746066,0.6946484784889821,112.69946692859706,50.17237537532004,141.82512918949948,0.0,0.0,0.0,0.0,0.0,0.0,6.057712486883526,359.46799580272824,6.155299055613851,3078.3662119622245,4023.3578174186778,4558.795383001049,2.186778593913956,13.930745015739769,269687.5430098006,139210.2584020532,406231.95487932843,176542.63483735573,7036580.6046977965,273803.23258523166,7276436.751311648,6803870.486883526,953,0.0,0
2018-03-01 09:38:00,7794.813359528487,10.463654223968566,18587294.041257367,5.591355599214145,5.174852652259332,460.78978388998036,1589.8880157170922,206.35559921414537,18.95088408644401,55.602193398282914,62.43502791523576,417.7033398821218,43.13163064833006,135.73329296373282,139.13876150349705,327675.9631205702,32962.08245243583,3438932.201590675,1399523.1729533363,7698737.328094303,2852900.5284872297,18280195.70530452,3966292.5623555603,1805329.9141152522,7640036.607072691,2856869.5776031436,14020560.123772101,1142527.4053212693,1441460.4748589543,4353247.249508841,214891.0648330059,0.06286836935166994,0.0,0.0,0.0,102.62475442043223,108.74656188605108,28074.459656439747,4881.329726306436,18.95088408644401,438.909626719057,92.34081598276622,131.21464521464833,46870.29449101774,0.003929273084479371,0.06286836935166994,0.25147347740667975,0.34577603143418467,0.21414538310412573,0.05697445972495088,0.0,0.25147347740667975,0.6640471512770137,108.52375102976818,55.602193398282914,135.73329296373282,0.0,0.0,0.0,0.0,0.0,0.0,5.591355599214145,460.78978388998036,5.174852652259332,1589.8880157170922,6087.5992141453835,11081.7721021611,2.432220039292731,14.63261296660118,315222.67123888014,172148.81959936876,518100.0314341847,197208.04911591354,7109782.9796679765,325824.66574218596,7377188.3418467585,6809117.485265226,509,0.0,0
2018-03-01 09:39:00,10734.443925233645,9.521806853582554,19665233.417445485,6.244548286604362,6.521806853582555,381.1993769470405,3919.278816199377,168.19158878504672,17.39563862928349,46.7147745075701,49.8901405735919,319.3411214953271,37.070093457943926,122.70276359383645,107.52169385744392,148793.7018872209,50273.948110070436,3870176.8395442427,1516911.5794288358,8083862.9797507785,3152173.222741433,19494093.683800623,4457132.432078614,1789371.8761913066,8081910.079439253,3319094.1728971964,11913367.152647976,1110037.101403279,1162138.7440237782,3867723.554517134,396960.3971962617,0.1043613707165109,0.0,0.0,0.0,109.7196261682243,135.14641744548285,43772.555299940126,6492.126845972238,17.305295950155763,344.3847352024922,86.63191811134423,109.85387321319782,41507.79591496646,0.006230529595015576,0.1043613707165109,0.20404984423676012,0.30218068535825543,0.32087227414330216,0.07476635514018691,0.0,0.20404984423676012,0.5887850467289719,100.29108303844237,46.7147745075701,122.70276359383645,0.0,0.0,0.0,0.0,0.0,0.0,6.244548286604362,381.1993769470405,6.521806853582555,3919.278816199377,4742.51246105919,9077.154205607476,2.102803738317757,15.489096573208723,268117.2261813863,184340.87936709012,446023.2336448598,141692.0280373832,7134762.209619938,687861.2286657216,7788277.543613707,6508867.612149533,642,0.0,0
2018-03-01 09:40:00,8957.16179775281,10.4561797752809,12114432.08539326,4.884269662921349,4.140449438202247,389.961797752809,1411.9337078651686,175.97865168539326,18.689887640449438,50.36994303034832,53.60143550012922,325.7730337078652,40.56741573033708,119.53246865142695,110.21085686046067,676719.5854649354,57675.088348063386,2251650.423071925,1148923.1440620292,5905269.8449438205,1745042.3831460674,11989164.73483146,2712936.8062134045,1338305.8335927422,5873435.770786517,1923067.370786517,7631198.98764045,901141.6273951292,1000170.8156011535,3295708.574157303,334057.69662921346,0.09887640449438202,0.0,0.0,0.0,90.26067415730337,84.28314606741573,54354.52004182105,3312.341860161742,18.689887640449438,351.18426966292134,81.2725135572472,108.06460209973034,37424.97865276562,0.015730337078651686,0.09887640449438202,0.2202247191011236,0.30674157303370786,0.26292134831460673,0.0348314606741573,0.0,0.2202247191011236,0.6056179775280899,96.39139773115731,50.36994303034832,119.53246865142695,0.0,0.0,0.0,0.0,0.0,0.0,4.884269662921349,389.961797752809,4.140449438202247,1411.9337078651686,4305.240449438203,7395.591011235955,1.9685393258426966,14.98876404494382,276796.1365315281,116785.1042218932,436133.9876404494,204868.48651685394,5161349.301722472,602766.0081592784,5665298.01235955,4677021.6550561795,890,0.0,0
2018-03-01 09:41:00,7096.634722222222,10.291666666666666,12287808.620833334,5.5,5.113888888888889,418.96527777777777,1836.2555555555555,209.88055555555556,17.318055555555556,55.62236319237639,65.16626594869722,411.8277777777778,40.2,149.17767619895832,144.525250545375,226493.67542941848,22480.481669904075,2584000.4709400837,1168935.2833920394,6218352.743055556,2099084.426388889,12105283.69861111,3080150.475399033,1384722.3015881607,6136982.090277778,2308705.7416666667,7873067.330555555,897445.0971748708,932902.8553734336,3230187.331944444,408738.89444444445,0.06111111111111111,0.0,0.0,0.0,97.38333333333334,104.33333333333333,19797.271264814364,2679.397104610243,17.318055555555556,434.8361111111111,99.63083098254305,137.18920863177223,52332.04401448773,0.013888888888888888,0.06111111111111111,0.2263888888888889,0.3458333333333333,0.225,0.027777777777777776,0.0,0.2263888888888889,0.6347222222222222,115.12165401501944,55.62236319237639,149.17767619895832,0.0,0.0,0.0,0.0,0.0,0.0,5.5,418.96527777777777,5.113888888888889,1836.2555555555555,4783.413888888889,9605.847222222223,1.9958333333333333,14.922222222222222,222814.0849456389,155959.10241244908,355016.33472222224,113900.60138888888,5385920.123729167,477902.8661774642,5750254.552777777,5022905.1875,720,0.0,0
2018-03-01 09:42:00,5929.770723104057,9.982363315696649,18458939.056437388,6.054673721340388,5.350970017636684,474.7989417989418,1956.4303350970017,213.35097001763668,17.202821869488535,56.53977917803704,65.20442641498941,440.0740740740741,37.00352733686067,140.63546479268075,152.56673602059965,75428.8746261518,17239.12085116546,4011094.960036112,1387314.2125674738,8445713.492063493,3414900.204585538,18172773.80776014,4389572.483245677,1678637.7778340073,8321368.049382716,3448037.647266314,12042321.386243386,925423.4349744462,1312883.606325824,4244856.529100529,198230.17460317462,0.037037037037037035,0.0,0.0,0.0,113.70723104056438,112.29629629629629,15283.777723349407,1952.9219844047407,17.135802469135804,456.8500881834215,93.8014385253792,136.47836674904232,48372.8221260404,0.007054673721340388,0.037037037037037035,0.26807760141093473,0.4444444444444444,0.14285714285714285,0.015873015873015872,0.0,0.26807760141093473,0.5784832451499118,107.86785523931216,56.53977917803704,140.63546479268075,0.0,0.0,0.0,0.0,0.0,0.0,6.054673721340388,474.7989417989418,5.350970017636684,1956.4303350970017,5865.395061728395,11454.493827160493,2.5961199294532626,15.209876543209877,261877.28572948853,218220.13391661376,449110.1446208113,112311.16931216931,7827948.5436948845,341159.59073703655,8133847.33686067,7532718.585537919,567,0.0,0
2018-03-01 09:43:00,4289.69087635054,11.983193277310924,19732298.423769508,6.235894357743097,6.975990396158464,386.2665066026411,4623.0654261704685,171.2466986794718,23.513205282112846,50.23702578791716,47.89833544096579,391.58763505402163,55.47959183673469,166.78667046626052,129.14502114564166,233301.49227136342,16879.730964035847,1547468.0330947328,1400809.8998025663,5633244.671068427,922572.6356542617,19397874.19987995,2061908.4741436532,1658316.9093459717,5384944.453781513,952845.9579831932,17610680.19267707,1123849.852253275,1468071.5876535948,4382338.731692677,117676.27430972389,0.03721488595438175,0.0,0.0,0.0,118.8499399759904,147.7094837935174,13743.131835755314,3134.676455836138,22.95798319327731,409.3997599039616,107.22466813779712,132.81570277309245,53123.05369771061,0.004801920768307323,0.03721488595438175,0.27911164465786314,0.3277310924369748,0.10804321728691477,0.02040816326530612,0.0,0.27911164465786314,0.7184873949579832,125.68297545503601,50.23702578791716,166.78667046626052,0.0,0.0,0.0,0.0,0.0,0.0,6.235894357743097,386.2665066026411,6.975990396158464,4623.0654261704685,3613.2995198079234,4108.85294117647,2.578031212484994,13.234093637454983,196728.9194342557,73098.12992473008,356243.5426170468,164258.18907563025,5342011.069815726,99624.2708535295,5413070.627851141,5187731.518007203,1666,0.0,0
2018-03-01 09:44:00,8237.432068543452,10.532435740514076,17519711.76009792,5.368421052631579,4.9522643818849446,304.68788249694,2302.984088127295,145.9106487148103,18.134638922888616,42.0463566004284,42.366646377800485,344.7454100367197,42.237454100367195,131.96327250555692,116.63429527965728,278696.44791239453,25356.720120766928,2510042.1970828664,1340576.4565599682,6318027.664626683,1878719.3439412485,17209643.40636475,2988000.771159184,1500404.2083027787,6092930.637698898,1971914.9155446757,13880836.483476132,1073167.4873559205,1241650.2489222798,3880483.9779681764,215796.06731946144,0.0416156670746634,0.0,0.0,0.0,100.51897184822522,105.93390452876378,18370.929338308135,6981.870130990978,17.979192166462667,357.40391676866585,83.1570542640967,112.04951452160954,42225.50430255704,0.011015911872705019,0.0416156670746634,0.24112607099143207,0.3378212974296206,0.22643818849449204,0.05385556915544676,0.0,0.24112607099143207,0.6009791921664627,97.62747372047124,42.0463566004284,131.96327250555692,0.0,0.0,0.0,0.0,0.0,0.0,5.368421052631579,304.68788249694,4.9522643818849446,2302.984088127295,5567.996328029376,6129.679314565484,2.208078335373317,14.927784577723378,337589.28382137086,170781.52259826084,520332.5299877601,218736.44553243576,5885964.896397797,192146.51756974857,6054218.209302326,5696519.3414932685,817,0.0,0
2018-03-01 09:45:00,12026.445895522387,10.659514925373134,14177500.057835821,4.139925373134329,3.732276119402985,233.77238805970148,1451.3535447761194,117.69216417910448,18.246268656716417,36.02635619238526,32.39122768666138,258.50932835820896,42.63712686567164,102.85771745505598,82.43679359248507,153230.30121494076,45547.43917991083,2314693.8598142285,1045183.0886873173,4867393.123134328,1794660.2565298507,14046648.896455225,2736793.0817607865,1215155.096427017,4804390.201492538,1852211.6417910447,10464530.120335821,817606.1906153274,896756.9151494084,2461518.4766791044,105613.85167910448,0.05503731343283582,0.0,0.0,0.0,75.58208955223881,78.71641791044776,34679.38428624378,10864.213136588716,18.1875,273.7070895522388,66.01476043122014,84.0038833233041,29004.094962271403,0.005597014925373134,0.05503731343283582,0.16791044776119404,0.23227611940298507,0.31156716417910446,0.13432835820895522,0.0,0.16791044776119404,0.6595149253731343,79.81206785532555,36.02635619238526,102.85771745505598,0.0,0.0,0.0,0.0,0.0,0.0,4.139925373134329,233.77238805970148,3.732276119402985,1451.3535447761194,3840.939365671642,4634.663246268657,1.7145522388059702,14.470149253731343,66787.94669099814,32988.0625796077,118745.98600746269,46728.959888059704,4582265.659113806,91005.67651011435,4677319.543843283,4478831.865671642,1072,0.0,0
2018-03-01 09:46:00,9933.69304099142,10.979027645376549,10903791.151572926,4.060057197330791,4.619637750238322,233.93231649189704,3307.655862726406,114.82078169685414,22.188751191611058,42.53908202567493,32.3775811150124,229.59866539561486,43.292659675881794,95.45597614899238,72.4022230810696,388641.45426002314,53290.377708156455,1828926.5372712726,922730.916712835,4541105.725452812,1431143.9075309818,10801359.882745473,2160830.709661201,1142156.5391882812,4489767.328884652,1477945.769304099,8254891.073403241,708450.1907404975,983610.0817389645,2770748.2955195424,124509.18017159199,0.11344137273593899,0.0,0.0,0.0,69.79218303145853,92.20591039084843,47529.17469886388,5755.095911905656,22.014299332697806,250.9075309818875,67.31040261120114,76.57530723503051,25005.67092082486,0.01334604385128694,0.11344137273593899,0.14299332697807435,0.21067683508102955,0.29551954242135364,0.07149666348903717,0.0,0.14299332697807435,0.6158245948522403,83.19468392128884,42.53908202567493,95.45597614899238,0.0,0.0,0.0,0.0,0.0,0.0,4.060057197330791,233.93231649189704,4.619637750238322,3307.655862726406,3074.9809342230697,3830.910390848427,1.4899904671115347,13.98284080076263,185995.95543943756,170430.02265901148,327516.552907531,69261.35557673975,4271495.2416444225,151450.15491251767,4403855.902764537,4120385.8017159197,1049,0.0,0
2018-03-01 09:47:00,7225.038903625111,12.14235190097259,13281676.58974359,4.186560565870911,3.882404951370469,267.4703801945181,1387.9655172413793,123.84261715296198,22.65605658709107,42.186945828763925,33.61441858785677,295.6392572944297,51.214854111405835,119.81202655006543,95.14689261247834,361237.9165026751,29505.92362344293,1992596.0598193207,1158928.911068414,5612787.346595933,1512322.278514589,12975285.333333334,2285807.8530470706,1330728.2608150598,5360747.572060124,1548833.8921308576,10397484.570291778,906027.4059357771,1173762.3200609921,3770322.2360742707,263947.1352785146,0.05658709106984969,0.0,0.0,0.0,76.2157382847038,76.3395225464191,24355.90138336801,5146.380892139419,22.655172413793103,308.46419098143235,75.56620187062953,94.7537151334527,32597.050224685347,0.0008841732979664014,0.05658709106984969,0.19982316534040673,0.246684350132626,0.18037135278514588,0.0592396109637489,0.0,0.19982316534040673,0.7038019451812555,92.59052451424404,42.186945828763925,119.81202655006543,0.0,0.0,0.0,0.0,0.0,0.0,4.186560565870911,267.4703801945181,3.882404951370469,1387.9655172413793,3161.650751547303,4512.6251105216625,1.6295313881520779,13.202475685234306,245746.54897700265,119938.05747405495,355340.100795756,161099.9142351901,5261784.42133687,219200.3485706273,5473214.935455349,5073098.169761273,1131,0.0,0
2018-03-01 09:48:00,9344.485049833887,10.39202657807309,17238667.715946846,4.858803986710964,3.953488372093023,285.5282392026578,1578.4152823920265,141.66943521594683,19.491694352159467,43.66556231855482,40.13568345349003,293.13289036544853,41.72757475083056,108.74552363922592,96.04568460131728,369771.35810735595,39977.41660975446,3780963.8624749724,1375658.8394627082,7690095.4667774085,3162737.646179402,17180106.64451827,4239096.221601971,1706740.4829032952,7662800.9667774085,3211359.7906976743,11172975.88704319,944946.9046624136,1290450.4026878197,3703552.104651163,158438.2541528239,0.07475083056478406,0.0,0.0,0.0,86.34551495016612,82.95681063122923,34175.186100223145,5799.190004185011,19.385382059800666,313.71760797342193,73.7818228501495,95.37894389792525,32052.88047504159,0.008305647840531562,0.07475083056478406,0.15614617940199335,0.29401993355481726,0.26411960132890366,0.061461794019933555,0.0,0.15614617940199335,0.5913621262458472,88.5732559326794,43.66556231855482,108.74552363922592,0.0,0.0,0.0,0.0,0.0,0.0,4.858803986710964,285.5282392026578,3.953488372093023,1578.4152823920265,4730.483388704319,6041.787375415282,1.9235880398671097,14.843853820598007,335029.9767491362,162428.1051083054,491612.73920265783,225594.37541528238,7133393.900797343,317875.5227873257,7434204.583056479,6813826.495016611,602,0.0,0
2018-03-01 09:49:00,9982.38226744186,10.405523255813954,17766001.19476744,14.36482558139535,20.486918604651162,697.7122093023256,18759.4636627907,159.92732558139534,16.125,43.19622469536918,46.34120509654651,322.22529069767444,37.02761627906977,111.60814965169041,107.07767077865407,366963.17169615335,50034.521192790075,2960980.145434528,1504346.7183800745,7876780.4433139535,2381237.960755814,17463482.369186047,3450553.417759132,1942394.4197841748,7881244.9433139535,2410168.7965116277,13527251.143895349,1083054.9411058372,1686967.7278856996,5003459.010174419,129719.74854651163,0.10465116279069768,0.0,0.0,0.0,187.2674418604651,234.13953488372093,44251.851242497985,5779.344397790818,16.058139534883722,338.86046511627904,74.18669472644477,102.24900857549419,35577.37582419629,0.007267441860465116,0.10465116279069768,0.19912790697674418,0.3023255813953488,0.2688953488372093,0.07412790697674419,0.0,0.19912790697674418,0.6148255813953488,87.63803859771366,43.19622469536918,111.60814965169041,0.0,0.0,0.0,0.0,0.0,0.0,14.36482558139535,697.7122093023256,20.486918604651162,18711.241279069767,5077.459302325581,6714.9738372093025,11.171511627906977,14.976744186046512,145171.8067748401,129955.19043888431,300604.9767441861,53243.90843023256,7348398.838367732,405800.5224105638,7662228.084302326,7026349.25,688,0.0,0
2018-03-01 09:50:00,11047.203333333333,9.3,17245551.473333333,5.21,3.9316666666666666,316.53833333333336,1190.015,160.48333333333332,15.773333333333333,44.5567688939,48.03750915327,319.20166666666665,30.878333333333334,103.070233698255,108.26731369128501,358033.32906644134,42034.73689103095,3376403.633601124,1371895.6813427713,7040485.255,2735003.045,17238554.686666667,3859344.2971120714,1639626.927781701,7064457.735,2826306.4383333335,11706256.063333333,1053691.5543551284,1084353.2410344249,3358233.8583333334,337252.42,0.12166666666666667,0.0,0.0,0.0,95.30666666666667,84.57333333333334,37433.36365631311,4589.933332627977,15.771666666666667,342.0233333333333,71.22637082096666,100.39718238781333,33448.81407493005,0.013333333333333334,0.12166666666666667,0.22166666666666668,0.35,0.31333333333333335,0.05,0.0,0.22166666666666668,0.48,83.894478450995,44.5567688939,103.070233698255,0.0,0.0,0.0,0.0,0.0,0.0,5.21,316.53833333333336,3.9316666666666666,1190.015,4932.235,7820.613333333334,2.1633333333333336,16.126666666666665,278874.12118711666,104229.5281680105,370999.9766666667,206087.68666666668,6644006.413746667,179146.3537932712,6841219.513333334,6438243.645,600,0.0,0
2018-03-01 09:51:00,7643.646478873239,10.411267605633803,18156679.950704224,33.277464788732395,56.46619718309859,962.4352112676056,61284.31126760563,184.0056338028169,18.02112676056338,49.14972203919719,54.781318141170416,367.1605633802817,44.361971830985915,136.14326265769014,121.72129399397183,349447.80472263205,45821.36259627136,3217809.335628952,1372085.6345546844,6620483.890140845,2550567.6929577463,18019643.912676055,3736655.752548099,1659710.8635373064,6575624.94084507,2564749.177464789,13393615.00140845,1019062.396866776,1182255.9962509277,3116826.9211267605,135315.52253521126,0.07605633802816901,0.0,0.0,0.0,351.543661971831,535.5605633802817,37790.82850347932,8026.667083440221,17.956338028169014,391.0746478873239,88.85593562517043,121.28766150010422,44467.61835456533,0.004225352112676056,0.07605633802816901,0.22535211267605634,0.3267605633802817,0.2323943661971831,0.054929577464788736,0.0,0.22535211267605634,0.6267605633802817,104.34573709645072,49.14972203919719,136.14326265769014,0.0,0.0,0.0,0.0,0.0,0.0,33.277464788732395,962.4352112676056,56.46619718309859,61237.25070422535,4762.305633802817,7710.347887323944,30.219718309859154,14.822535211267606,229490.741954169,58289.49197664201,333562.88028169016,196814.91408450704,6069650.5619450705,190145.12019375415,6241061.492957747,5858220.8802816905,710,0.0,0
2018-03-01 09:52:00,14574.554778554779,8.566433566433567,11623263.634032633,4.44988344988345,2.913752913752914,281.67832167832165,671.6433566433567,141.76689976689977,11.962703962703962,40.4952626655944,44.188715872629366,234.13519813519812,23.247086247086248,68.2749053878648,76.71787191419347,364449.7019385098,99832.40414601304,4032977.8540438963,842026.4312977167,6036632.972027972,3582409.7342657344,11547816.717948718,4296903.800067932,994873.4265591284,6040289.888111888,3629176.685314685,5313798.41025641,767448.5880302239,515173.32314345054,1692074.0885780887,376216.9883449883,0.10955710955710955,0.0,0.0,0.0,78.28438228438229,60.0,90286.60092238213,9544.736567594888,11.960372960372961,255.1002331002331,53.34030320254079,72.54930132550815,20534.36495836501,0.011655011655011656,0.10955710955710955,0.14219114219114218,0.34032634032634035,0.38694638694638694,0.10955710955710955,0.0,0.14219114219114218,0.48951048951048953,62.993712828023305,40.4952626655944,68.2749053878648,0.0,0.0,0.0,0.0,0.0,0.0,4.44988344988345,281.67832167832165,2.913752913752914,671.6433566433567,6472.0792540792545,11010.771561771562,1.6200466200466201,17.193473193473192,398134.30397682986,120107.32821703613,502839.5361305361,309831.02797202795,5432902.397878788,195836.32860565462,5658078.095571095,5273778.8041958045,429,0.0,0
2018-03-01 09:53:00,8863.310435931307,10.14663143989432,20357750.40686922,10.631439894319684,11.480845442536328,597.9815059445178,7775.517833553501,177.7133421400264,17.990752972258917,47.99596456018891,51.40248196233025,397.7146631439894,39.03963011889036,143.2200949596037,137.68988059017173,350460.9413555339,39226.96422982827,3158288.7402305705,1669461.4051750663,8943198.738441216,2503416.6552179656,20283354.520475563,3741056.518083465,2173275.277203509,8922365.951122854,2534686.2589167766,15945480.404227212,1211965.531568675,1915620.9175047562,6005769.1228533685,142688.9603698811,0.08718626155878467,0.0,0.0,0.0,200.29062087186261,224.31704095112286,34835.23760495836,4387.495221284758,17.803170409511228,415.56274768824306,92.15332032530118,127.83362536006341,48243.65096672711,0.001321003963011889,0.08718626155878467,0.2509907529722589,0.3513870541611625,0.2430647291941876,0.04095112285336856,0.0,0.2509907529722589,0.5759577278731837,106.69618299278731,47.99596456018891,143.2200949596037,0.0,0.0,0.0,0.0,0.0,0.0,10.631439894319684,597.9815059445178,11.480845442536328,7775.517833553501,4755.396301188904,7237.700132100396,5.116248348745046,15.313077939233818,161192.51056360634,98529.37764114629,290724.48745046236,94790.6248348745,8223358.445085865,563708.6373529715,8704967.969616909,7772478.812417437,757,0.0,0
2018-03-01 09:54:00,9664.714942528735,9.2,15763064.393103449,5.354022988505747,4.574712643678161,397.264367816092,1724.0735632183907,193.216091954023,16.641379310344828,54.41474909525057,61.05221865445287,359.82068965517243,27.9816091954023,115.50076797536322,125.01332827242298,652228.8065813188,39558.33048822113,4568284.587049638,1153237.557323461,7715947.422988506,3974615.9057471263,15667442.298850575,4929586.832699211,1381822.2410533845,7708339.885057472,4022807.632183908,8785753.868965518,976501.0519689173,811397.3201231678,2911316.0183908045,472169.19310344825,0.09655172413793103,0.0,0.0,0.0,102.20689655172414,96.0919540229885,25862.19641303372,13691.926295218662,16.110344827586207,387.22298850574714,83.22891991053793,116.02232799209885,40602.08533134369,0.004597701149425287,0.09655172413793103,0.2735632183908046,0.4045977011494253,0.26436781609195403,0.05747126436781609,0.0,0.2735632183908046,0.5310344827586206,95.79309164549196,54.41474909525057,115.50076797536322,0.0,0.0,0.0,0.0,0.0,0.0,5.354022988505747,397.264367816092,4.574712643678161,1724.0735632183907,6121.087356321839,12842.87816091954,2.3471264367816094,16.00919540229885,176759.87652473562,39368.02106379719,215512.2643678161,148194.60459770114,6826663.305160919,367694.47162471106,7256148.482758621,6516921.717241379,435,0.0,0
2018-03-01 09:55:00,11071.308888888889,9.313333333333333,16779001.45777778,5.442222222222222,3.9644444444444447,343.9888888888889,588.1533333333333,168.13111111111112,15.731111111111112,47.15066435497111,52.49577284859333,266.16,34.53111111111111,81.19429547518445,82.48718329329778,255229.05194186067,39947.18805583562,4264286.890180229,1601918.6568449063,7773879.384444444,3412746.4955555554,16320665.64,4703912.115951178,1742749.9321057016,7572810.168888889,3481640.96,9680507.846666666,1140732.5074726667,934246.1179133089,2767492.3066666666,346550.0511111111,0.08,0.0,0.0,0.0,95.41333333333333,82.94222222222223,31557.071443228768,8384.015333203582,15.593333333333334,293.50888888888886,60.70357568626666,83.87780333168668,23662.822189627757,0.011111111111111112,0.08,0.19333333333333333,0.3377777777777778,0.32,0.10444444444444445,0.0,0.19333333333333333,0.5777777777777777,72.88458959826666,47.15066435497111,81.19429547518445,0.0,0.0,0.0,0.0,0.0,0.0,5.442222222222222,343.9888888888889,3.9644444444444447,588.1533333333333,5164.926666666666,10502.94,2.2,16.026666666666667,537750.4612490889,391296.9087711476,874237.2911111111,273151.43555555557,7025585.670402221,414986.5276771337,7412836.042222222,6609064.077777778,450,0.0,0
2018-03-01 09:56:00,10229.479514415782,9.767830045523521,17959396.20030349,5.531107738998482,5.396054628224583,353.69802731411227,2642.804248861912,166.6297420333839,16.474962063732928,44.35017433711684,48.57320681108346,365.9256449165402,37.51138088012139,127.5823434457208,125.47748621215781,243376.1576967257,58236.4410390482,3503489.185318946,1318758.857921686,7458344.614567527,2930924.321699545,17872232.69195751,3983491.833568211,1659848.0720346011,7419470.55538695,2942693.3748103185,12796859.632776935,1062524.878093812,1222910.602972301,3937180.018209408,264931.4522003035,0.09711684370257967,0.0,0.0,0.0,104.103186646434,112.0,52563.262173554365,5666.235071167742,16.358118361153263,384.54172989377844,82.90594875239756,117.88816830381487,43745.69253431179,0.009104704097116844,0.09711684370257967,0.23823975720789076,0.32473444613050073,0.2852807283763278,0.06525037936267071,0.0,0.23823975720789076,0.5614567526555387,96.83018808394537,44.35017433711684,127.5823434457208,0.0,0.0,0.0,0.0,0.0,0.0,5.531107738998482,353.69802731411227,5.396054628224583,2642.804248861912,5193.9226100151745,7923.616084977239,2.2943854324734447,15.350531107738998,153906.3765620334,69554.909781266,221435.74051593323,107060.11684370258,6915741.776245826,454897.8442929266,7268916.379362671,6552309.069802731,659,0.0,0
2018-03-01 09:57:00,8174.60103626943,10.268134715025907,18938755.340673573,6.882124352331606,5.883419689119171,409.71632124352334,1939.6321243523316,180.27720207253887,19.577720207253886,50.304246143898965,52.9508514913342,393.80051813471505,37.034974093264246,137.00775999317358,137.75688762195597,677062.4078640781,45282.95684886898,2596289.2314744946,1487671.6859116373,7366590.906735751,1959817.0816062177,18757103.908031087,3133527.820412872,1859614.335374006,7251820.090673575,1996520.243523316,15230804.948186528,1211438.3288101088,1673445.079171458,5013866.113989637,165652.1450777202,0.07772020725388601,0.0,0.0,0.0,128.6476683937824,123.39378238341969,41595.74155646702,3681.287881991236,16.980569948186528,412.9650259067358,87.88212074400259,126.18981453014509,46537.5263410571,0.006476683937823834,0.07772020725388601,0.27202072538860106,0.37176165803108807,0.2189119170984456,0.04145077720207254,0.0,0.27202072538860106,0.6230569948186528,102.97749819237046,50.304246143898965,137.00775999317358,0.0,0.0,0.0,0.0,0.0,0.0,6.882124352331606,409.71632124352334,5.883419689119171,1939.6321243523316,4863.217616580311,6934.534974093264,3.371761658031088,15.160621761658032,352576.78741914505,199889.5649463495,521576.77590673574,214241.16968911918,6841963.117739638,348648.3115160875,7128305.433937823,6514483.711139896,772,0.5051813471502591,1
2018-03-01 09:58:00,8698.550403225807,9.564516129032258,11815613.221774194,25.881048387096776,46.33467741935484,536.2923387096774,60604.50403225807,216.65322580645162,15.550403225806452,55.752459967131045,66.9645959899617,414.2741935483871,34.403225806451616,144.30559454907257,144.01788620532258,112720.26593777208,14977.006512892765,3472944.1693914216,887591.0364313273,6563630.818548387,3088200.665322581,11677341.034274194,3756128.6450081794,1125063.0696483334,6506171.973790322,3103010.9213709678,7233940.054435484,839920.2280031753,828850.2612705942,3195543.2177419355,384431.0625,0.05443548387096774,0.0,0.0,0.0,532.0,905.4435483870968,10640.871508650502,4336.135004597258,15.52016129032258,439.7600806451613,97.18025072934071,135.6434904432641,50251.87857173601,0.004032258064516129,0.05443548387096774,0.2600806451612903,0.4314516129032258,0.2217741935483871,0.04838709677419355,0.0,0.2600806451612903,0.5786290322580645,110.93057166594757,55.752459967131045,144.30559454907257,0.0,0.0,0.0,0.0,0.0,0.0,25.881048387096776,536.2923387096774,46.33467741935484,60531.03830645161,7063.856854838709,11737.923387096775,3.693548387096774,16.008064516129032,189452.24385925403,81979.74686191541,267723.57862903224,134143.89112903227,6050244.485735888,150624.55938217152,6228852.413306451,5916355.475806451,496,0.7278225806451613,1
2018-03-01 09:59:00,8561.514157973173,10.01043219076006,21166697.02980626,6.147540983606557,6.131147540983607,397.64381520119224,3837.338301043219,168.1162444113264,20.78837555886736,50.8277495615544,50.27157600518629,341.9344262295082,38.730253353204176,125.20172632629061,115.66000127375261,714011.9905603526,38255.50468230914,3883139.3646533713,2085345.1313184346,9524086.721311476,2961719.309985097,20968241.26527571,4545604.350597041,2554375.6191031137,9391566.82861401,3039496.3636363638,14041770.992548436,1294059.0744277595,1807719.4539423077,5019831.362146051,216005.70789865873,0.09985096870342772,0.0,0.0,0.0,110.96870342771982,126.7779433681073,32946.18963205514,5304.541320839682,18.59016393442623,367.16095380029805,87.4773598630149,113.84203973067959,42026.54490718689,0.004470938897168405,0.09985096870342772,0.22205663189269748,0.32190760059612517,0.2697466467958271,0.06706408345752608,0.0,0.22205663189269748,0.6095380029806259,102.00037589154545,50.8277495615544,125.20172632629061,0.0,0.0,0.0,0.0,0.0,0.0,6.147540983606557,397.64381520119224,6.131147540983607,3837.338301043219,4776.843517138599,7212.119225037258,2.2608047690014903,14.974664679582713,433324.96781116247,205916.55320932303,623293.3397913562,294949.6304023845,8828931.093059612,543195.2368564181,9348588.564828614,8336365.843517139,671,0.7913561847988078,1
2018-03-01 10:00:00,12556.823874755382,8.5440313111546,12327215.356164383,4.749510763209393,3.7729941291585125,328.7005870841487,859.8688845401174,151.09784735812133,10.947162426614481,42.07052874780822,49.75853562144814,289.22896281800394,27.389432485322896,93.23636183804892,100.37641461975342,386303.95007139747,64398.49575153619,3366104.9348874427,823816.1402941436,5741991.671232876,3003010.4520547944,12210623.776908023,3671743.710595734,1015687.338013032,5702032.209393347,3014143.1722113504,8271580.213307241,895504.1536726849,818304.5957389935,2613603.1859099804,338035.10763209395,0.1487279843444227,0.0,0.0,0.0,92.05479452054794,79.83561643835617,59260.20130394394,5133.816990954153,10.947162426614481,315.6399217221135,63.44112318043053,95.25687825592368,31537.62555451395,0.029354207436399216,0.1487279843444227,0.21135029354207435,0.37377690802348335,0.34833659491193736,0.04500978473581213,0.0,0.21135029354207435,0.4383561643835616,74.58824761354208,42.07052874780822,93.23636183804892,0.0,0.0,0.0,0.0,0.0,0.0,4.749510763209393,328.7005870841487,3.7729941291585125,859.8688845401174,6485.455968688845,8127.526418786692,1.9217221135029354,17.03326810176125,82414.30893818005,37616.953976793346,123796.84540117417,52512.831702544034,5430094.45881409,128277.10567791172,5547162.426614481,5337218.195694717,511,0.7103718199608611,1
2018-03-01 10:01:00,9145.731610337973,9.604373757455269,18789043.48111332,5.075546719681909,4.037773359840954,357.81709741550696,932.9204771371769,167.61232604373757,19.904572564612327,48.04684263232605,48.84313261391054,321.727634194831,37.35387673956262,106.85031500094236,107.06145240459045,336066.5757167189,64862.22403623641,3817147.475159496,1365423.705580883,7066930.204771372,3072676.9244532804,18655220.80715706,4373769.06662503,1582468.5000643865,7011516.848906561,3141116.318091451,12092361.499005964,1081972.4449842803,1046510.1412872052,2915934.7614314114,175935.96819085488,0.06759443339960239,0.0,0.0,0.0,88.1272365805169,86.85487077534792,43621.1204409977,21236.554926081175,19.749502982107355,345.0755467196819,75.41272632147117,101.99437497558648,34294.26508704363,0.003976143141153081,0.06759443339960239,0.21073558648111332,0.37773359840954274,0.24453280318091453,0.055666003976143144,0.0,0.21073558648111332,0.614314115308151,88.84916664663818,48.04684263232605,106.85031500094236,0.0,0.0,0.0,0.0,0.0,0.0,5.075546719681909,357.81709741550696,4.037773359840954,932.9204771371769,6157.389662027833,8257.904572564612,2.125248508946322,15.58648111332008,243537.1012709145,184411.71843264083,453504.18886679923,114025.90059642147,6362287.533890656,355475.47973789414,6762380.423459245,5958866.562624254,503,0.7872763419483101,1
2018-03-01 10:02:00,11818.914438502674,7.660427807486631,13051901.61764706,4.435828877005347,3.606951871657754,383.2566844919786,505.831550802139,182.99197860962568,10.195187165775401,45.81729236109626,57.884121646604285,269.14438502673795,17.877005347593585,62.960133900213904,87.51513108580214,304620.8361649732,120250.2742096537,5439197.386765981,768083.6100686262,7113118.435828877,5023055.213903744,12956170.590909092,5696566.170873262,909849.4038320335,7106824.687165775,5047898.930481283,5299041.754010695,840584.9642893047,477587.419313234,1634092.294117647,484959.7700534759,0.0855614973262032,0.0,0.0,0.0,87.12299465240642,76.43850267379679,75600.56330641193,44646.04034632668,10.195187165775401,297.17914438502675,53.37560958430481,80.77374200533156,22429.365574554704,0.00267379679144385,0.0855614973262032,0.20320855614973263,0.4893048128342246,0.31016042780748665,0.10427807486631016,0.0,0.20320855614973263,0.5909090909090909,61.71206405703208,45.81729236109626,62.960133900213904,0.0,0.0,0.0,0.0,0.0,0.0,4.435828877005347,383.2566844919786,3.606951871657754,505.831550802139,9266.312834224598,12636.812834224598,1.8021390374331552,18.010695187165776,174349.2107001337,100997.8528424893,253579.4064171123,103844.75668449198,6659110.579847594,126521.58004079052,6800873.229946524,6531640.299465241,374,0.6818181818181818,1
2018-03-01 10:03:00,10238.736694677871,8.57703081232493,17902440.07563025,22.591036414565828,14.775910364145659,15426.655462184874,938.0336134453781,218.46778711484595,14.403361344537815,58.696035368812325,68.56769281626892,324.1204481792717,28.07002801120448,83.62048930002801,103.43596666235295,130240.79621397002,104694.44337886176,4774792.355256844,1119810.242193966,7606783.159663865,4178673.2072829134,17627058.717086833,5237036.722425882,1280389.7015193158,7435139.817927171,4230121.764705882,11482213.61904762,1105935.163843773,1005474.8187789697,2958544.4173669466,246473.34733893556,0.08403361344537816,0.0,0.0,0.0,285.45658263305324,210.375350140056,72498.67820559257,32189.35626474495,14.403361344537815,359.6750700280112,69.42459850854341,99.98438165481512,27747.26180420171,0.0028011204481792717,0.08403361344537816,0.19327731092436976,0.42857142857142855,0.3025210084033613,0.05322128851540616,0.0,0.19327731092436976,0.5322128851540616,80.91962411344538,58.696035368812325,83.62048930002801,0.0,0.0,0.0,0.0,0.0,0.0,22.591036414565828,15426.655462184874,14.775910364145659,938.0336134453781,8031.26050420168,13180.330532212885,18.96358543417367,17.098039215686274,478807.82884114847,179016.3221795828,715512.6722689075,357191.9411764706,6877015.862840336,395517.9771547906,7325190.266106443,6452212.7030812325,357,0.8235294117647058,1
2018-03-01 10:04:00,4409.36563876652,10.722466960352422,16932715.850220263,6.336270190895742,6.951541850220265,674.6505139500734,4500.208516886931,196.02496328928046,19.60352422907489,53.00193050026432,58.034191037845815,369.56534508076356,44.04698972099853,129.56765693779735,120.13485533190016,133529.07804093775,77988.68332337376,2870035.832219769,1319839.5247295273,7232153.355359765,2321545.314243759,16832482.439060204,3354240.2458103625,1656799.6927838838,7232480.900146843,2401651.704845815,12438694.428781204,1073048.14360242,1303337.7888996385,4446271.380323054,344289.4713656388,0.039647577092511016,0.0,0.0,0.0,116.53450807635829,141.791483113069,44112.04695988241,33873.948574055714,19.370044052863435,387.4552129221733,89.15217103339795,117.35942502267694,42375.24211346464,0.004405286343612335,0.039647577092511016,0.23788546255506607,0.4185022026431718,0.11600587371512482,0.010279001468428781,0.0,0.23788546255506607,0.7048458149779736,104.14126522702938,53.00193050026432,129.56765693779735,0.0,0.0,0.0,0.0,0.0,0.0,6.336270190895742,674.6505139500734,6.951541850220265,4500.208516886931,5957.569750367107,8842.397944199707,2.5477239353891337,14.502202643171806,450389.30825256975,93044.6696442069,543261.2569750367,387602.86930983845,6710747.903516887,331038.10941780085,7002973.74743025,6386478.209985316,681,0.6593245227606461,1
2018-03-01 10:05:00,7871.765734265734,8.898601398601398,20943769.16083916,6.104895104895105,5.251748251748252,549.9895104895105,784.5384615384615,256.43706293706293,16.136363636363637,63.7862520622063,80.11751717977272,388.45104895104896,32.5979020979021,96.59519837258742,124.2480843734965,102723.2501580824,10226.572154099196,7489467.528215094,964599.772146177,9656860.332167832,6887633.713286714,20956052.10839161,7991737.841395805,1033778.0748544312,9719828.104895106,7099469.961538462,10126625.248251747,1136924.5619183916,829319.2477963951,2435542.1643356644,312730.5699300699,0.055944055944055944,0.0,0.0,0.0,112.12587412587412,107.8041958041958,7138.254967071773,3086.7172007880454,15.867132867132867,421.8811188811189,76.33467957937063,115.66998845757341,31723.673249322517,0.01048951048951049,0.055944055944055944,0.21678321678321677,0.4125874125874126,0.24125874125874125,0.038461538461538464,0.0,0.21678321678321677,0.5314685314685315,89.35270929716783,63.7862520622063,96.59519837258742,0.0,0.0,0.0,0.0,0.0,0.0,6.104895104895105,549.9895104895105,5.251748251748252,784.5384615384615,8475.279720279721,18659.227272727272,2.4335664335664338,15.86013986013986,386331.793887972,90078.9826246409,522942.6013986014,314674.2132867133,8842640.167755246,322144.7584266277,9177261.972027972,8463017.818181818,286,0.7692307692307693,1
2018-03-01 10:06:00,11103.465034965035,8.062937062937063,17297244.713286713,5.437062937062937,3.8811188811188813,616.3181818181819,525.8216783216783,211.07692307692307,12.076923076923077,56.284613197272726,67.83905956374126,288.96153846153845,25.46853146853147,70.1579161,89.66411559297202,154932.12416699258,37526.70458500946,5953991.649742797,1910899.7663425554,9504929.541958041,4939964.412587413,17292587.968531467,6412017.2148052445,2192971.0768511365,9552940.34965035,4999150.090909091,7192866.839160839,1154367.4159632868,607834.894324171,2058790.5384615385,679880.8531468532,0.11188811188811189,0.0,0.0,0.0,97.87412587412588,81.41258741258741,31429.387607921435,6092.517017330895,12.073426573426573,330.041958041958,61.901209223835664,91.05554951023775,24627.36462786584,0.0034965034965034965,0.11188811188811189,0.14685314685314685,0.4125874125874126,0.3531468531468531,0.04895104895104895,0.0,0.14685314685314685,0.4965034965034965,71.8542005535105,56.284613197272726,70.1579161,0.0,0.0,0.0,0.0,0.0,0.0,5.437062937062937,616.3181818181819,3.8811188811188813,525.8216783216783,8074.125874125874,15501.010489510489,2.3426573426573425,17.706293706293707,209335.0698876923,124225.28414701084,352798.02797202795,123599.25524475524,8859912.472496502,225123.51402911186,9128518.576923076,8656141.996503497,286,0.7167832167832168,1
2018-03-01 10:07:00,7482.652173913043,10.432971014492754,22649573.02536232,7.052536231884058,8.110507246376812,477.1014492753623,4624.914855072464,197.89673913043478,18.934782608695652,52.61066924439855,58.4366448271558,421.6322463768116,43.96739130434783,150.62297917438406,142.5754323185924,307800.0544760767,33881.836881859716,4026405.1721297503,1578825.3904103842,9357721.980072463,3384236.4438405796,22590865.44384058,4640478.961644003,2046302.9908765166,9337035.018115941,3436475.8804347827,16939555.13043478,1199467.0240639201,1874083.5695694385,5689863.90942029,132688.34057971014,0.07789855072463768,0.0,0.0,0.0,133.97101449275362,167.21014492753622,29703.935783610912,4173.756206500291,18.865942028985508,444.79891304347825,99.93725697407609,136.67175426361774,52111.50131519915,0.007246376811594203,0.07789855072463768,0.25181159420289856,0.35144927536231885,0.21014492753623187,0.041666666666666664,0.0,0.25181159420289856,0.6630434782608695,115.74150115115943,52.61066924439855,150.62297917438406,0.0,0.0,0.0,0.0,0.0,0.0,7.052536231884058,477.1014492753623,8.110507246376812,4624.914855072464,5902.380434782609,9308.221014492754,2.806159420289855,14.731884057971014,299674.5382353442,82316.80684599475,446054.89673913043,247068.71376811594,8746750.028266303,454999.4945864073,9120517.028985508,8315529.574275362,552,0.5905797101449275,1
2018-03-01 10:08:00,7709.39696969697,8.296969696969697,20788745.46969697,6.121212121212121,4.545454545454546,642.9363636363636,666.6242424242424,242.55757575757576,14.193939393939393,60.80821671075758,76.74343215020001,374.6030303030303,24.406060606060606,91.69279348134242,122.27984221134545,58497.57814531816,69288.27081795859,5746679.253231236,1445323.2695923587,8927472.33030303,4885677.8,20731630.90909091,6242643.505476162,1682645.2151103439,8952260.93030303,4922244.7,11344916.036363637,1404837.6064527272,930238.0609296734,3070074.696969697,605066.0606060605,0.04242424242424243,0.0,0.0,0.0,108.88484848484849,98.73939393939393,42526.05089349337,26760.833269087067,14.193939393939393,418.3515151515152,72.52728156512121,113.41540702402423,32593.58566250174,0.006060606060606061,0.04242424242424243,0.23939393939393938,0.5303030303030303,0.19393939393939394,0.02727272727272727,0.0,0.23939393939393938,0.5393939393939394,82.93265675590607,60.80821671075758,91.69279348134242,0.0,0.0,0.0,0.0,0.0,0.0,6.121212121212121,642.9363636363636,4.545454545454546,666.6242424242424,8786.036363636364,16074.58787878788,2.787878787878788,16.812121212121212,441490.64376918186,353506.8219609083,705104.5575757576,188175.84242424244,7973169.2785696965,592349.877524694,8546382.106060605,7363615.375757576,330,0.7151515151515152,1
2018-03-01 10:09:00,6233.619613670134,10.897473997028232,11669356.017830608,18.326894502228825,11.597325408618127,14946.873699851412,2015.5601783060922,182.84695393759287,20.328380386329865,54.11145797142942,55.06031830201932,376.0698365527489,47.047548291233284,143.2017209021248,125.4517315247994,225176.07305237395,17534.77986464415,2758495.6664936403,1441940.1198940966,7089470.854383358,2127796.866270431,11389959.23179792,3096962.408860465,1706530.3894812497,6924118.005943537,2179310.986627043,6134374.016344725,695552.7984534026,1008201.5930256294,3180134.5958395246,179401.426448737,0.05052005943536404,0.0,0.0,0.0,212.1069836552749,155.40564635958395,15507.728115194523,2021.6122715963506,20.24219910846954,395.86775631500745,94.64110923803864,123.23735896892866,44721.11278674113,0.0,0.05052005943536404,0.26151560178306094,0.37147102526002973,0.1649331352154532,0.020802377414561663,0.0,0.26151560178306094,0.6567607726597325,111.0043073576523,54.11145797142942,143.2017209021248,0.0,0.0,0.0,0.0,0.0,0.0,18.326894502228825,14946.873699851412,11.597325408618127,2015.5601783060922,4956.625557206537,9557.658246656762,15.249628528974739,14.514115898959881,236936.32819405646,132139.11334278752,376775.9301634473,141670.7147102526,6136932.032404161,703645.7195875527,6719048.194650818,5594401.903417533,673,0.6775631500742942,1
2018-03-01 10:10:00,12033.694444444445,9.035714285714286,15371211.422619049,5.103174603174603,3.8115079365079363,464.8392857142857,1027.6666666666667,180.38888888888889,17.353174603174605,52.06036752845238,55.62102097654762,323.3412698412698,31.48611111111111,101.11793784039682,110.23480431041666,188686.7601280153,55355.706413119085,4798876.178581416,1129949.4280563132,7513577.910714285,4188465.7956349207,15248984.793650793,5121825.0298739085,1345230.9874667814,7479297.746031746,4204416.694444444,7367447.206349206,851278.6814729762,767577.8082546307,2447215.347222222,312266.99603174604,0.11507936507936507,0.0,0.007936507936507936,0.0,91.86507936507937,79.0952380952381,49025.68954321422,6323.661368983077,17.291666666666668,352.92261904761904,74.36921817623015,102.7636567644226,33483.19703422779,0.007936507936507936,0.11507936507936507,0.21825396825396826,0.3472222222222222,0.3055555555555556,0.0873015873015873,0.007936507936507936,0.21825396825396826,0.49603174603174605,87.0914644609127,52.06036752845238,101.11793784039682,0.0,0.0,0.0,0.0,0.0,0.0,5.103174603174603,464.8392857142857,3.8115079365079363,1027.6666666666667,6457.347222222223,11225.123015873016,2.109126984126984,16.285714285714285,549625.9286015476,152046.57785709007,688951.3611111111,438715.8988095238,6866745.477543651,369782.11162423453,7244278.051587301,6557570.380952381,504,0.8015873015873016,1
2018-03-01 10:11:00,9381.137931034482,8.52785145888594,12024367.652519895,5.896551724137931,4.546419098143236,550.7851458885941,1456.575596816976,204.315649867374,14.23076923076923,55.04810971,63.42258577188329,370.45623342175065,22.127320954907162,110.41265847068965,135.05981782310874,57084.04621836807,6734.2556118865405,4381662.953321884,676244.075194283,6135522.718832891,4007447.9310344825,11369541.4801061,4519116.746197018,643686.462946083,5821424.1034482755,4098618.5915119364,7006332.9655172415,663391.905935114,709779.393003823,2029194.7665782494,157201.57559681698,0.04509283819628647,0.0,0.03183023872679045,0.0,120.43501326259947,96.80636604774536,5375.123702693085,1357.9181264392785,13.294429708222811,394.48541114058355,80.11859863915119,114.87328114711141,40978.262844673896,0.0,0.04509283819628647,0.2891246684350133,0.5464190981432361,0.16710875331564987,0.03713527851458886,0.03183023872679045,0.2891246684350133,0.4509283819628647,91.37019465477454,55.04810971,110.41265847068965,0.0,0.0,0.0,0.0,0.0,0.0,5.896551724137931,550.7851458885941,4.546419098143236,1456.575596816976,11246.148541114058,16778.12201591512,2.623342175066313,18.56763925729443,345515.6041916976,9497.430699734748,365365.7931034483,340988.51193633955,5705629.737501327,148543.98671502387,5808136.944297082,5589409.639257294,377,0.6206896551724138,1
2018-03-01 10:12:00,8361.803474484257,10.024972855591749,19049819.9587405,6.036916395222584,5.49185667752443,417.96959826275787,2374.9902280130295,166.59609120521174,18.236699239956568,46.14322392744191,49.48961758864169,384.6221498371336,37.28990228013029,139.97718742248642,139.54650809536807,107203.25945745471,12538.56683740822,2370243.581291166,1497767.1667281524,6527958.345276873,1613824.2117263845,18376342.22149837,2808953.5322537892,1646507.6962526445,6131443.927252986,1683426.3061889252,15821946.938110748,1318399.9774487372,1440669.4298775482,4498269.409337676,288176.4125950054,0.05537459283387622,0.0,0.01737242128121607,0.0,115.15743756786102,118.03257328990227,9580.051222887205,2957.521920644938,18.20304017372421,404.1129207383279,88.4157917415646,124.61529022040934,47957.31911074387,0.0,0.05537459283387622,0.3127035830618892,0.4386536373507057,0.16612377850162866,0.04451682953311618,0.01737242128121607,0.3127035830618892,0.5656894679695983,102.1266521594886,46.14322392744191,139.97718742248642,0.0,0.0,0.0,0.0,0.0,0.0,6.036916395222584,417.96959826275787,5.49185667752443,2374.9902280130295,6199.359391965255,7120.520086862107,2.6644951140065145,16.343105320304016,396019.5837413138,130950.88238013387,551496.5450597177,309422.80998914223,6042125.474323561,231391.1468054814,6251486.336590663,5815268.905537459,921,0.8545059717698155,1
2018-03-01 10:13:00,8644.797191887676,9.460218408736349,13403507.943837754,5.904836193447738,5.703588143525741,369.9157566302652,3425.5772230889233,161.82527301092043,16.975039001560063,47.33739639964899,49.886946354109206,352.97191887675507,33.904836193447736,122.25718370936038,128.27326845035256,141937.80321302346,29552.449350070667,2679772.269396243,1206128.4635390856,5927966.814352574,2039411.7581903276,12553856.129485179,2979783.455141699,1139176.6553673148,5532558.8112324495,2313478.542901716,9360232.750390016,1015853.8342554618,1063745.848868334,3413095.581903276,376525.82839313574,0.0717628705148206,0.0,0.0249609984399376,0.0,117.62246489859595,117.9219968798752,27370.91269510822,2178.6811412464917,16.975039001560063,367.05616224648986,79.19236198884555,111.61967590052886,41351.47210671781,0.0062402496099844,0.0717628705148206,0.26053042121684866,0.40717628705148207,0.2121684867394696,0.0483619344773791,0.0249609984399376,0.26053042121684866,0.5335413416536662,92.62254239571763,47.33739639964899,122.25718370936038,0.0,0.0,0.0,0.0,0.0,0.0,5.904836193447738,369.9157566302652,5.703588143525741,3425.5772230889233,7277.856474258971,11245.57410296412,2.15600624024961,16.898595943837755,282634.36948650546,25097.810109491325,317419.82059282373,267678.3962558502,5293234.733071763,453428.528566811,5669165.273010921,4889819.4134165365,641,0.8954758190327613,1
2018-03-01 10:14:00,8563.148899587346,7.277166437414031,3887072.528198074,2.3211829436038514,2.045392022008253,353.61898211829435,363.4659559834938,43.579779917469054,5.862104539202201,13.727072993265132,12.946657990939478,92.5216643741403,11.117262723521321,33.29741379040578,31.762875934090093,84339.61850525552,373495.70035964827,365359.9037388346,396765.29756951286,1384441.372077029,150886.6083218707,3501332.7107977993,425929.027748431,375897.63482627244,1166710.7854195323,188736.7022008253,3155750.115887208,346621.55175085866,336523.11725169054,1032184.2977991747,118214.43535075654,0.024071526822558458,0.0,0.011348005502063274,0.0,45.65887207702889,40.70426409903714,188933.9502960907,184560.80591615028,5.8222145804676755,95.92365887207703,22.51261306833425,29.32123302655915,10614.983254306506,0.002751031636863824,0.024071526822558458,0.0639614855570839,0.8026134800550206,0.06671251719394773,0.03370013755158184,0.011348005502063274,0.0639614855570839,0.9092159559834938,26.66948384953886,13.727072993265132,33.29741379040578,0.0,0.0,0.0,0.0,0.0,0.0,2.3211829436038514,353.61898211829435,2.045392022008253,363.4659559834938,1892.6633425034388,2157.176409903714,0.7857634112792297,21.78266850068776,186757.8769732703,37733.7182992975,234101.89511691884,161879.3848005502,1224656.5088896148,97683.02497718444,1310511.334594223,1142055.7592847317,2908,0.9731774415405777,1
2018-03-01 10:15:00,10121.13881748072,10.149100257069408,11525028.032133676,4.629820051413882,4.298200514138817,279.31748071979433,2309.9948586118253,136.09254498714654,17.168380462724937,42.64583690105784,40.73891084697944,312.5719794344473,36.638817480719794,115.92076150015426,111.31517178426992,711164.113675444,56664.68612182076,1281506.477974022,1221999.3058160592,4996337.0218509,710406.3946015424,10849051.561696658,1426206.6710408868,1384140.388747094,4610833.655526992,711844.498714653,9279087.890745502,885275.7642705798,1295300.993633407,3877737.6105398457,207412.10154241647,0.09383033419023136,0.0,0.006426735218508998,0.0,87.4293059125964,86.73521850899743,48384.747578970215,8275.821354364369,16.982005141388175,323.7827763496144,73.97316094606941,99.95514282385733,36654.833459134235,0.015424164524421594,0.09383033419023136,0.2095115681233933,0.34190231362467866,0.24293059125964012,0.043701799485861184,0.006426735218508998,0.2095115681233933,0.6169665809768637,88.08725224474293,42.64583690105784,115.92076150015426,0.0,0.0,0.0,0.0,0.0,0.0,4.629820051413882,279.31748071979433,4.298200514138817,2309.9948586118253,4101.93059125964,7779.830334190231,1.551413881748072,15.480719794344473,280686.4611020308,27648.01051508509,311145.86889460153,262766.6966580977,4522674.43066838,323652.1910115068,4838179.951156813,4283026.368894601,778,0.6593830334190232,1
2018-03-01 10:16:00,10756.40938511327,9.153721682847896,9731791.522653721,4.1877022653721685,2.755663430420712,347.01132686084145,469.8398058252427,145.30906148867314,21.25728155339806,48.218963708665044,42.80801150938835,257.2119741100324,29.89644012944984,85.14019911453074,92.9564578242945,118965.81337904368,20318.659836203555,1583526.9899734904,1028773.3281719845,3967376.1877022656,1013488.4336569579,8975524.422330096,1752498.191082432,1022819.1035160132,3580533.6893203883,1133543.2427184465,6645555.841423948,1015822.572124547,871420.1669806031,2654719.3834951455,479993.05501618126,0.07605177993527508,0.0,0.025889967637540454,0.0,76.74433656957929,57.43042071197411,16638.033915962267,3677.6641333132316,20.983818770226538,273.22491909385116,62.15942925589159,76.9148461550712,24852.19163263046,0.0048543689320388345,0.07605177993527508,0.17637540453074432,0.36893203883495146,0.2524271844660194,0.08414239482200647,0.025889967637540454,0.17637540453074432,0.48381877022653724,76.29006005034304,48.218963708665044,85.14019911453074,0.0,0.0,0.0,0.0,0.0,0.0,4.1877022653721685,347.01132686084145,2.755663430420712,469.8398058252427,6120.359223300971,9910.906148867314,1.5323624595469256,16.867313915857604,478184.02451216825,139805.13514355366,581682.7572815533,378166.6828478964,3497443.042828479,237925.7586956953,3694446.5970873786,3296830.911003236,618,0.8576051779935275,1
2018-03-01 10:17:00,12599.449652777777,8.637152777777779,7385021.902777778,4.446180555555555,3.1822916666666665,308.65277777777777,825.0833333333334,151.92534722222223,12.753472222222221,45.3386664134809,49.23389702607465,303.5104166666667,22.182291666666668,94.85114503987847,114.88449987384027,495236.42762214574,60900.07895203077,924896.4860690036,832417.6839292339,3169975.71875,476084.0885416667,6626983.210069444,983425.9901161636,747672.6800110643,2738412.0711805555,541046.0086805555,5461329.378472222,695700.6816452848,732534.0699727538,2295099.3125,216126.16493055556,0.1527777777777778,0.0,0.027777777777777776,0.0,88.32638888888889,67.07638888888889,57546.94365285803,3352.3408618115436,12.6875,319.546875,65.83296502917362,95.2594573990573,32484.04493859259,0.008680555555555556,0.1527777777777778,0.20833333333333334,0.3975694444444444,0.3177083333333333,0.06944444444444445,0.027777777777777776,0.20833333333333334,0.4340277777777778,76.88397002001736,45.3386664134809,94.85114503987847,0.0,0.0,0.0,0.0,0.0,0.0,4.446180555555555,308.65277777777777,3.1822916666666665,825.0833333333334,6071.798611111111,10313.770833333334,1.6076388888888888,18.381944444444443,299405.94320809026,177303.20520942708,427370.7638888889,172631.80034722222,2473370.758246528,419859.0119749276,2852578.815972222,2152367.652777778,576,0.6006944444444444,1
2018-03-01 10:18:00,6705.838748495788,10.941034897713598,15229353.795427196,5.274368231046932,4.984356197352588,427.17930204572804,2084.7412755716005,167.20216606498195,19.58243080625752,49.41591069125271,49.87889934852948,366.9001203369434,43.42960288808664,131.51363781876054,126.98029162871842,311641.3076827295,28109.484269488992,1108655.6948108247,1320428.4657077193,5041159.38267148,520330.25752105896,14715166.799037304,1472661.0855561106,1521453.550054054,4743193.29602888,579965.9193742479,13223841.240673887,1183237.3267462454,1394352.5746177342,4298508.294825511,340251.10709987965,0.06979542719614922,0.0,0.009626955475330927,0.0,99.28760529482551,103.75932611311673,25114.76899002829,2990.8606794826546,19.58243080625752,379.99638989169677,84.98932798246811,116.18724949723345,41846.96609497082,0.006016847172081829,0.06979542719614922,0.25511432009626955,0.3525872442839952,0.15764139590854392,0.03730445246690734,0.009626955475330927,0.25511432009626955,0.628158844765343,100.90949009231046,49.41591069125271,131.51363781876054,0.0,0.0,0.0,0.0,0.0,0.0,5.274368231046932,427.17930204572804,4.984356197352588,2084.7412755716005,3932.400722021661,7018.008423586041,2.204572803850782,14.729241877256317,320713.75463019253,107468.43518887031,469846.697954272,251717.01564380265,4591150.947547534,310295.1187499701,4846309.770156438,4299100.660649819,831,0.9097472924187726,1
2018-03-01 10:19:00,10616.0110701107,8.391143911439114,11827446.77306273,4.763837638376383,3.7472324723247232,322.11623616236164,979.869003690037,160.58487084870848,13.359778597785978,46.80759869988745,51.320967107739854,321.71955719557195,21.132841328413285,98.1354262648524,122.02448254649632,420929.63379773864,37361.41053135542,1783709.1934483992,1261414.8622974975,5093733.1900369,1045217.553505535,10190408.83394834,1723412.340573,1101556.1523063735,4226648.55904059,1106452.0092250924,8491915.457564576,1089334.242884989,1171785.3073175931,3510574.684501845,338928.34501845017,0.08856088560885608,0.0,0.02952029520295203,0.0,94.96678966789668,80.14760147601476,33968.07424084184,3388.270651278666,13.359778597785978,334.07749077490774,67.69344015027121,98.15541705317528,34390.983064577274,0.0036900369003690036,0.08856088560885608,0.21955719557195572,0.4907749077490775,0.23062730627306274,0.05904059040590406,0.02952029520295203,0.21955719557195572,0.6014760147601476,78.15897030029521,46.80759869988745,98.1354262648524,0.0,0.0,0.0,0.0,0.0,0.0,4.763837638376383,322.11623616236164,3.7472324723247232,979.869003690037,6743.7933579335795,11162.206642066421,1.7343173431734318,18.70110701107011,568472.3652880627,118485.14034041365,673214.4760147601,483299.3671586716,4348147.3794095935,595712.4159645733,4853350.439114391,3894912.188191882,542,0.8634686346863468,1
2018-03-01 10:20:00,8064.005952380952,10.370535714285714,14832634.473214285,5.2023809523809526,4.581845238095238,527.4464285714286,1420.7589285714287,186.36607142857142,18.33779761904762,53.44494754848512,56.936077706544644,375.2142857142857,38.270833333333336,122.54532027989583,127.4185230277887,278206.47626978194,38635.89822674977,1186586.381959139,1485704.8593677345,4974207.967261905,479214.99851190473,14585081.004464285,1616816.8823947173,1700445.200631899,4807966.297619048,501214.3720238095,12211811.361607144,1271458.6966185477,1184444.5641108463,3721692.34375,440783.86160714284,0.07738095238095238,0.0,0.0,0.0,98.69642857142857,96.53571428571429,34046.73508079216,4585.758413583129,17.897321428571427,391.64136904761904,83.29248619444495,116.39119761760715,40138.83207140436,0.005952380952380952,0.07738095238095238,0.20982142857142858,0.35267857142857145,0.22023809523809523,0.05505952380952381,0.0,0.20982142857142858,0.5729166666666666,97.92247703934524,53.44494754848512,122.54532027989583,0.0,0.0,0.0,0.0,0.0,0.0,5.2023809523809526,527.4464285714286,4.581845238095238,1420.7589285714287,3641.2663690476193,9323.797619047618,2.3541666666666665,15.017857142857142,162327.43116764879,123008.23717797035,281377.74553571426,81072.80208333333,4517409.564677083,143832.8634261058,4653074.921130952,4367561.354166667,672,0.8869047619047619,1
2018-03-01 10:21:00,9306.45140032949,9.403624382207578,10543710.675453048,4.514003294892916,3.5601317957166394,327.9456342668863,972.345963756178,149.15650741350905,17.99176276771005,46.416481932848434,45.3174888471285,304.3047775947282,29.365733113673805,96.12428894864252,107.56354058882043,337417.85574223934,28713.069192881278,1464070.249480995,1031981.4357913184,4073169.9802306425,839958.4398682043,9684230.383855024,1604938.8072166326,1009092.0975043997,3664555.5601317957,935096.9077429983,7190480.23723229,817329.375654519,920762.0299720768,2676430.370675453,211622.86161449752,0.08237232289950576,0.0,0.026359143327841845,0.0,87.42668863261945,76.01317957166393,24920.49396883212,3791.0674941350594,17.99176276771005,316.2833607907743,68.49464251245799,92.53877807552388,31598.87778159426,0.009884678747940691,0.08237232289950576,0.22075782537067545,0.41186161449752884,0.214168039538715,0.07413509060955518,0.026359143327841845,0.22075782537067545,0.6013179571663921,81.26583203233608,46.416481932848434,96.12428894864252,0.0,0.0,0.0,0.0,0.0,0.0,4.514003294892916,327.9456342668863,3.5601317957166394,972.345963756178,5644.2289950576605,9744.293245469522,1.57166392092257,17.548599670510708,429951.70867797366,95574.5800739993,512893.2932454695,360160.3723228995,3426487.236598023,398352.36690371146,3800076.5024711695,3077377.0461285007,607,0.71334431630972,1
2018-03-01 10:22:00,9246.5948,6.2436,1661619.3704,1.7308,1.6392,112.086,235.6552,37.2776,1.8652,9.8888813943096,12.534046467764401,66.5692,2.7736,16.972813377308,25.0144618926856,76134.05546818186,440184.36061348143,294695.0995996556,207215.08136222645,679149.8804,138646.8148,1228531.3632,247280.97839581838,123270.3481275781,450931.9668,153254.72,1131980.1812,222607.97909761363,144347.7810730838,460758.8168,109536.3476,0.018,0.0,0.0088,0.0,38.4848,34.6432,221877.2976496027,218306.33080851493,1.7452,69.4084,12.522485468606401,19.848835331904,6616.669403911937,0.0012,0.018,0.0404,0.9056,0.0576,0.0244,0.0088,0.0404,0.9528,14.263695310684,9.8888813943096,16.972813377308,0.0,0.0,0.0,0.0,0.0,0.0,1.7308,112.086,1.6392,235.6552,2316.218,3173.7356,0.3668,23.4096,136848.002374828,5829.4044194028,146443.6444,133250.6644,529337.355742,114886.08535235657,615572.6196,438195.8608,2500,0.9664,1
2018-03-01 10:23:00,10582.282660332541,7.197149643705464,9725562.94536817,5.166270783847981,3.795724465558195,437.5914489311164,603.4703087885986,216.77672209026127,10.743467933491686,56.419256107695965,70.50514053603325,362.270783847981,11.382422802850357,79.3989375367696,128.60845374211164,229902.06687685192,74926.36229576303,1607457.363382581,1222368.9888417604,3927577.4655581946,669734.5083135392,7978403.080760095,1500934.31227395,883592.7698584212,3015005.1472684084,798470.7790973872,5488257.7957244655,1191950.544104038,765285.176240266,2365186.071258907,579424.0308788598,0.12351543942992874,0.0,0.014251781472684086,0.0,98.22327790973871,83.60095011876484,71740.80760133683,3174.685428822259,10.743467933491686,375.7838479809976,67.39067606814727,103.28210708960331,31166.215350765833,0.007125890736342043,0.12351543942992874,0.23040380047505937,0.517814726840855,0.3016627078384798,0.0498812351543943,0.014251781472684086,0.23040380047505937,0.5629453681710214,75.92889884745844,56.419256107695965,79.3989375367696,0.0,0.0,0.0,0.0,0.0,0.0,5.166270783847981,437.5914489311164,3.795724465558195,603.4703087885986,5737.482185273159,18714.46080760095,1.9406175771971497,19.43942992874109,602005.7495491686,230192.19887720575,805313.9168646081,441117.28741092636,2812426.814330166,709302.8123580148,3544724.572446556,2243966.0878859856,421,0.8456057007125891,1
2018-03-01 10:24:00,8044.8758790436,7.362869198312236,4303816.411744023,2.2028832630098454,2.0847398030942337,134.11322081575247,440.61392405063293,50.75105485232068,5.990857946554149,14.946127827312587,15.154292287646275,110.79992967651195,12.014416315049226,37.41477407492968,38.40724374220464,72050.66595316818,374168.9519548892,351942.4443684636,392631.69465148996,1476390.814697609,169631.86779184247,4118228.8695499296,481674.1306752884,441897.22045188706,1383132.1420534458,204929.66561181436,3602755.720464135,308053.22828771063,370035.1613532166,1171511.700421941,81880.61990154712,0.01969057665260197,0.0,0.011251758087201125,0.0,46.67791842475387,43.572433192686354,187876.7379632913,186290.7659011303,5.959563994374121,113.9043600562588,24.50785774296132,33.97181440243038,12153.288325005156,0.0028129395218002813,0.01969057665260197,0.08227848101265822,0.8210267229254571,0.04360056258790436,0.01969057665260197,0.011251758087201125,0.08227848101265822,0.8934599156118144,29.018604866913854,14.946127827312587,37.41477407492968,0.0,0.0,0.0,0.0,0.0,0.0,2.2028832630098454,134.11322081575247,2.0847398030942337,440.61392405063293,2000.9398734177216,2818.45288326301,0.6262306610407876,21.641350210970465,153424.47569629748,9545.148471768664,168890.870604782,147735.5935302391,1300554.0794539382,49833.7106909816,1352267.282700422,1260284.1202531646,2844,0.5189873417721519,1
2018-03-01 10:25:00,8396.127937336814,8.04177545691906,11376472.754569191,6.900783289817232,7.349869451697128,458.2219321148825,5277.9086161879895,231.20104438642298,12.832898172323759,59.95701609236293,75.29607451771018,422.4882506527415,19.0443864229765,116.10066497389035,154.2480229659321,130296.0403415286,31434.736858085784,1433955.294995268,1130775.1999355587,3971212.2062663184,738026.4464751958,10422940.028720627,1554431.7234370497,1006610.016785929,3414402.6631853785,809329.4751958224,7841056.989556136,1153547.2458977364,788886.778269771,2642034.637075718,588162.9112271541,0.06266318537859007,0.0,0.020887728459530026,0.0,136.3028720626632,154.48563968668407,28948.014567053116,2481.943219518347,12.751958224543081,435.51697127937337,83.1688467129765,127.33121780224282,44785.459352207254,0.018276762402088774,0.06266318537859007,0.2845953002610966,0.556135770234987,0.19321148825065274,0.03655352480417755,0.020887728459530026,0.2845953002610966,0.46475195822454307,94.11600568389034,59.95701609236293,116.10066497389035,0.0,0.0,0.0,0.0,0.0,0.0,6.900783289817232,458.2219321148825,7.349869451697128,5277.9086161879895,7900.785900783289,17976.650130548303,2.2140992167101827,18.590078328981722,444188.6003925587,91881.95771456919,538012.8563968668,383459.99738903396,3001516.1555248043,426329.79319576954,3439318.725848564,2611933.2924281983,383,0.8015665796344648,1
2018-03-01 10:26:00,8183.287974683544,10.060126582278482,16065387.653481012,5.5174050632911396,5.147151898734177,561.9588607594936,1704.0838607594937,194.86867088607596,18.56645569620253,53.95331326466771,59.222009468465195,402.8955696202532,37.35601265822785,132.03072041629747,140.3230520210633,300820.0610529644,42437.924541479835,1386142.3147071933,1484314.055247188,5497775.806962025,689241.1344936709,15206382.485759493,1675485.9100422382,1608906.6607520883,4990537.966772152,750201.5300632912,13375252.772151899,1252486.1607686505,1477582.8597547994,4361020.982594937,383862.47943037975,0.0490506329113924,0.0,0.012658227848101266,0.0,106.22151898734177,107.80379746835443,37665.39672709142,4768.183548078084,18.444620253164558,415.41930379746833,87.50669328916139,123.85655873220094,44834.53812539503,0.006329113924050633,0.0490506329113924,0.2737341772151899,0.40348101265822783,0.17405063291139242,0.061708860759493674,0.012658227848101266,0.2737341772151899,0.680379746835443,102.04848718112342,53.95331326466771,132.03072041629747,0.0,0.0,0.0,0.0,0.0,0.0,5.5174050632911396,561.9588607594936,5.147151898734177,1704.0838607594937,4570.196202531645,9934.318037974683,2.463607594936709,15.753164556962025,324170.11589101265,126920.34481061029,498855.8876582279,247231.35284810126,5008788.502814873,253177.65382286374,5230333.756329114,4752721.61550633,632,0.47310126582278483,1
2018-03-01 10:27:00,8327.580362726705,6.5553470919324575,2209124.9128622054,1.5761934542422347,1.508234313112362,53.49280800500313,171.5770273087346,26.249114029601834,2.330623306233062,7.637071293575777,8.52908697553888,54.492391077756935,4.812799666458203,17.020356318245778,19.211353631360016,21200.682375812612,444341.5491172376,243576.80008367004,226330.58716737462,870023.1673962893,119347.55805711904,1912822.3049822806,240240.44569479593,210382.39111290945,713127.2020012508,119710.57911194497,1783359.7746508233,196807.32159715676,231322.7787220742,691652.4015009381,50804.891390452365,0.013967062747550553,0.0,0.0025015634771732333,0.0,34.13299979153638,31.389618511569733,224271.8646952105,220069.0166752745,2.3227016885553473,56.42609964561184,11.656207875345007,16.942552367261623,5762.966049994363,0.001459245361684386,0.013967062747550553,0.04252657911194497,0.9049405878674172,0.03585574317281635,0.009172399416301855,0.0025015634771732333,0.04252657911194497,0.9766520742130498,13.674210403617677,7.637071293575777,17.020356318245778,0.0,0.0,0.0,0.0,0.0,0.0,1.5761934542422347,53.49280800500313,1.508234313112362,171.5770273087346,1625.6303939962477,1583.7690223056077,0.29184907233687724,22.875964144256827,95071.97599190954,27987.958413628712,122405.10047946633,76732.27725661872,751561.8819578903,92271.24325133357,828988.9016051699,679503.3714821764,4797,0.537002293099854,1
2018-03-01 10:28:00,9297.823529411764,10.264129181084199,13565905.562860439,4.647058823529412,3.934256055363322,420.9273356401384,1008.8062283737024,161.520184544406,19.103806228373703,49.9098855784429,49.82381260475663,359.34948096885813,39.516724336793544,120.66244873734718,124.50225256660899,175396.35532621027,24128.120681285192,1093746.2796402364,1560356.44681593,5416100.655132641,391243.738177624,12987028.679354094,1528910.702100308,1773699.3000371507,5113954.37716263,535536.264129181,11772609.525951557,1238080.386862895,1620491.615908522,4597244.9215686275,304118.26874279126,0.09342560553633218,0.0,0.01845444059976932,0.0,90.80968858131487,81.58246828143022,21580.241505249716,2542.073458559594,19.103806228373703,373.0876585928489,80.33299799188465,111.78176031685929,39413.750011917684,0.0034602076124567475,0.09342560553633218,0.2491349480968858,0.3771626297577855,0.2041522491349481,0.03575547866205306,0.01845444059976932,0.2491349480968858,0.5847750865051903,95.64846001959168,49.9098855784429,120.66244873734718,0.0,0.0,0.0,0.0,0.0,0.0,4.647058823529412,420.9273356401384,3.934256055363322,1008.8062283737024,5577.6320645905425,8619.48212226067,1.9354094579008074,16.19377162629758,229084.39663053057,77112.76863519193,313389.446366782,177916.6978085352,4805380.236374856,279553.1358747963,5081833.2456747405,4576753.190311419,867,0.7185697808535179,1
2018-03-01 10:29:00,10528.907894736842,9.447368421052632,11130234.175438596,4.56359649122807,3.4298245614035086,331.7938596491228,631.9122807017544,165.8859649122807,17.267543859649123,50.264712431008775,51.95055363780483,313.0131578947368,31.085526315789473,95.86421050960526,108.12558684664253,460007.5480863882,54140.73646030495,1522301.7780599473,1083634.0543950652,4344635.171052632,933439.0811403509,10276993.989035089,1734146.1666050993,1114269.681204286,3974292.5065789474,1013964.8157894737,7479051.34868421,1018660.8880530876,1012181.0245039625,2936650.850877193,353479.1206140351,0.08991228070175439,0.0,0.017543859649122806,0.0,82.62280701754386,70.59649122807018,45074.45440223798,9061.264557154296,16.894736842105264,329.87719298245617,68.67930286179825,95.87840494499561,31744.316549227653,0.017543859649122806,0.08991228070175439,0.19298245614035087,0.3706140350877193,0.24561403508771928,0.07675438596491228,0.017543859649122806,0.19298245614035087,0.5899122807017544,81.51834536324561,50.264712431008775,95.86421050960526,0.0,0.0,0.0,0.0,0.0,0.0,4.56359649122807,331.7938596491228,3.4298245614035086,631.9122807017544,5479.603070175439,10759.416666666666,1.662280701754386,16.54385964912281,583754.1203017544,265947.44366502017,789996.399122807,399023.5021929825,3564690.8080635965,540170.616881476,4087784.7609649124,3106794.914473684,456,0.8026315789473685,1
2018-03-01 10:30:00,11096.8,8.171084337349397,12374898.78554217,5.43855421686747,4.481927710843373,613.3060240963855,1135.110843373494,193.08915662650602,10.896385542168675,54.068096203951804,64.03467229185541,371.3879518072289,21.60722891566265,107.66714550816867,131.9172983331494,475864.25510054274,88432.77606079423,1711690.6730151037,1134223.187878735,4670556.845783132,1148960.761445783,11961446.691566264,2022547.0512823712,1348719.3852351813,4682488.6,1171927.0530120481,8409891.963855421,958065.89585527,908246.6045685895,2908266.342168675,337225.75662650604,0.1493975903614458,0.0,0.0,0.0,102.82409638554216,92.74216867469879,78130.4456563019,10293.50927551873,10.693975903614458,385.8530120481928,77.10232465392771,114.75717088752047,38610.62251935829,0.01927710843373494,0.1493975903614458,0.19759036144578312,0.40240963855421685,0.3373493975903614,0.06265060240963856,0.0,0.19759036144578312,0.41445783132530123,88.03847154118071,54.068096203951804,107.66714550816867,0.0,0.0,0.0,0.0,0.0,0.0,5.43855421686747,613.3060240963855,4.481927710843373,1135.110843373494,3755.10843373494,12304.624096385542,2.3855421686746987,16.87710843373494,273098.53268212045,104094.32793153927,386418.4771084337,203585.0626506024,3865934.8320843377,444078.0502411119,4256925.250602409,3505462.8024096387,415,0.708433734939759,1
2018-03-01 10:31:00,8752.83885209713,8.960264900662251,14108515.161147904,5.172185430463577,4.514348785871965,407.65562913907286,1772.3995584988963,204.8830022075055,14.015452538631347,53.180510100596024,65.30334961181016,376.10596026490066,31.874172185430464,118.93035817293598,129.6925939665563,526257.8719732224,50519.968488604376,1452548.127601443,1010824.7355914216,3649815.6754966886,873864.1302428256,14003808.090507727,1884386.105420927,1165569.5752345142,3661880.986754967,909224.6710816777,10622330.198675497,889590.6632765408,770045.1948217591,2110325.3024282563,235736.84105960265,0.11920529801324503,0.0,0.0,0.0,97.01545253863135,99.16997792494482,46127.61216960109,4382.25486070578,14.015452538631347,393.3532008830022,85.77806114319426,120.13823236674614,42703.39400820848,0.02207505518763797,0.11920529801324503,0.24724061810154527,0.40397350993377484,0.2671081677704194,0.04415011037527594,0.0,0.24724061810154527,0.4988962472406181,98.95739886365783,53.180510100596024,118.93035817293598,0.0,0.0,0.0,0.0,0.0,0.0,5.172185430463577,407.65562913907286,4.514348785871965,1772.3995584988963,4087.6490066225165,11303.454746136866,2.34878587196468,16.573951434878587,274068.69083717436,174013.1561820039,519951.6004415011,165446.27152317882,2924448.582684327,341923.7362932859,3299219.463576159,2521828.7836644594,453,0.6225165562913907,1
2018-03-01 10:32:00,8180.6115107913665,8.212230215827338,15090350.474820144,11.694244604316546,8.03956834532374,3689.9748201438847,836.341726618705,268.12589928057554,16.097122302158272,74.18879573064747,86.51401123847121,426.46762589928056,20.70863309352518,97.10163094611511,144.62996226733813,49260.49303355139,34124.47772449533,2816245.8587975046,1125699.1354372418,5281358.848920863,2148486.3741007196,15064202.794964029,3159456.3986856113,1306166.557237001,5303478.086330935,2162029.4064748203,8301391.535971223,1181365.2106515828,689647.3304308874,2250884.215827338,653204.1798561151,0.06474820143884892,0.0,0.0,0.0,187.0935251798561,143.8273381294964,30616.84628839412,3505.985407601072,16.097122302158272,444.5431654676259,84.0033692268633,121.77824615692086,35838.50152039299,0.007194244604316547,0.06474820143884892,0.1906474820143885,0.4856115107913669,0.23381294964028776,0.050359712230215826,0.0,0.1906474820143885,0.38489208633093525,95.33140285892806,74.18879573064747,97.10163094611511,0.0,0.0,0.0,0.0,0.0,0.0,11.694244604316546,3689.9748201438847,8.03956834532374,836.341726618705,5389.075539568345,21002.906474820145,8.06115107913669,16.633093525179856,961263.0917382374,332187.54916398,1261163.0287769784,710764.95323741,4329858.351305756,404666.62660646,4790250.98561151,3935601.45323741,278,0.7122302158273381,1
2018-03-01 10:33:00,10784.136563876653,8.550660792951541,10760294.127753304,4.81057268722467,3.5770925110132157,387.22907488986783,571.669603524229,209.2907488986784,11.625550660792952,54.90585092210132,68.19270542785904,339.42290748898677,28.54625550660793,85.5856864005727,110.07135138268723,266402.4496132868,35867.69462860255,1894334.5678406772,1073539.4383716742,3939371.5550660794,1290972.9691629957,10322464.607929515,2208865.716112922,1011406.6604756057,3650538.612334802,1378796.7488986785,5882202.938325991,1268881.7355931278,505069.8156021179,2026198.5594713655,836004.7709251101,0.07929515418502203,0.0,0.0,0.0,86.62555066079295,75.08370044052863,31106.367955606987,4755.279147824193,11.625550660792952,348.2995594713656,65.37038431977975,98.43321719764317,26861.513538014606,0.013215859030837005,0.07929515418502203,0.08370044052863436,0.3876651982378855,0.31277533039647576,0.05726872246696035,0.0,0.08370044052863436,0.41409691629955947,77.1268494948458,54.90585092210132,85.5856864005727,0.0,0.0,0.0,0.0,0.0,0.0,4.81057268722467,387.22907488986783,3.5770925110132157,571.669603524229,3684.4361233480176,14704.77973568282,1.9647577092511013,16.440528634361232,202419.78249898678,161275.07821106317,395794.7973568282,97271.47577092511,3389329.2838722467,266462.59445035586,3567845.7400881057,3095072.594713656,227,0.7004405286343612,1
2018-03-01 10:34:00,4982.852216748768,11.655172413793103,19711744.53448276,10.932266009852217,9.25615763546798,1910.0874384236454,3272.820197044335,180.32512315270935,23.529556650246306,52.099904162019705,50.11817252994458,401.1834975369458,53.13793103448276,153.30784287309112,133.16595050078817,189753.49873516074,19986.62313342014,1112671.463543307,1818536.697876633,7321776.630541872,406142.1009852217,19454814.55172414,1694905.6759468473,2315019.620488609,7154758.075123153,414863.11083743843,17638134.193349753,1393760.7386918548,2085704.274630822,6484006.768472906,244547.90886699507,0.04187192118226601,0.0,0.0,0.0,190.61576354679804,177.45320197044336,17492.037319396677,2491.7681039886575,23.49137931034483,415.1576354679803,97.80698451980295,128.56099335451356,47672.01475970437,0.0049261083743842365,0.04187192118226601,0.2315270935960591,0.34236453201970446,0.11699507389162561,0.024630541871921183,0.0,0.2315270935960591,0.6687192118226601,115.47936858135468,52.099904162019705,153.30784287309112,0.0,0.0,0.0,0.0,0.0,0.0,10.932266009852217,1910.0874384236454,9.25615763546798,3272.820197044335,3335.554187192118,4618.6921182266005,7.16256157635468,13.492610837438423,389024.33931343595,55372.159180304065,460002.37192118226,355796.5221674877,6776970.597810345,394823.8471854194,7123936.561576354,6390334.947044335,812,0.666256157635468,1
2018-03-01 10:35:00,6753.278787878788,10.978787878787879,13501777.493939394,4.224242424242425,3.3636363636363638,310.6545454545454,852.9636363636364,148.0787878787879,22.78787878787879,50.30855755248486,43.74715862460606,314.76666666666665,48.66969696969697,119.21887801130303,103.16303989427274,107868.7238903645,29096.749081914077,2485789.1182501707,1025568.175821022,5124553.736363636,1964096.2545454546,13362480.89090909,2797648.3517533634,1188381.9359241955,5032058.893939394,2014232.0727272728,7277411.572727272,887172.6836633272,896029.275509156,2561820.1121212123,298180.4696969697,0.03636363636363636,0.0,0.0,0.0,72.82424242424243,67.72121212121212,24843.885281579616,4248.703836406676,22.78787878787879,327.09090909090907,78.72115570775757,99.71414772744849,31924.92150911521,0.015151515151515152,0.03636363636363636,0.12121212121212122,0.3212121212121212,0.14545454545454545,0.045454545454545456,0.0,0.12121212121212122,0.5909090909090909,95.16363459084849,50.30855755248486,119.21887801130303,0.0,0.0,0.0,0.0,0.0,0.0,4.224242424242425,310.6545454545454,3.3636363636363638,852.9636363636364,3221.9727272727273,8048.318181818182,1.6818181818181819,13.684848484848485,370136.569972606,41442.19626112164,413282.47878787876,343206.3151515151,4570616.599748485,224686.88493000896,4842794.333333333,4352444.86060606,330,0.8424242424242424,1
2018-03-01 10:36:00,9094.6327014218,9.950236966824644,16085037.36492891,9.298578199052132,8.177725118483412,1529.521327014218,3762.3222748815165,164.16824644549763,17.88862559241706,49.716867316417066,51.667866974919434,302.3175355450237,40.40995260663507,120.71303406611374,96.38486019246444,153814.18126735184,36887.60365887369,1878482.1575531855,2223491.8579353406,6681445.035545024,763024.1255924171,15657828.715639811,2452232.854292159,2473518.9591579284,6427636.45971564,878042.3862559241,10548649.739336492,1344700.293385782,1082285.8383525168,3270391.6232227487,582099.8293838863,0.1066350710900474,0.0,0.002369668246445498,0.0,158.65402843601896,154.36966824644549,31628.592390760743,5254.673864596649,17.886255924170616,316.77725118483414,85.90034176890283,101.6421023985,37289.47508694135,0.0071090047393364926,0.1066350710900474,0.12796208530805686,0.26303317535545023,0.33175355450236965,0.06872037914691943,0.002369668246445498,0.12796208530805686,0.6161137440758294,98.98164650410189,49.716867316417066,120.71303406611374,0.0,0.0,0.0,0.0,0.0,0.0,9.298578199052132,1529.521327014218,8.177725118483412,3762.3222748815165,3573.637440758294,7464.07345971564,5.478672985781991,15.317535545023697,309908.53607677727,252620.228272598,530412.8530805687,134904.02606635072,5786675.209263033,526583.8916960423,6262234.4478672985,5311207.398104265,422,0.8127962085308057,1
2018-03-01 10:37:00,11068.115384615385,9.870192307692308,10692243.23076923,4.256410256410256,3.27724358974359,277.01121794871796,981.5464743589744,128.83493589743588,17.165064102564102,41.27765737185897,38.47806606100961,269.85096153846155,34.681089743589745,99.03823339475962,94.40488529689424,449569.0538166023,67394.3332189133,924032.1262543557,1131235.5396994632,4590857.016025641,415585.0288461539,10172158.302884616,1233746.1897662205,1274378.9287739764,4302284.560897436,511755.81891025644,7988629.955128205,928718.3215629855,1169995.1389470568,3953292.003205128,284499.48557692306,0.1282051282051282,0.0,0.017628205128205128,0.0,79.26282051282051,67.03846153846153,60206.5395586266,7177.527081840699,17.091346153846153,282.8125,66.37273113675802,86.86831389021475,30501.88864515886,0.014423076923076924,0.1282051282051282,0.16987179487179488,0.3060897435897436,0.296474358974359,0.060897435897435896,0.017628205128205128,0.16987179487179488,0.5400641025641025,79.62397311983975,41.27765737185897,99.03823339475962,0.0,0.0,0.0,0.0,0.0,0.0,4.256410256410256,277.01121794871796,3.27724358974359,981.5464743589744,4391.802884615385,5577.161858974359,1.580128205128205,16.365384615384617,403077.400209968,127934.29415990956,521971.11057692306,314987.27724358975,3660945.9961634614,1047999.3300772139,4443389.024038462,2867742.2564102565,624,0.8012820512820513,1
2018-03-01 10:38:00,8707.010593220339,8.883474576271187,12577469.180084746,6.8474576271186445,4.983050847457627,599.2415254237288,940.9915254237288,166.09110169491527,15.627118644067796,47.002379768375,52.368449993220345,360.1779661016949,30.56779661016949,122.53953498887712,136.3825107163432,68227.46815148064,7329.949818241782,2202209.1652649483,1393002.9683053517,5510978.125,1415200.80720339,11462529.622881357,2399840.2726016804,1382237.597966105,4940747.224576271,1537236.6737288137,6492999.35381356,1052326.4241780275,786418.1475228786,2664299.245762712,512368.1228813559,0.06779661016949153,0.0,0.03389830508474576,0.0,128.34745762711864,99.97457627118644,5789.913726178396,1536.1581592142352,15.625,373.66525423728814,76.63944652116525,113.36778151455721,42081.91698693643,0.00423728813559322,0.06779661016949153,0.2457627118644068,0.4661016949152542,0.19279661016949154,0.048728813559322036,0.03389830508474576,0.2457627118644068,0.5614406779661016,89.0512257128856,47.002379768375,122.53953498887712,0.0,0.0,0.0,0.0,0.0,0.0,6.8474576271186445,599.2415254237288,4.983050847457627,940.9915254237288,7113.921610169492,9956.082627118643,3.7012711864406778,17.93220338983051,427897.3022006991,174885.7116583489,614344.3093220339,312947.8283898305,4883093.446614407,447755.867118872,5246440.686440678,4519610.822033898,472,0.739406779661017,1
2018-03-01 10:39:00,13297.87356321839,7.077586206896552,6520431.212643678,4.195402298850575,2.8189655172413794,301.43390804597703,455.14942528735634,157.70402298850576,10.813218390804598,43.026176792672416,51.66961551939655,285.2011494252874,12.25,81.00716986149425,115.23613871345977,234260.53463167034,38810.91676782909,1561096.0671499043,953243.8251215474,3471780.3477011495,939793.474137931,5085188.594827586,1540336.0023096064,754922.5945514096,2794869.9540229887,1051998.0689655172,3216622.4770114943,876762.4732575574,521506.3435508899,1733965.683908046,469324.6925287356,0.08333333333333333,0.0,0.04597701149425287,0.0,90.95402298850574,64.63218390804597,36482.19364134013,2326.09326387652,10.724137931034482,300.0258620689655,56.20681228294252,87.02681521925287,29715.076671081722,0.0,0.08333333333333333,0.20689655172413793,0.5574712643678161,0.27873563218390807,0.10344827586206896,0.04597701149425287,0.20689655172413793,0.4482758620689655,64.34279402181035,43.026176792672416,81.00716986149425,0.0,0.0,0.0,0.0,0.0,0.0,4.195402298850575,301.43390804597703,2.8189655172413794,455.14942528735634,8759.583333333334,13118.985632183909,1.410919540229885,21.436781609195403,509136.25766293105,114297.54065890805,605161.1867816092,429821.816091954,2557421.9356637932,390530.6004046102,2907817.2183908047,2252678.9827586208,348,0.7931034482758621,1
2018-03-01 10:40:00,8869.795243853285,6.3631600161225315,2117205.7767029423,1.8081418782748893,1.6086255542120114,74.87222893994357,220.29302700523982,31.760177347843612,2.2797259169689643,8.919165060920596,10.684985849012495,63.04312777106006,3.8919790407093915,19.06667906255945,24.174403113109232,31683.69611631509,400772.3263309603,306442.9327266284,221117.3190579261,842974.17936316,165400.99717855704,1718390.401854091,289700.8807148081,161619.92220057396,634870.2938331318,184700.96372430472,1593385.1366384523,221055.44871027124,197815.61107484353,612042.0733575171,71628.36557839581,0.0177347843611447,0.0,0.00886739218057235,0.0,38.576380491737204,33.57839580814188,202656.3600590396,198115.22850772165,2.2793228536880292,66.18379685610641,13.24072244752761,19.79400796393551,6934.340610439178,0.00040306328093510683,0.0177347843611447,0.04796453043127771,0.9076985086658605,0.04554615074566707,0.014913341394598953,0.00886739218057235,0.04796453043127771,0.9399435711406691,15.378303290709392,8.919165060920596,19.06667906255945,0.0,0.0,0.0,0.0,0.0,0.0,1.8081418782748893,74.87222893994357,1.6086255542120114,220.29302700523982,2285.1632406287786,2270.7730753728333,0.38331318016928656,23.28899637243047,141735.4707646997,54158.35880421523,184261.11567916162,103840.64409512293,705118.7096835953,103820.03193927312,787256.1781539702,624425.7912132205,2481,0.9459895203546956,1
2018-03-01 10:41:00,7089.298273155416,10.025117739403454,14526258.954474097,4.817896389324961,4.189952904238618,302.9764521193093,1616.4960753532182,151.93406593406593,19.49607535321821,45.07656497054945,44.72133956664835,370.1397174254317,39.55102040816327,140.30327891026687,136.9496866136421,210883.6945837223,12556.749440888374,1730810.7666580146,1312708.6695340609,5366087.525902669,1071610.6153846155,13604739.623233909,1983602.208819331,1378937.432794107,4854868.532182104,1155241.814756672,11407899.587127158,1105650.8693628227,1296434.5961277517,3878833.8320251177,268903.431711146,0.061224489795918366,0.0,0.02511773940345369,0.0,95.15227629513343,88.72213500784929,11200.29089963099,1353.585096521788,19.49607535321821,381.40188383045523,85.76931553373312,118.70643344827629,45774.62918434493,0.0031397174254317113,0.061224489795918366,0.27001569858712715,0.4364207221350079,0.13186813186813187,0.03296703296703297,0.02511773940345369,0.27001569858712715,0.6122448979591837,100.42323445967033,45.07656497054945,140.30327891026687,0.0,0.0,0.0,0.0,0.0,0.0,4.817896389324961,302.9764521193093,4.189952904238618,1616.4960753532182,6490.646781789639,7165.221350078493,1.934065934065934,16.389324960753534,278737.2842678336,106671.83127680063,397614.8131868132,211115.83673469388,4897697.17377865,314759.4947390538,5159473.648351648,4629531.59811617,637,0.9058084772370487,1
2018-03-01 10:42:00,12996.404129793511,7.286135693215339,9068959.595870206,5.221238938053097,3.4424778761061945,418.10914454277287,831.6312684365781,145.96165191740414,12.43362831858407,43.027851161061946,47.57702634725664,275.58702064896755,13.976401179941004,93.08848705418879,108.09007927476107,155218.7583124675,17335.70528737978,1393256.1928281917,1191215.427578045,3789605.1651917403,623637.1445427729,7639611.587020649,1417346.332859351,972886.3521765918,3050418.8377581122,754271.0914454277,5655859.333333333,1060271.2118747788,673186.7887579787,2166477.457227139,502063.5899705015,0.07964601769911504,0.0,0.0471976401179941,0.0,100.70796460176992,75.1740412979351,14823.733337020534,2505.2227455272036,12.43362831858407,293.7581120943953,63.50071594415929,90.8358061109941,37180.01300188198,0.0029498525073746312,0.07964601769911504,0.17699115044247787,0.5339233038348082,0.28023598820059,0.0943952802359882,0.0471976401179941,0.17699115044247787,0.44542772861356933,72.22163085150737,43.027851161061946,93.08848705418879,0.0,0.0,0.0,0.0,0.0,0.0,5.221238938053097,418.10914454277287,3.4424778761061945,831.6312684365781,8906.542772861358,12436.356932153392,1.8141592920353982,20.849557522123895,645615.2831551032,338564.8444323634,898403.9498525073,408186.34218289086,3020770.8210855457,493554.4886395577,3454413.4926253688,2631341.95280236,339,0.7050147492625368,1
2018-03-01 10:43:00,12790.69822485207,7.710059171597633,12038055.76331361,4.680473372781065,3.455621301775148,346.14792899408286,1023.1242603550296,164.01775147928993,21.13609467455621,53.7620797354497,51.572952085029584,315.21597633136093,17.068047337278106,95.51558169529586,120.2074763759438,93676.48749371356,33532.55055020456,1862640.9342600976,1169616.5762604314,4538543.5591715975,1120996.452662722,11306529.443786982,2059915.775775938,1149707.9076183462,4155265.644970414,1241120.701183432,7898461.476331361,1058297.900555512,811279.0150176245,2679391.9704142013,489608.6656804734,0.07396449704142012,0.0,0.023668639053254437,0.0,93.27810650887574,76.98224852071006,27983.613850951893,5543.52136136026,21.13609467455621,337.4881656804734,75.59712248174556,98.25307622986686,35069.74184797022,0.005917159763313609,0.07396449704142012,0.16272189349112426,0.4881656804733728,0.2958579881656805,0.09171597633136094,0.023668639053254437,0.16272189349112426,0.42011834319526625,88.72084633222781,53.7620797354497,95.51558169529586,0.0,0.0,0.0,0.0,0.0,0.0,4.680473372781065,346.14792899408286,3.455621301775148,1023.1242603550296,8142.866863905326,10677.032544378699,1.9112426035502958,18.94674556213018,286305.5587008284,119260.75459861524,431343.0650887574,208584.07100591715,3787651.1338757398,490549.40879367973,4250569.369822485,3291541.399408284,338,0.7751479289940828,1
2018-03-01 10:44:00,6323.544850498339,11.401993355481727,15073468.615448505,4.735049833887043,4.353820598006645,329.93023255813955,1614.0506644518273,134.27740863787375,20.869601328903656,42.8402725260407,38.75350683544435,339.4908637873754,47.41029900332226,135.52449019094684,118.8406080752774,286601.1234051764,25128.01376395667,1101502.4330459407,1348600.434720347,5076428.053156146,485937.93604651163,14305403.697674418,1397512.5276001699,1511486.5474095463,4661859.394518272,535319.7965116279,13570675.879568106,1143903.1666281736,1550807.2694828273,4467317.432724252,192996.5681063123,0.08222591362126246,0.0,0.013289036544850499,0.0,90.82059800664452,90.83720930232558,23235.827185406462,1889.5261360568836,20.869601328903656,349.0722591362126,82.87421681931063,110.77187806909636,42480.76033157265,0.0024916943521594683,0.08222591362126246,0.22674418604651161,0.3230897009966777,0.15614617940199335,0.026578073089700997,0.013289036544850499,0.22674418604651161,0.71843853820598,99.56066785387459,42.8402725260407,135.52449019094684,0.0,0.0,0.0,0.0,0.0,0.0,4.735049833887043,329.93023255813955,4.353820598006645,1614.0506644518273,4059.732558139535,3303.936046511628,1.9593023255813953,14.631229235880399,187970.63528978406,76776.31039665948,287840.73754152824,141805.9684385382,4795014.33791113,212354.15154817107,4935261.217607973,4586886.362126246,1204,0.8164451827242525,1
2018-03-01 10:45:00,6554.883673469388,11.33673469387755,14556173.889795918,4.989795918367347,4.297959183673469,316.94081632653064,1523.0489795918368,148.34897959183672,23.475510204081633,48.35337826237347,41.6778455417551,353.5408163265306,45.885714285714286,124.96000778267347,117.51864595732654,145765.99283618882,19747.383538742102,876720.0778895373,1290685.510299153,4956294.54489796,292778.28571428574,14253483.012244899,1266074.729806102,1553896.9010525532,4736799.13877551,314446.4448979592,12422835.487755101,1012880.1302831286,1331443.2403508932,4220858.655102041,217774.96734693876,0.024489795918367346,0.0,0.0,0.0,88.88163265306123,89.13469387755102,17685.67364395634,2058.9082862759,23.475510204081633,359.43673469387755,82.99807920436734,106.74592444382245,36209.04586511903,0.01020408163265306,0.024489795918367346,0.1836734693877551,0.3448979591836735,0.14081632653061224,0.022448979591836733,0.0,0.1836734693877551,0.6265306122448979,99.1136502167245,48.35337826237347,124.96000778267347,0.0,0.0,0.0,0.0,0.0,0.0,4.989795918367347,316.94081632653064,4.297959183673469,1523.0489795918368,3782.1367346938778,6837.2,2.0918367346938775,14.016326530612245,413737.08511387755,210806.21266987218,588047.4428571429,268324.82653061225,4436871.279995918,357845.38258427486,4801934.659183674,4123842.069387755,490,0.8714285714285714,1
2018-03-01 10:46:00,8935.591983556013,10.933196300102775,13043837.89311408,4.15005138746146,3.645426515930113,226.9743062692703,1281.415210688592,106.98972250770812,24.136690647482013,40.80415590440904,28.337938882028777,277.85714285714283,44.927029804727646,117.63832500731758,96.42704350742035,451041.05105318094,34252.252283765454,1322200.0018935862,1246948.021375915,5181086.982528263,772269.0513874615,12467881.095580678,1626677.1571918097,1440473.9214122402,4878667.1449126415,854878.3062692703,10695536.645426515,965259.9525994563,1336338.8200803846,4097536.380267215,227967.5704008222,0.06885919835560124,0.0,0.01644398766700925,0.0,76.58787255909559,73.46351490236383,28770.078126482895,5479.3523932820835,23.915724563206577,286.1757451181912,74.25708898771737,88.87695626665467,33683.12756321141,0.011305241521068859,0.06885919835560124,0.1736896197327852,0.2774922918807811,0.19938335046248715,0.05447070914696814,0.01644398766700925,0.1736896197327852,0.6474820143884892,91.19381569290648,40.80415590440904,117.63832500731758,0.0,0.0,0.0,0.0,0.0,0.0,4.15005138746146,226.9743062692703,3.645426515930113,1281.415210688592,3915.3360739979444,3357.2322713257963,1.4409044193216856,14.618705035971223,202443.71289066804,77463.62505049158,283612.901336074,151460.3062692703,4749153.456700925,336051.4652216373,5034752.830421377,4469524.242548818,973,0.6742034943473793,1
2018-03-01 10:47:00,9384.44208566108,6.68193668528864,3084272.354189944,2.1176908752327748,2.2145251396648047,73.84469273743017,1135.3523277467411,33.204469273743015,3.1277467411545623,9.986814194039106,10.79799724963501,65.37541899441341,5.956052141527002,22.200521939359405,23.46579818640745,90044.35241694693,382060.644110932,303523.0048247028,371962.3768647592,1347711.2726256982,119528.12923649907,2689282.880446927,333997.23021809274,364439.4294990759,1129824.061452514,144028.69869646183,2569135.3966480447,296083.521919635,371588.0426325655,1100375.3884543763,76658.84059590317,0.03314711359404097,0.0,0.004469273743016759,0.0,45.11731843575419,45.9828677839851,198031.6878781122,184026.91110728428,3.1273743016759776,69.88789571694599,15.599275697511361,21.420589046551957,7506.308465929156,0.0026070763500931097,0.03314711359404097,0.048789571694599625,0.839851024208566,0.08677839851024209,0.01936685288640596,0.004469273743016759,0.048789571694599625,0.9169459962756052,18.325708734658846,9.986814194039106,22.200521939359405,0.0,0.0,0.0,0.0,0.0,0.0,2.1176908752327748,73.84469273743017,2.2145251396648047,1135.3523277467411,1928.6648044692738,1674.0536312849163,0.39329608938547483,22.587709497206703,140161.8161261043,24390.169406614245,160073.48491620112,123408.35046554935,1225644.141174674,104531.13174438552,1309651.2715083798,1147173.99292365,2685,0.939292364990689,1
2018-03-01 10:48:00,15070.620289855073,7.3594202898550725,9569791.04057971,4.252173913043478,2.8231884057971013,263.22028985507245,411.48985507246374,115.31014492753623,10.4,35.124552994159416,38.3318118645884,221.26666666666668,11.90144927536232,69.94876829066666,93.30514242293913,427472.22002617485,66727.52081766212,1412660.0698241643,1184825.4413434702,3564874.3188405796,621253.1101449275,8616959.944927536,1522156.6399371594,1107984.5812348318,3198670.7333333334,696067.0666666667,6258813.686956522,1182531.0349086956,533298.9425685799,2082378.1188405796,770112.6550724638,0.1565217391304348,0.0,0.028985507246376812,0.0,83.1768115942029,59.45507246376812,59587.439820837986,7132.122804659127,10.4,236.28985507246378,48.117271383107244,69.69462196449855,24214.311043147765,0.008695652173913044,0.1565217391304348,0.19130434782608696,0.4028985507246377,0.42028985507246375,0.12173913043478261,0.028985507246376812,0.19130434782608696,0.4463768115942029,56.032646589260864,35.124552994159416,69.94876829066666,0.0,0.0,0.0,0.0,0.0,0.0,4.252173913043478,263.22028985507245,2.8231884057971013,411.48985507246374,6704.55652173913,9540.368115942028,1.3478260869565217,19.455072463768115,345194.2753585797,147049.30163963526,464916.6637681159,243744.54492753622,2901488.180814493,447887.88824164297,3339398.0695652175,2515516.927536232,345,0.8057971014492754,1
2018-03-01 10:49:00,9163.385838697463,6.7675123059447175,3046031.867853086,1.778492995077622,1.5812192351382053,58.4536160545248,326.067020068156,28.56985990155244,3.8648239303294205,9.242117773887164,8.728285790704279,65.8549791745551,7.032563422945854,24.148904104314276,24.549246690513066,178970.3134440427,402372.4362344107,366865.14989907324,318999.16015351494,1292233.554335479,209038.07004922378,2697717.04505869,395593.78662104846,317845.3871685138,1107897.5656948127,228573.42446043165,2353501.334343052,250987.4580299258,335818.58328623825,989623.272624006,50700.52139341159,0.03029155622870125,0.0,0.008330177962892843,0.0,37.87353275274517,32.961756910261265,207720.0028814266,194651.91355167588,3.864445285876562,68.32487694055283,15.848076333744794,21.13931846434949,7850.875337207657,0.001893222264293828,0.03029155622870125,0.048087845513063235,0.8492995077622113,0.06588413479742522,0.020825444907232107,0.008330177962892843,0.048087845513063235,0.9257856872396819,18.84291742976221,9.242117773887164,24.148904104314276,0.0,0.0,0.0,0.0,0.0,0.0,1.778492995077622,58.4536160545248,1.5812192351382053,326.067020068156,2080.8432411965164,1487.6474820143885,0.33888678530859523,22.58992805755396,144617.613545585,32067.88718696623,170634.855357819,122465.32979931844,1168359.750870125,105129.63837971371,1258029.116243847,1087062.828474063,2641,0.5691026126467247,1
2018-03-01 10:50:00,12034.67076923077,7.676923076923077,11979930.753846154,4.772307692307693,3.4676923076923076,326.34153846153845,554.2030769230769,158.44615384615383,11.618461538461538,45.23913588016615,51.94678507510462,290.7169230769231,16.784615384615385,76.82898179178461,106.01751079137232,254319.7397861192,63519.52534299274,1853416.1259544934,1261286.3266580948,4689733.63076923,1126071.8461538462,11307102.233846154,2189477.5177122247,1259258.0671264045,4398054.206153846,1341685.8676923078,7665125.224615385,1113515.347445846,872985.5026716207,2744652.193846154,515937.8646153846,0.1476923076923077,0.0,0.024615384615384615,0.0,93.93230769230769,74.10461538461539,59504.15980859729,4008.325595033757,11.335384615384616,303.45230769230767,58.69198339444308,85.92819852962769,26553.180220850798,0.012307692307692308,0.1476923076923077,0.13846153846153847,0.4369230769230769,0.3384615384615385,0.07384615384615385,0.024615384615384615,0.13846153846153847,0.4338461538461538,67.92815169467693,45.23913588016615,76.82898179178461,0.0,0.0,0.0,0.0,0.0,0.0,4.772307692307693,326.34153846153845,3.4676923076923076,554.2030769230769,6484.941538461539,11896.956923076923,1.6615384615384616,19.126153846153848,350587.8572214461,183334.48948269445,488437.4215384615,222528.46153846153,3995262.8756399998,464943.3216691819,4423502.089230769,3557666.6984615386,325,0.6153846153846154,1
2018-03-01 10:51:00,8306.454911433173,6.708534621578099,3334379.9879227052,1.790660225442834,1.646537842190016,58.67109500805153,310.65257648953303,29.772141706924316,3.5523349436392913,8.958017380640097,8.835973921574075,69.5390499194847,6.693236714975845,24.849276038993562,25.40609051444525,37484.70939682679,411114.2903760175,276767.0403313234,360143.48390134185,1366598.8305152978,114516.3228663446,3050072.3977455716,343194.42443695327,407954.0412513127,1241073.114331723,122802.83494363929,2822929.1481481483,273081.4120847597,389802.5180016815,1142939.1549919485,46053.73671497584,0.010869565217391304,0.0,0.005636070853462158,0.0,38.19645732689211,34.592592592592595,207225.12570268568,203888.98045357617,3.5523349436392913,71.24235104669887,15.858395581922704,21.850229416316022,8217.701819480426,0.0,0.010869565217391304,0.04468599033816425,0.893719806763285,0.03140096618357488,0.010869565217391304,0.005636070853462158,0.04468599033816425,0.9432367149758454,18.558348332930755,8.958017380640097,24.849276038993562,0.0,0.0,0.0,0.0,0.0,0.0,1.790660225442834,58.67109500805153,1.646537842190016,310.65257648953303,1926.4452495974235,1704.0418679549114,0.3824476650563607,22.753623188405797,114338.06773957326,47166.30442126288,155397.4001610306,81837.57045088567,1249533.8312624798,88638.81426358015,1328456.7431561996,1176298.502415459,2484,0.5539452495974235,1
2018-03-01 10:52:00,8194.342142353771,7.2914023960535586,4023209.320648344,1.9573643410852712,1.8671599718111347,69.00281888653981,398.9365750528541,36.6092318534179,5.106060606060606,11.873805140869626,11.450286467866455,85.89922480620154,12.11522198731501,32.47928914298097,29.20262890192495,90918.53948731549,379300.1395952616,441707.43380496616,375234.77564013674,1415148.6402396054,246657.3949964764,3712056.347780127,508694.7174727259,385553.6591505023,1246722.9408033828,261674.4055673009,3294534.0123326285,325385.46279972274,359005.02425946156,1048323.8157152925,85523.69802677943,0.021141649048625793,0.0,0.0021141649048625794,0.0,40.4538407329105,38.64270613107822,194475.88552511876,184822.80291761403,5.06553911205074,89.26849894291755,20.9518720375,28.26381905307188,10060.39815861479,0.0007047216349541931,0.021141649048625793,0.06307258632840028,0.8044397463002114,0.06694855532064835,0.014799154334038054,0.0021141649048625794,0.06307258632840028,0.9284707540521494,25.098373212801622,11.873805140869626,32.47928914298097,0.0,0.0,0.0,0.0,0.0,0.0,1.9573643410852712,69.00281888653981,1.8671599718111347,398.9365750528541,2066.8255813953488,1681.9584214235376,0.48379140239605356,21.45877378435518,90936.28223871037,5796.787294078612,98718.2216349542,87471.2054263566,1265697.766393587,114325.20057542005,1354367.7593375617,1171360.9330514446,2838,0.5909090909090909,1
2018-03-01 10:53:00,16875.138211382113,7.6138211382113825,12323994.878048781,4.524390243902439,2.9471544715447155,325.2154471544715,583.80081300813,166.9390243902439,10.483739837398375,43.8874616951626,54.00230500934959,268.7845528455285,15.317073170731707,68.52347594983739,93.14350443788618,44808.7694328623,54640.58263133182,2580498.794166194,1329585.094076312,5652494.784552845,1837018.3048780488,11928945.760162601,2938334.8475955282,1607730.2545479133,5636721.560975609,1854266.1016260162,6803700.390243903,868636.8381440245,772452.5083240251,2493693.361788618,338935.64634146343,0.04065040650406504,0.0,0.0,0.0,81.57723577235772,64.40650406504065,45650.17078787038,8984.831404859142,10.483739837398375,287.1626016260163,56.145546980199185,81.3682797254309,24640.713561659788,0.012195121951219513,0.04065040650406504,0.15447154471544716,0.4146341463414634,0.3699186991869919,0.12601626016260162,0.0,0.15447154471544716,0.3780487804878049,63.7552464589187,43.8874616951626,68.52347594983739,0.0,0.0,0.0,0.0,0.0,0.0,4.524390243902439,325.2154471544715,2.9471544715447155,583.80081300813,9939.68699186992,17904.426829268294,1.7317073170731707,17.495934959349594,537266.3615239024,224750.3569707004,706763.2764227642,379149.9837398374,4549747.272174796,372553.96180796775,4953282.918699187,4242588.341463415,246,0.5772357723577236,1
2018-03-01 10:54:00,7940.578026592022,10.786564030790762,15495238.819454163,5.044786564030791,4.753673897830651,328.9559132260322,2084.1126662001398,159.45696291112665,20.30580825752274,46.556437268416374,47.6059479859909,327.06088173547937,43.09377186843947,128.94507858088176,112.40699237727783,367490.966470063,32007.175968136304,952954.7681572067,1327745.049241942,4826097.33240028,354633.3296011197,15116009.047585724,1412811.6210925428,1571861.127992884,4619821.55353394,407446.4478656403,13732249.400279917,1045009.9113362232,1364482.829107708,4025314.9377186843,132807.40377886634,0.08117564730580826,0.0,0.01119664100769769,0.0,97.34919524142757,100.24912526242127,27397.499690721634,4605.833623260855,20.172848145556333,344.22323303009097,84.2867849726403,110.13756682715885,43386.020691237194,0.006298110566829951,0.08117564730580826,0.25052484254723584,0.3212036389083275,0.21693491952414276,0.05178446466060182,0.01119664100769769,0.25052484254723584,0.6186144156752974,100.0179582372785,46.556437268416374,128.94507858088176,0.0,0.0,0.0,0.0,0.0,0.0,5.044786564030791,328.9559132260322,4.753673897830651,2084.1126662001398,4510.7277816655005,3802.5297410776766,2.0384884534639607,15.199440167949614,156439.744596704,90324.08319289079,284088.2477256823,101686.78726382085,4321071.988923723,213860.3215140989,4518392.044786564,4096027.1182645205,1429,0.6794961511546536,1
2018-03-01 10:55:00,8878.317073170732,10.804878048780488,12304795.603658536,4.0,3.618292682926829,215.10853658536584,1389.5134146341463,115.60243902439025,19.397560975609757,38.24767315306097,32.72571354447317,262.52073170731705,46.27804878048781,105.2579934082195,85.41290274181951,95465.3868493174,23236.52949405755,1450209.6559776827,986461.5830076672,3959937.7719512195,934884.8841463415,11851421.879268292,1757459.084159028,1085119.3193239889,3725094.93902439,962879.7780487805,9699416.619512195,817828.5962631911,939509.1794003329,2668244.4341463414,102575.49634146341,0.041463414634146344,0.0,0.00975609756097561,0.0,75.53170731707317,76.0390243902439,18104.0608152011,5129.120415353604,19.321951219512194,269.0914634146341,66.31682308844269,83.69343513518658,28400.48698097173,0.003658536585365854,0.041463414634146344,0.18536585365853658,0.31097560975609756,0.20853658536585365,0.07560975609756097,0.00975609756097561,0.18536585365853658,0.65,81.32911398942073,38.24767315306097,105.2579934082195,0.0,0.0,0.0,0.0,0.0,0.0,4.0,215.10853658536584,3.618292682926829,1389.5134146341463,4538.278048780488,5343.8012195121955,1.574390243902439,14.897560975609757,178465.65290973173,77968.95083253902,256254.63902439026,125870.90975609756,3496954.998459756,238807.54389516,3712353.6414634148,3301237.5658536586,820,0.0,0
2018-03-01 10:56:00,17224.09265175719,7.65814696485623,13601865.600638978,4.878594249201278,3.2108626198083066,310.11182108626195,430.1693290734824,144.54313099041534,13.415335463258787,43.038796693584665,46.645831458044725,227.65495207667732,20.29073482428115,62.43430353653035,75.97873672448243,221444.68375145065,74654.89416478244,1662116.760887966,1782933.6477108565,5272472.910543131,672687.4856230032,13400929.571884984,2100877.439223962,1957909.152005277,5135062.162939297,748649.1597444089,8144722.290734825,1367550.7502904152,925587.4411685847,2811648.7060702876,697916.4217252396,0.13099041533546327,0.0,0.0,0.0,84.98402555910543,67.96166134185303,65883.00543613975,8766.040855174293,13.408945686900958,243.63578274760383,53.584278399383386,68.8823386197476,19029.286872847177,0.009584664536741214,0.13099041533546327,0.0670926517571885,0.31629392971246006,0.4952076677316294,0.13738019169329074,0.0,0.0670926517571885,0.40894568690095845,62.33876444502236,43.038796693584665,62.43430353653035,0.0,0.0,0.0,0.0,0.0,0.0,4.878594249201278,310.11182108626195,3.2108626198083066,430.1693290734824,5362.725239616613,9952.456869009584,1.5910543130990416,18.044728434504794,537647.3962803833,344874.323018229,893206.357827476,297216.5271565495,4562784.273533546,455791.1462288439,5064395.45686901,4127383.8817891376,313,0.0,0
2018-03-01 10:57:00,12207.807760141093,9.09347442680776,12142383.55026455,4.4109347442680775,3.707231040564374,325.1763668430335,927.3192239858906,167.20987654320987,14.250440917107584,45.91303943798942,52.1753766352575,336.9770723104056,29.87830687830688,104.59975947059965,115.68583521467373,451384.12388296257,77937.9679857378,1283843.390377727,1142509.9815792707,4307844.955908289,732541.4885361552,11885934.266313933,1700246.287452,1353548.1942968792,4221261.55026455,777734.8165784832,9535707.945326278,800195.8613053845,964472.4402173288,2801866.1128747794,100484.87830687831,0.12345679012345678,0.0,0.0,0.0,84.72663139329806,79.37213403880071,70490.55347947919,7438.536980914496,14.248677248677248,350.00352733686066,72.98717085831393,104.63731186883597,36544.63144441236,0.012345679012345678,0.12345679012345678,0.1710758377425044,0.3386243386243386,0.3386243386243386,0.10405643738977072,0.0,0.1710758377425044,0.5749559082892416,84.93641929041094,45.91303943798942,104.59975947059965,0.0,0.0,0.0,0.0,0.0,0.0,4.4109347442680775,325.1763668430335,3.707231040564374,927.3192239858906,4529.0952380952385,8955.446208112875,1.9559082892416226,16.437389770723104,243638.34774010585,37701.04731394489,293982.7954144621,221068.38095238095,3723835.333312169,252268.51187790596,3984052.6049382715,3490825.241622575,567,0.0,0
2018-03-01 10:58:00,6602.768175582991,11.551440329218106,16184304.737997256,4.824417009602195,4.3895747599451305,292.9245541838134,1474.7503429355281,147.03429355281207,21.415637860082306,45.28240045675309,41.46803592135802,327.358024691358,49.249657064471876,126.46882533853635,107.01259403005213,382349.52146238455,28027.896161777677,1415253.4610286942,1369183.6989585508,5736736.620027435,847603.1934156378,16150489.364883402,1920682.346908742,1777651.3538956442,5725977.5761316875,861968.0315500686,13264280.68861454,1155056.6177019232,1423247.9997228747,4463672.1550068585,338891.52263374487,0.07407407407407407,0.0,0.0,0.0,87.60493827160494,88.62002743484226,22397.148534514392,5628.23681249927,21.32647462277092,336.6666666666667,80.80575554320988,104.40727360533745,36592.45618929436,0.006858710562414266,0.07407407407407407,0.19615912208504802,0.2880658436213992,0.17421124828532236,0.04663923182441701,0.0,0.19615912208504802,0.6941015089163237,97.31895459973937,45.28240045675309,126.46882533853635,0.0,0.0,0.0,0.0,0.0,0.0,4.824417009602195,292.9245541838134,4.3895747599451305,1474.7503429355281,3120.748971193416,5612.17146776406,1.9122085048010975,13.673525377229081,370589.4062696845,115890.72275310714,478543.8381344307,289297.9972565158,5371251.985142661,225253.34950965623,5600566.267489712,5134099.88340192,729,0.0,0
2018-03-01 10:59:00,8294.12389380531,10.079646017699115,15440097.793510325,5.2536873156342185,5.156342182890856,418.8023598820059,2276.4306784660766,200.03244837758112,23.365781710914455,59.926556167433624,59.53079070581121,396.5929203539823,43.13864306784661,134.80747664225368,133.94804616834514,342005.329989973,31198.336640621434,1351729.2617778673,1545629.6073409887,6430027.560471976,741587.1415929204,15390581.08259587,1881688.6292541474,2029920.926444527,6457147.053097345,776688.581120944,13027949.315634219,1034405.4495760354,1798261.0111498055,5229238.604719764,51064.44247787611,0.035398230088495575,0.0,0.0,0.0,100.21238938053098,107.00884955752213,25848.614036461793,5349.722604535092,22.13274336283186,415.33038348082596,93.37189239890856,124.76103039022418,44218.64704542944,0.0,0.035398230088495575,0.16224188790560473,0.40707964601769914,0.19469026548672566,0.0471976401179941,0.0,0.16224188790560473,0.6076696165191741,110.30878160044838,59.926556167433624,134.80747664225368,0.0,0.0,0.0,0.0,0.0,0.0,5.2536873156342185,418.8023598820059,5.156342182890856,2276.4306784660766,5207.790560471976,10508.489675516224,2.191740412979351,15.35103244837758,230046.28090336281,163576.31998084477,415720.9469026549,120277.38938053098,5796777.036858408,335955.7954685351,6167549.719764012,5500348.297935103,339,0.0,0
2018-03-01 11:00:00,14161.89539748954,7.01255230125523,16501619.652719665,5.841004184100418,4.460251046025105,463.5857740585774,689.2510460251046,234.22175732217573,8.94979079497908,57.93860523866946,77.49637542197908,384.55230125523013,15.673640167364017,84.1001967125523,130.88300610966107,42906.2586568469,50115.62376924912,2902086.2004975593,1839667.4194665242,6877816.514644352,1959656.2259414226,16497611.472803347,3589727.463697071,2292176.0262799677,6921402.008368201,1992321.7322175733,9675076.129707113,1945641.4833117155,1262959.8706892694,3794748.092050209,1053856.7866108788,0.14644351464435146,0.0,0.0,0.0,107.01255230125523,95.48117154811716,39798.49841044774,10309.466847494243,8.94979079497908,396.8075313807531,69.63744258553557,109.57032900338912,31481.381241803767,0.012552301255230125,0.14644351464435146,0.0794979079497908,0.41841004184100417,0.41422594142259417,0.1297071129707113,0.0,0.0794979079497908,0.4309623430962343,77.91391984429707,57.93860523866946,84.1001967125523,0.0,0.0,0.0,0.0,0.0,0.0,5.841004184100418,463.5857740585774,4.460251046025105,689.2510460251046,5409.564853556485,18044.146443514644,2.1799163179916317,18.376569037656903,732511.7970941422,273251.70784457657,959469.0376569037,539224.1213389122,6036709.10192887,511330.6941745079,6544970.974895397,5550141.9037656905,239,0.0,0
2018-03-01 11:01:00,7557.957996768982,10.44264943457189,18194233.72213247,5.164781906300485,4.883683360258481,346.77382875605815,2059.993537964459,173.08723747980613,18.835218093699517,49.638113827909535,51.417786891940224,409.92084006462034,40.22617124394184,142.14640552181422,142.65672505163167,254477.37187561503,30614.953808381997,1810952.1980426607,1835401.9449645968,7880332.733441034,1099717.4555735057,17675159.119547658,2385561.428931746,2211498.2069736035,7646140.948303715,1211823.94184168,15217473.07431341,1354082.591176063,2051672.8276262702,6416319.308562197,271416.4733441034,0.09531502423263329,0.0,0.0,0.0,99.5799676898223,101.72536348949919,27708.811041290617,2899.48951238069,18.835218093699517,422.1680129240711,92.42857570715671,129.3432949534055,48876.551390181936,0.011308562197092083,0.09531502423263329,0.23263327948303716,0.35218093699515346,0.2084006462035541,0.035541195476575124,0.0,0.23263327948303716,0.6090468497576736,108.22244354175122,49.638113827909535,142.14640552181422,0.0,0.0,0.0,0.0,0.0,0.0,5.164781906300485,346.77382875605815,4.883683360258481,2059.993537964459,3652.4297253634895,6512.431340872375,2.2035541195476576,14.933764135702747,265040.21869219706,54963.90137054734,323375.8885298869,229221.6575121163,6989181.643064621,924832.8607525722,7720281.904684976,6271209.042003231,619,0.0,0
2018-03-01 11:02:00,7470.772511848341,10.225908372827805,16598087.505529227,5.341232227488152,4.774091627172196,344.46445497630333,1632.1627172195892,165.0963665086888,18.28120063191153,47.72737695101105,49.01709103872828,385.9178515007899,37.018957345971565,137.0724687555766,135.77775615388626,314009.8430441862,35933.973253395336,1217473.4136248035,1579500.1853488325,5968829.402843602,518577.7598736177,16553575.720379148,1768445.9155380093,1989528.854356186,5980334.118483412,563503.7219589257,13894802.044233806,1311737.2210516667,1533084.7039318108,4859126.60821485,389815.1563981043,0.09004739336492891,0.0,0.0,0.0,102.26224328593997,99.40600315955766,30733.917240647406,5189.935403987417,18.1216429699842,396.88941548183254,88.18603294428279,122.53564010042655,46342.478078790824,0.00315955766192733,0.09004739336492891,0.26540284360189575,0.4028436018957346,0.1943127962085308,0.03949447077409163,0.0,0.26540284360189575,0.6161137440758294,103.12933075554344,47.72737695101105,137.0724687555766,0.0,0.0,0.0,0.0,0.0,0.0,5.341232227488152,344.46445497630333,4.774091627172196,1632.1627172195892,4942.8546603475515,8275.194312796208,2.1800947867298577,15.778830963665087,442312.0821477251,121224.1922615202,559372.897314376,360089.8357030016,5257181.9650458135,536688.9937057177,5743251.028436019,4803308.492890995,633,0.0,0
2018-03-01 11:03:00,8242.30894308943,9.227642276422765,18993339.01897019,5.382113821138211,4.574525745257453,435.420054200542,1241.9864498644986,190.34959349593495,15.533875338753388,52.10008800680217,58.89388661130081,396.0650406504065,31.14363143631436,117.015526029729,135.25986318303524,357283.0345322667,36208.80042456575,2823971.595791916,1645023.1404995485,7684215.661246613,2082745.2276422763,18907298.03794038,3501769.668303523,2008260.6299118677,7731089.72899729,2289143.7669376694,13334902.23306233,1297318.5892955826,1771307.185932131,4985011.780487805,205121.8807588076,0.04878048780487805,0.0,0.0,0.0,98.65582655826559,97.45257452574526,30512.035510799204,5693.044620523127,15.533875338753388,410.2439024390244,79.52117869780487,118.13960288401083,39123.40461145474,0.0027100271002710027,0.04878048780487805,0.18157181571815717,0.42005420054200543,0.21680216802168023,0.07588075880758807,0.0,0.18157181571815717,0.5718157181571816,92.33886203878049,52.10008800680217,117.015526029729,0.0,0.0,0.0,0.0,0.0,0.0,5.382113821138211,435.420054200542,4.574525745257453,1241.9864498644986,5641.292682926829,11221.0027100271,2.3224932249322494,15.555555555555555,419477.0666215718,125122.3608612179,518750.0135501355,332778.0569105691,6860923.094075881,569496.4651980903,7429951.403794038,6388246.620596206,369,0.0,0
2018-03-01 11:04:00,12212.02643171806,9.030837004405287,14651715.182819383,4.76431718061674,3.640969162995595,341.90748898678413,656.4559471365639,167.90308370044053,13.722466960352422,48.313861766980175,53.69118165430397,295.8105726872247,29.094713656387665,85.43546968594714,97.6285439312445,253028.0498625414,60005.1823773025,2022099.1127936556,1871757.2901196475,6591616.975770925,1172671.3810572687,14578258.52202643,2573721.4664285462,2267660.3676659274,6552729.085903084,1202947.744493392,10090706.0,1410607.8619412356,1359886.9497203322,3949289.9339207048,553246.9449339207,0.14096916299559473,0.0,0.0,0.0,87.37444933920705,74.79295154185021,53671.970216541704,6327.16463540509,13.722466960352422,312.7180616740088,64.679663884674,89.87124799849119,26416.05733890077,0.015418502202643172,0.14096916299559473,0.10792951541850221,0.31938325991189426,0.3634361233480176,0.07488986784140969,0.0,0.10792951541850221,0.5,76.1643280780022,48.313861766980175,85.43546968594714,0.0,0.0,0.0,0.0,0.0,0.0,4.76431718061674,341.90748898678413,3.640969162995595,656.4559471365639,4842.687224669604,11423.094713656388,1.86784140969163,16.352422907488986,208231.58664453746,178354.93006865968,385104.8964757709,83949.45594713656,6156344.667284141,226382.5229966042,6405009.158590308,5915513.711453744,454,0.0,0
2018-03-01 11:05:00,9067.154205607476,9.97429906542056,15925320.745327102,5.002336448598131,3.9766355140186915,375.3224299065421,1206.8341121495328,166.02803738317758,19.69626168224299,48.77806517950935,48.618734198107475,304.4672897196262,35.32710280373832,100.86937176563085,100.41352109869159,94791.42407188668,53302.7310550935,1949697.5067798868,1317926.8594963758,5469234.462616823,1285133.8761682243,15844335.530373832,2412735.1578475935,1554207.930831322,5451147.072429907,1376563.0140186916,11730377.420560747,931459.5234942313,1233333.7883756114,3376366.10046729,72883.34813084113,0.11682242990654206,0.0,0.0,0.0,90.40186915887851,83.78504672897196,49091.16475177384,4201.9439556368525,19.516355140186917,324.9182242990654,73.64107908105841,95.38249378642756,30781.250461208387,0.011682242990654205,0.11682242990654206,0.16822429906542055,0.3177570093457944,0.2850467289719626,0.06074766355140187,0.0,0.16822429906542055,0.5630841121495327,87.47692045534346,48.77806517950935,100.86937176563085,0.0,0.0,0.0,0.0,0.0,0.0,5.002336448598131,375.3224299065421,3.9766355140186915,1206.8341121495328,4872.728971962617,8637.721962616823,2.0911214953271027,15.429906542056075,726069.6235541354,53832.486827289955,823415.2406542056,698637.9929906542,4775661.924077103,408907.742389795,5208261.71728972,4336241.857476636,428,0.0,0
2018-03-01 11:06:00,6663.103671706263,11.265658747300217,11796286.645788336,4.684665226781857,4.6965442764578835,342.1673866090713,2279.803455723542,168.25809935205183,22.347732181425485,51.35405227548488,50.45988348504859,384.5,50.48488120950324,155.10652933961123,133.88015973130237,178981.38908154392,21459.222906787523,1418533.7856811373,1261568.7714113405,5173075.735421167,905311.2084233261,11644318.64362851,1825283.7830006306,1595016.6125289463,5075455.464362851,915582.1792656587,8008436.807775378,911334.577332129,903932.598210389,2680950.865010799,316345.5280777538,0.056155507559395246,0.0,0.0,0.0,87.93952483801296,94.83369330453564,17939.31836177853,3516.445395579243,20.322894168466522,395.7526997840173,97.88289847603889,129.1064273486296,51176.27966135992,0.0032397408207343412,0.056155507559395246,0.24838012958963282,0.31965442764578833,0.1717062634989201,0.042116630669546434,0.0,0.24838012958963282,0.683585313174946,115.57392290216306,51.35405227548488,155.10652933961123,0.0,0.0,0.0,0.0,0.0,0.0,4.684665226781857,342.1673866090713,4.6965442764578835,2279.803455723542,4235.380129589633,5908.402807775378,1.7645788336933046,13.870410367170626,133877.9763036069,74032.93920566587,210183.97408207343,84452.06803455723,4710110.227744061,199567.62534348536,4894951.8196544275,4537345.781857451,926,0.0,0
2018-03-01 11:07:00,9460.42894736842,9.16842105263158,11295935.963157894,5.3,4.228947368421053,395.7736842105263,1359.95,177.67368421052632,17.492105263157896,53.20532413881579,56.09817099947368,367.4789473684211,32.09473684210526,121.60746261244738,130.9859747014421,339322.63060880394,28284.651856292632,2412645.977212945,1292462.5311835317,6299520.021052632,1762756.6157894738,11163916.568421053,2743869.0446461397,1553019.2585309085,6232826.731578947,1805929.8157894737,4061350.8157894737,641931.5284055447,528283.7561819144,1659844.0894736843,253430.20263157896,0.08421052631578947,0.0,0.0,0.0,95.10526315789474,87.78947368421052,23976.27877160181,4304.760484792366,17.492105263157896,383.7657894736842,84.60304769268421,117.2538648961079,40602.171903349496,0.0,0.08421052631578947,0.18421052631578946,0.4105263157894737,0.25263157894736843,0.060526315789473685,0.0,0.18421052631578946,0.5210526315789473,97.73798335808947,53.20532413881579,121.60746261244738,0.0,0.0,0.0,0.0,0.0,0.0,5.3,395.7736842105263,4.228947368421053,1359.95,5918.3105263157895,9818.523684210526,2.0842105263157893,16.021052631578947,659641.4416466579,135506.26258314203,764196.3921052632,562748.2131578948,5453520.885176316,553293.9914886232,6073611.255263158,4962105.3263157895,380,0.0,0
2018-03-01 11:08:00,10259.986086956522,9.697391304347827,16860954.88521739,6.038260869565217,5.165217391304348,967.2643478260869,1482.0730434782608,166.40869565217392,15.777391304347827,47.093459978773915,50.37240465993391,353.2834782608696,33.32695652173913,117.17761794633044,120.72060892787304,349118.9704946365,36939.67865500545,1973257.9810491512,1596647.9752608093,6104154.113043479,1192862.7669565217,16544796.751304347,2526901.0764048696,1820542.272579836,5957091.413913043,1291467.012173913,13636286.406956522,1468905.3699751722,1316806.6439089947,4219158.434782608,518727.83478260867,0.08347826086956522,0.0,0.0,0.0,112.19478260869565,106.28869565217391,26378.416747032396,10554.895354383632,15.403478260869566,370.1982608695652,78.08251375187827,111.1443240202661,39446.843438334545,0.0034782608695652175,0.08347826086956522,0.271304347826087,0.38956521739130434,0.2573913043478261,0.08347826086956522,0.0,0.271304347826087,0.5634782608695652,90.76799776504696,47.093459978773915,117.17761794633044,0.0,0.0,0.0,0.0,0.0,0.0,6.038260869565217,967.2643478260869,5.165217391304348,1482.0730434782608,5287.4365217391305,9723.99304347826,3.1078260869565217,15.853913043478261,132314.60978288695,57421.182226279445,220024.73391304348,98312.94434782608,5294046.886746087,436718.62892137514,5672577.003478261,4868907.260869565,575,0.0,0
2018-03-01 11:09:00,7109.914489311164,10.206650831353919,16477464.035629453,4.881235154394299,3.7173396674584325,322.2256532066508,1063.2232779097387,168.94061757719714,20.874109263657957,50.722458051646086,49.767703280047506,344.0,44.27790973871734,114.59559610985748,110.90289025624703,350237.55389358895,29013.464726228347,2657238.620255037,1655472.2836415938,6445557.102137767,1761136.028503563,16169467.197149644,3501352.2574969833,1393350.325605337,6293893.083135392,2532988.0997624705,10931904.116389548,1689399.0309593657,1139682.3736284755,3877423.5558194774,869189.3349168646,0.0665083135391924,0.0,0.0,0.0,81.56769596199526,78.46080760095012,23923.634123616877,5081.13518980125,20.72684085510689,356.4560570071259,78.32022460828979,104.56619675474583,32622.763846318194,0.004750593824228029,0.0665083135391924,0.2042755344418052,0.3515439429928741,0.1828978622327791,0.05463182897862233,0.0,0.2042755344418052,0.6247030878859857,93.65749800163896,50.722458051646086,114.59559610985748,0.0,0.0,0.0,0.0,0.0,0.0,4.881235154394299,322.2256532066508,3.7173396674584325,1063.2232779097387,4627.358669833729,11138.244655581948,2.007125890736342,14.356294536817103,655281.6252522803,188188.9698402613,835183.6318289787,526871.0190023753,5573467.003437054,472627.940028155,6089485.7173396675,5152013.560570071,421,0.0,0
2018-03-01 11:10:00,6029.160628019324,11.018115942028986,18778648.605072465,5.456521739130435,5.375603864734299,366.69444444444446,2173.3176328502414,184.22946859903382,20.13888888888889,50.58902743778503,53.73758887104831,417.83937198067633,48.56642512077295,145.62374007853865,139.23448756117148,182806.50899742692,16861.418328064945,1944506.6183756196,1799152.3995212265,6514271.307971015,1096293.5603864735,18643700.15700483,2846916.6884746864,1917345.4990245963,6450377.898550725,1586835.7801932367,16236608.776570048,1727644.2081282681,1568609.7875374686,4962751.134057971,680424.6570048309,0.035024154589371984,0.0,0.0,0.0,105.06280193236715,113.9951690821256,12103.217692494374,4757.0953315270035,20.13888888888889,427.0471014492754,93.41481236167755,129.34152566061834,46625.71409182204,0.0024154589371980675,0.035024154589371984,0.28381642512077293,0.3647342995169082,0.1461352657004831,0.050724637681159424,0.0,0.28381642512077293,0.6835748792270532,109.66061794644565,50.58902743778503,145.62374007853865,0.0,0.0,0.0,0.0,0.0,0.0,5.456521739130435,366.69444444444446,5.375603864734299,2173.3176328502414,4437.688405797101,9005.53502415459,2.496376811594203,14.135265700483092,73108.94969187198,38583.73100641051,143322.24758454107,51962.82729468599,6102203.677905797,170699.76572205106,6240982.642512077,5909825.5241545895,828,0.0,0
2018-03-01 11:11:00,9331.549783549783,9.207792207792208,17634740.296536796,5.4978354978354975,4.482683982683983,411.63419913419915,1588.7424242424242,188.9978354978355,15.287878787878787,50.712073719757576,57.85437791558658,369.2121212121212,33.93939393939394,117.50546536186147,125.64683355465368,88042.87683227105,23745.93417557992,4966622.814764157,1255709.9658936844,8648362.70995671,4398739.621212121,17528351.71212121,5403683.571145467,1552967.470240981,8685576.56060606,4457167.906926407,10358296.51082251,863458.5645943572,1109402.4654603656,3443465.196969697,207842.316017316,0.06060606060606061,0.0,0.0,0.0,99.991341991342,94.5021645021645,17781.350170009613,5960.622135506689,15.205627705627705,389.987012987013,80.60956020388744,115.43576249564718,39135.50949046628,0.004329004329004329,0.06060606060606061,0.21645021645021645,0.3874458874458874,0.26406926406926406,0.08441558441558442,0.0,0.21645021645021645,0.5303030303030303,93.45617030091775,50.712073719757576,117.50546536186147,0.0,0.0,0.0,0.0,0.0,0.0,5.4978354978354975,411.63419913419915,4.482683982683983,1588.7424242424242,6505.517316017316,13268.692640692641,2.222943722943723,15.688311688311689,594488.2082498702,56515.0381184745,656199.0584415584,558006.6493506493,8202760.038751082,212859.0365950857,8407806.283549784,7975203.961038961,462,0.0,0
2018-03-01 11:12:00,9973.414285714285,10.22087912087912,17497369.235164836,5.224175824175824,4.515384615384615,345.1175824175824,1444.6395604395605,174.38571428571427,17.6,47.57084241046264,52.50583249085494,365.74285714285713,39.82747252747253,130.38184722116813,127.43880667634835,147959.17747499718,46345.88100344881,2810075.9788547037,1454126.901455587,6831711.231868132,2158834.231868132,17289038.04725275,3394280.0017714193,1651168.977801106,6668960.282417582,2354127.1373626376,13435451.034065934,1230371.6203689207,1390624.0712561214,4206856.950549451,377328.0175824176,0.06703296703296703,0.0,0.0,0.0,99.22197802197802,94.61538461538461,42186.58692312157,4153.259846560877,17.396703296703297,388.6868131868132,84.12954618463297,118.86248395482308,42418.374860620155,0.006593406593406593,0.06703296703296703,0.24725274725274726,0.3373626373626374,0.24285714285714285,0.05274725274725275,0.0,0.24725274725274726,0.5626373626373626,98.40792612793295,47.57084241046264,130.38184722116813,0.0,0.0,0.0,0.0,0.0,0.0,5.224175824175824,345.1175824175824,4.515384615384615,1444.6395604395605,4390.936263736264,6865.97032967033,2.3373626373626375,14.923076923076923,102775.67569078022,92509.77555867838,229675.68021978022,46614.385714285716,6493387.564589011,138981.76919195568,6610340.02967033,6319334.536263736,910,0.0,0
2018-03-01 11:13:00,14048.787096774193,7.661290322580645,14890293.729032258,4.95483870967742,2.970967741935484,357.8225806451613,555.8096774193548,169.06451612903226,11.26774193548387,44.06083654576129,52.57740370284516,256.39677419354837,22.019354838709678,67.79399966835484,83.19036022041935,101737.0906285366,56344.124100472356,6447228.698442238,1133056.9863432706,8736576.841935484,5765537.429032258,14626206.270967742,6601797.330653548,1089891.952867961,8525631.258064516,5811134.258064516,5016651.132258064,755080.4160935484,418467.4951833742,1570960.2129032258,416717.135483871,0.12580645161290321,0.0,0.0,0.0,84.96774193548387,62.92903225806452,49585.3366120416,6752.883023188545,11.26774193548387,286.65806451612906,55.53023563782903,79.51021645233871,22073.16980174244,0.00967741935483871,0.12580645161290321,0.16129032258064516,0.3419354838709677,0.4258064516129032,0.11290322580645161,0.0,0.16129032258064516,0.4,65.36458190254838,44.06083654576129,67.79399966835484,0.0,0.0,0.0,0.0,0.0,0.0,4.95483870967742,357.8225806451613,2.970967741935484,555.8096774193548,8126.3967741935485,14282.735483870967,1.706451612903226,17.406451612903226,704031.3509360322,226689.63432321808,909453.1774193548,540227.8129032258,8022482.144712904,390879.9957199109,8486601.880645161,7682137.432258065,310,0.0,0
2018-03-01 11:14:00,13038.74716981132,9.105660377358491,11750966.833962264,4.59811320754717,3.4962264150943394,339.06037735849054,923.7056603773585,154.0811320754717,13.21320754716981,44.6766844825849,48.518596189143395,261.98867924528304,27.450943396226414,83.42277237060377,87.59898458509622,489167.01690737804,61338.867925549894,3791605.1655118493,917054.544351703,6337817.354716981,3350651.441509434,11726043.666037736,4079773.2820383776,1138500.8288421656,6360786.949056604,3392363.6886792453,6251975.967924529,589124.615155817,758009.982028627,2380350.9716981133,166611.11698113207,0.1339622641509434,0.0,0.0,0.0,87.87169811320754,71.13962264150943,52920.743022017974,8411.21779352944,13.154716981132076,287.46792452830186,62.64242813477359,84.88169443820566,26250.18294538569,0.013207547169811321,0.1339622641509434,0.16037735849056603,0.3132075471698113,0.37169811320754714,0.08490566037735849,0.0,0.16037735849056603,0.48867924528301887,73.9028934941132,44.6766844825849,83.42277237060377,0.0,0.0,0.0,0.0,0.0,0.0,4.59811320754717,339.06037735849054,3.4962264150943394,923.7056603773585,6490.866037735849,9889.567924528303,1.8094339622641509,16.52075471698113,173087.4998776981,60301.855614963795,259816.3245283019,137914.42264150945,5908544.80674151,182061.7525252969,6084628.364150943,5745314.303773585,530,0.0,0
2018-03-01 11:15:00,4878.830882352941,12.186974789915967,14621449.094537815,4.357142857142857,4.101890756302521,267.08193277310926,1587.875,138.6796218487395,22.95063025210084,43.81236943704307,37.61151870482878,302.6848739495798,54.20378151260504,124.9959503635399,95.27029435487185,286076.84758737666,21036.621735739278,2542565.355273006,1045673.9159870202,5321914.3487394955,2014338.6733193276,14355850.234243697,2911259.1848409246,1169989.6271158648,5135818.644957983,2038412.6838235294,11175261.776260504,994863.6105997227,973360.1088400293,3051077.1911764704,254544.46218487396,0.038865546218487396,0.0,0.0,0.0,79.55042016806723,84.7983193277311,18573.894781868607,2461.7656175593906,22.8781512605042,317.65441176470586,79.92701378956933,98.21042121160819,33761.134439812915,0.005252100840336135,0.038865546218487396,0.20063025210084034,0.28886554621848737,0.12605042016806722,0.026260504201680673,0.0,0.20063025210084034,0.7195378151260504,97.07486809947478,43.81236943704307,124.9959503635399,0.0,0.0,0.0,0.0,0.0,0.0,4.357142857142857,267.08193277310926,4.101890756302521,1587.875,4098.52205882353,5638.455882352941,1.8623949579831933,13.147058823529411,142672.57814044118,103697.53083617336,276552.25840336137,77391.40966386555,5008716.780066176,108214.19870637295,5112671.836134454,4884313.588235294,952,0.0,0
2018-03-01 11:16:00,9183.326153846154,9.098461538461539,13439432.12923077,5.304615384615385,3.4553846153846153,452.0861538461538,557.7169230769231,225.11076923076922,31.923076923076923,70.4888467252523,63.415329427809226,326.8953846153846,33.464615384615385,90.55127867135386,105.91092625076,367290.31629038695,30340.344065182686,5291195.315266132,949731.7388810882,7031535.987692308,4651725.753846154,13066766.670769231,5419841.307862769,879607.963032538,6771467.227692308,4680252.627692307,4701950.572307692,809334.3515932307,397913.23258158093,1370943.8030769231,474357.3753846154,0.027692307692307693,0.0,0.0,0.0,89.02153846153846,72.61538461538461,23923.014003401393,6417.33006148348,31.403076923076924,362.68615384615384,81.26078172378462,93.78248729699077,27378.131745542378,0.003076923076923077,0.027692307692307693,0.16615384615384615,0.37846153846153846,0.23692307692307693,0.08307692307692308,0.0,0.16615384615384615,0.47692307692307695,98.41028215241538,70.4888467252523,90.55127867135386,0.0,0.0,0.0,0.0,0.0,0.0,5.304615384615385,452.0861538461538,3.4553846153846153,557.7169230769231,6944.766153846153,17079.033846153845,2.0492307692307694,15.187692307692307,420514.73134267697,24498.54877739692,444041.72,401548.1323076923,6248929.950015385,291293.83246220084,6631137.621538461,5967795.403076923,325,0.0,0
2018-03-01 11:17:00,13110.594366197183,8.785915492957747,12518328.304225352,4.005633802816901,3.0028169014084507,345.49577464788734,537.430985915493,178.57183098591548,11.11549295774648,48.201887240591546,57.452824365943655,245.21408450704226,27.461971830985917,70.99613826648732,77.60763085336339,201008.23759059818,58575.54823167873,6061972.134293106,723459.0139581884,7515003.16056338,5657321.58028169,12420225.777464788,6409043.150602253,621476.8327953909,7448663.763380282,5951151.171830986,4797219.183098592,833745.6761764338,383110.4768817335,1522543.504225352,505461.8732394366,0.1267605633802817,0.0,0.0,0.0,78.23098591549295,61.46478873239437,53491.70066545004,5077.402551175785,11.11549295774648,282.2788732394366,57.546582445509856,80.60434281836056,21528.433069276674,0.011267605633802818,0.1267605633802817,0.15492957746478872,0.3126760563380282,0.37464788732394366,0.07887323943661972,0.0,0.15492957746478872,0.49014084507042255,68.31364214214084,48.201887240591546,70.99613826648732,0.0,0.0,0.0,0.0,0.0,0.0,4.005633802816901,345.49577464788734,3.0028169014084507,537.430985915493,6222.8112676056335,12215.63661971831,1.6647887323943662,16.31549295774648,35165.101609690144,4024.702676297831,41893.898591549296,32881.321126760566,7168620.229577465,123005.43366645253,7273784.090140845,7003024.777464788,355,0.0,0
2018-03-01 11:18:00,6145.110625909752,11.272197962154294,19144351.241630275,5.831149927219796,5.282387190684134,381.2649199417758,2207.866084425036,164.1499272197962,21.818049490538574,50.34174987658806,47.15758280440757,370.311499272198,44.88646288209607,133.22737065393014,125.94722990525473,237655.6464724689,16981.33497437998,3168183.9111622856,1551301.7039122393,7982796.122270742,2470153.68558952,19073248.762736537,3753761.873487962,1885023.1541179153,7982686.691411936,2632820.8005822417,14284147.173216885,1233401.0938390116,1525039.0115530929,4989815.147016012,353592.0829694323,0.07132459970887918,0.0,0.0,0.0,105.46142649199417,109.117903930131,13642.624191100176,3337.3786258009973,21.726346433770015,388.68704512372636,87.35474090928675,117.09164564916885,41476.702403448195,0.001455604075691412,0.07132459970887918,0.22852983988355166,0.33624454148471616,0.1470160116448326,0.01601164483260553,0.0,0.22852983988355166,0.6200873362445415,103.85431154656477,50.34174987658806,133.22737065393014,0.0,0.0,0.0,0.0,0.0,0.0,5.831149927219796,381.2649199417758,5.282387190684134,2207.866084425036,4880.612809315866,6764.576419213974,2.3406113537117905,13.933042212518195,277775.1408493886,214112.61263683773,464444.77438136825,132236.80640465792,7437687.433395924,403652.182824265,7786386.193595342,7095367.777292577,687,0.0,0
2018-03-01 11:19:00,6199.62676056338,10.685446009389672,16273525.734741785,4.68075117370892,4.091549295774648,389.95539906103284,983.9084507042254,196.4718309859155,19.971830985915492,56.442727094647886,58.53489258420188,366.65492957746477,41.586854460093896,121.18766241631455,123.31857142054929,66854.80290450578,14242.120391150707,4796106.010748902,1464099.7334894894,8437089.685446009,4018332.046948357,16266399.995305164,5680268.687168709,1309360.499858961,8472523.070422536,4862876.894366197,11075595.056338029,1643868.7057089976,1127871.6739908608,4181262.3615023475,937334.2042253522,0.03286384976525822,0.0,0.0,0.0,90.46009389671362,83.2300469483568,12653.9207026071,1587.1255193023708,19.971830985915492,388.7981220657277,83.843749127277,114.60648034689437,37630.49222235382,0.004694835680751174,0.03286384976525822,0.2112676056338028,0.38497652582159625,0.14084507042253522,0.01643192488262911,0.0,0.2112676056338028,0.6056338028169014,98.70915837846245,56.442727094647886,121.18766241631455,0.0,0.0,0.0,0.0,0.0,0.0,4.68075117370892,389.95539906103284,4.091549295774648,983.9084507042254,6014.194835680752,11886.396713615024,2.171361502347418,14.51643192488263,204715.54550032862,26546.24938233695,248612.50704225354,190183.34037558685,7838607.289711267,275280.3107201704,8094363.915492957,7574594.636150234,426,0.0,0
2018-03-01 11:20:00,8819.102389078498,10.286689419795222,18002840.55972696,4.841296928327645,3.643344709897611,286.17235494880543,1032.0682593856654,149.29692832764505,18.11774744027304,44.57378696580204,43.52841885542321,272.25597269624575,40.636518771331055,103.29825202279864,88.57114829288396,232067.5545857738,26018.984862130626,4314791.576454773,1827939.0678656192,8126040.322525597,3284287.1928327647,17827292.825938568,5261443.734295427,1613405.1185447744,8064952.336177475,4159214.2440273035,10872811.540955631,1937849.1002944794,1039658.5912850815,3900884.215017065,1252500.1006825939,0.04778156996587031,0.0,0.0,0.0,83.419795221843,75.18771331058021,16858.948534417235,9157.693686351167,17.965870307167236,294.8174061433447,69.65643307756997,89.93042764923038,30360.27925303534,0.0017064846416382253,0.04778156996587031,0.1757679180887372,0.31569965870307165,0.22696245733788395,0.07337883959044368,0.0,0.1757679180887372,0.6092150170648464,83.40461879533959,44.57378696580204,103.29825202279864,0.0,0.0,0.0,0.0,0.0,0.0,4.841296928327645,286.17235494880543,3.643344709897611,1032.0682593856654,5854.624573378839,8337.977815699658,1.7627986348122866,14.443686006825939,386911.50002465874,231620.42184221232,583024.042662116,225220.74744027303,7458171.980648464,216300.02516188403,7719611.245733788,7269901.90443686,586,0.0,0
2018-03-01 11:21:00,11913.873655913978,8.64516129032258,11822931.943548387,4.075268817204301,2.8655913978494625,335.497311827957,520.4543010752689,169.76344086021504,12.28494623655914,45.78094362018817,52.63612655968011,250.65591397849462,23.782258064516128,69.65899758354838,81.85316919233871,171769.95008322987,36731.09770560883,5630400.954498164,865122.2612883401,7454578.553763441,5123823.1801075265,11731116.629032258,5990171.015427419,805428.4834020535,7452010.395161291,5434168.23655914,4219205.475806451,708181.0001685484,400921.4354733312,1482529.8548387096,387678.0967741936,0.12096774193548387,0.0,0.0,0.0,80.19354838709677,58.376344086021504,31683.21417204796,5041.733048414288,12.244623655913978,277.93817204301075,56.743702377903226,77.65151320563979,20746.567192045277,0.008064516129032258,0.12096774193548387,0.15053763440860216,0.3467741935483871,0.3575268817204301,0.08333333333333333,0.0,0.15053763440860216,0.4596774193548387,67.32853333437365,45.78094362018817,69.65899758354838,0.0,0.0,0.0,0.0,0.0,0.0,4.075268817204301,335.497311827957,2.8655913978494625,520.4543010752689,6081.239247311828,13113.120967741936,1.6505376344086022,16.731182795698924,201396.03898618277,36451.28623223404,235495.54569892472,174758.5188172043,6869052.38526344,297275.21980109776,7172726.690860215,6627146.48655914,372,0.0,0
2018-03-01 11:22:00,8416.837748344371,9.559602649006623,23301980.53807947,5.874172185430464,4.698675496688741,351.1639072847682,1307.4238410596026,168.18211920529802,15.77317880794702,44.50136346728808,49.14523059143874,347.8294701986755,32.28973509933775,114.72594107144039,119.76143697093873,193612.2164192385,29143.576339344647,4000027.9341649394,2381521.332670669,9660066.887417218,2762319.6208609273,22942334.784768213,5144446.325019906,2083194.3281090173,9411413.246688742,3885094.215231788,17229064.610927153,2304235.514516137,1585028.6200284217,5778312.518211921,1327579.177152318,0.07450331125827815,0.0,0.0,0.0,106.35099337748345,98.58940397350993,24726.053882495245,4413.734409768237,15.677152317880795,368.54635761589407,75.47470833104305,108.69438025133111,38416.43147281786,0.0033112582781456954,0.07450331125827815,0.2251655629139073,0.38741721854304634,0.22682119205298013,0.04304635761589404,0.0,0.2251655629139073,0.5612582781456954,88.2948479037202,44.50136346728808,114.72594107144039,0.0,0.0,0.0,0.0,0.0,0.0,5.874172185430464,351.1639072847682,4.698675496688741,1307.4238410596026,5846.968543046358,7167.200331125828,2.3625827814569536,15.483443708609272,337672.7378939073,248816.1163654318,536060.4933774834,163576.1705298013,9208792.335311258,245041.66483527393,9429879.034768213,8933007.920529801,604,0.0,0
2018-03-01 11:23:00,9081.043352601157,9.632947976878613,21422314.73121387,4.803468208092486,3.846820809248555,409.0115606936416,820.9508670520231,193.64161849710982,19.826589595375722,53.57810510453757,56.38564704630058,326.3699421965318,37.4393063583815,103.01615487838151,106.17318493621387,312544.55600605713,21883.845918995663,6732749.741107754,2006589.004484136,11433843.846820809,5684381.280346821,21119054.48265896,7506110.4695963,1962225.7408320596,11214391.069364162,6281762.5722543355,12033988.072254336,1810282.0467719652,1386057.2624462422,4716139.239884393,955288.5549132949,0.06069364161849711,0.0,0.0,0.0,92.91329479768787,79.86127167630057,17800.363952735825,4080.836902453124,19.583815028901736,353.0664739884393,75.6287492334104,100.53963790095953,31164.987080595318,0.002890173410404624,0.06069364161849711,0.18497109826589594,0.3583815028901734,0.2398843930635838,0.057803468208092484,0.0,0.18497109826589594,0.5404624277456648,89.490032548526,53.57810510453757,103.01615487838151,0.0,0.0,0.0,0.0,0.0,0.0,4.803468208092486,409.0115606936416,3.846820809248555,820.9508670520231,6856.268786127168,10551.803468208092,2.208092485549133,15.271676300578035,224985.47668034682,82022.16102683038,298198.4884393064,170371.98265895955,10701766.052725434,391806.2413739339,11102586.904624278,10357018.239884393,346,0.0,0
2018-03-01 11:24:00,13285.953191489361,7.136170212765958,21702930.723404255,6.0638297872340425,3.8085106382978724,411.59148936170214,481.8978723404255,195.92340425531916,9.953191489361702,48.07285809225957,62.209775343485106,265.3872340425532,17.974468085106384,66.50506347459574,89.8750347378298,42264.18755110358,20430.830209269505,8168414.1925092535,1942649.5728855669,11421453.387234043,6908568.489361702,21469584.85106383,9299166.217669105,1181334.249535299,11269257.40425532,8430534.268085107,9913038.778723404,2340175.227331915,644364.623774152,3451485.608510638,1873683.1744680852,0.08936170212765958,0.0,0.0,0.0,101.00425531914894,78.79148936170213,12258.26107983351,8170.621914263021,9.953191489361702,305.9872340425532,56.02775663123404,83.58547265901277,22921.45571549668,0.00851063829787234,0.08936170212765958,0.12340425531914893,0.4085106382978723,0.37872340425531914,0.11063829787234042,0.0,0.12340425531914893,0.3872340425531915,64.03888886621276,48.07285809225957,66.50506347459574,0.0,0.0,0.0,0.0,0.0,0.0,6.0638297872340425,411.59148936170214,3.8085106382978724,481.8978723404255,9910.289361702127,15266.710638297873,2.0425531914893615,17.293617021276596,499530.98804961704,403380.65776602307,824941.6808510638,215042.01276595745,10841057.881238298,248322.20524793072,11111542.191489361,10616310.391489362,235,0.0,0
2018-03-01 11:25:00,10696.0875,8.755,19534677.355,8.28,10.9675,456.745,10557.8275,190.24,14.215,49.37561904449,59.008558754275,303.2,27.8025,91.8732437943,101.33532026319999,235848.8460591886,56201.34282554985,5246953.247888934,1808720.686121481,8824084.0575,4151265.305,19178463.7525,6348961.67408155,1214652.7561662477,8638309.35,5447730.3875,13260427.13,2425737.0598997,916568.9160201842,4211702.855,1682231.33,0.1025,0.0,0.0,0.0,159.98,223.58,49705.927293304325,6486.26361119039,14.215,338.67,68.7140158461,97.32727483626749,29948.867790381573,0.01,0.1025,0.18,0.3625,0.3125,0.075,0.0,0.18,0.5125,80.446237571675,49.37561904449,91.8732437943,0.0,0.0,0.0,0.0,0.0,0.0,8.28,456.745,10.9675,10557.8275,6563.175,10146.275,2.2875,16.12,339403.379079525,117979.96800044982,468399.565,262041.57,8054994.2344875,484144.1581936209,8575444.7075,7555924.635,400,0.0,0
2018-03-01 11:26:00,7362.787234042553,9.5177304964539,18258161.210401893,5.0189125295508275,3.8203309692671397,350.822695035461,784.8274231678487,176.29314420803783,16.756501182033098,49.1053045017565,53.44171554354847,298.27186761229314,33.8628841607565,97.24221749858155,100.05748118395981,87360.95762697342,23187.948988781714,5486914.710724697,1412432.4666073157,9235599.825059101,4814504.271867612,18107349.678487,6025803.28440643,1615865.4527187056,9202528.68321513,5066171.524822695,9975243.77068558,1198566.567032033,1201430.472302106,3792437.4373522457,521192.8439716312,0.061465721040189124,0.0,0.0,0.0,94.2033096926714,79.15839243498817,20472.926447190006,2712.8589668714494,16.756501182033098,328.26477541371156,70.41675716741135,96.29343265144443,30582.215508284324,0.0,0.061465721040189124,0.19621749408983452,0.39243498817966904,0.2293144208037825,0.03546099290780142,0.0,0.19621749408983452,0.5059101654846335,83.66741164435224,49.1053045017565,97.24221749858155,0.0,0.0,0.0,0.0,0.0,0.0,5.0189125295508275,350.822695035461,3.8203309692671397,784.8274231678487,6610.151300236406,10429.827423167848,1.950354609929078,15.621749408983451,237054.51778981087,96283.53736916166,313538.6879432624,168667.914893617,8602741.907803783,337990.8202848398,8921555.144208038,8320541.41607565,423,0.0,0
2018-03-01 11:27:00,8030.453757225434,8.815028901734104,25602458.34682081,6.632947976878612,5.3497109826589595,510.4884393063584,1985.4046242774566,223.2601156069364,18.083815028901736,57.1412039840578,66.18705848276589,381.0433526011561,32.80057803468208,114.3378119718208,128.530623743526,324489.89895322005,22320.243239246174,6055386.668270331,2714868.810389868,11367394.494219653,4408813.23699422,25561607.75144509,7732803.387661734,1996538.4473750633,11406257.020231213,6315796.147398844,17293805.343930636,3310869.317098448,1513973.3330162507,6104606.158959538,2291852.7572254334,0.03468208092485549,0.0,0.0,0.0,118.78612716763006,114.01156069364161,19976.451357366295,2343.791882086974,18.083815028901736,413.95375722543355,83.79469230080925,118.51371137736706,38405.33012110353,0.0,0.03468208092485549,0.17630057803468208,0.43641618497109824,0.21676300578034682,0.028901734104046242,0.0,0.17630057803468208,0.4797687861271676,96.69085114037571,57.1412039840578,114.3378119718208,0.0,0.0,0.0,0.0,0.0,0.0,6.632947976878612,510.4884393063584,5.3497109826589595,1985.4046242774566,7743.005780346821,13188.387283236994,2.7716763005780347,15.710982658959537,656669.688975578,349630.0376700892,1011728.1069364162,420818.84104046243,10464957.351638727,712527.8067261962,11116914.75433526,9839728.520231213,346,0.0,0
2018-03-01 11:28:00,7918.978388998035,9.81139489194499,21614906.884086445,5.789783889980353,5.139489194499018,409.0333988212181,1600.1159135559922,201.05893909626718,19.31827111984283,54.67647580089391,59.705502873836934,394.0333988212181,36.40864440078585,128.75581008017681,137.23764833245775,300636.029505638,29002.22788592133,4165950.8735857233,2072441.8643999856,9941369.192534382,3266460.333988212,21569379.5913556,5043347.500931199,2370486.3051767554,9933719.872298624,3701007.536345776,15926229.10805501,1967776.969291397,1922178.539161104,6167770.408644401,880514.9155206287,0.06679764243614932,0.0,0.0,0.0,113.10019646365423,107.60707269155206,26395.57831829873,2603.053527436719,19.31827111984283,422.7996070726916,87.90619189141454,125.0304642887996,43166.14535565487,0.003929273084479371,0.06679764243614932,0.22396856581532418,0.40471512770137524,0.2043222003929273,0.03339882121807466,0.0,0.22396856581532418,0.5127701375245579,103.89958193912966,54.67647580089391,128.75581008017681,0.0,0.0,0.0,0.0,0.0,0.0,5.789783889980353,409.0333988212181,5.139489194499018,1600.1159135559922,6098.361493123772,9511.129666011788,2.481335952848723,15.206286836935167,354109.2750638507,36282.91838197305,399319.71512770135,331034.40864440077,9558917.844542239,127036.77942254186,9668226.047151277,9421921.817288801,509,0.0,0
2018-03-01 11:29:00,8332.590834697217,10.219312602291327,21273552.548281506,5.484451718494272,4.639934533551555,395.13584288052374,1602.2078559738134,174.10801963993453,20.389525368248773,48.84556026070376,50.062489271816695,361.5204582651391,37.89525368248773,125.65827096212767,124.21880606281506,300434.6062354305,31019.881312808666,4196746.688552495,1986910.6447311693,9370900.721767595,3202796.4222585927,20881068.47135843,5070875.750627872,2060795.5014727267,9245025.05400982,3795694.566284779,14599762.130932897,1688056.8727562095,1563999.418284397,5112027.206219313,697901.0687397709,0.07364975450081833,0.0,0.0,0.0,96.53682487725041,95.48281505728315,24058.713283788624,6954.42766138034,20.171849427168578,382.6366612111293,84.11663545351882,114.4935588198707,41412.34876656745,0.0032733224222585926,0.07364975450081833,0.23895253682487724,0.3322422258592471,0.2176759410801964,0.05073649754500818,0.0,0.23895253682487724,0.5990180032733224,98.67759124792144,48.84556026070376,125.65827096212767,0.0,0.0,0.0,0.0,0.0,0.0,5.484451718494272,395.13584288052374,4.639934533551555,1602.2078559738134,5040.873977086743,7102.592471358429,2.1898527004909982,14.44189852700491,380763.7940224223,195692.27663745382,547508.4091653028,248551.2651391162,8649348.749929624,399699.6412074952,9045581.022913257,8256233.756137479,611,0.0,0
2018-03-01 11:30:00,10016.133466135458,9.428286852589641,18453959.75697211,5.073705179282869,4.46613545816733,405.88247011952194,1379.9780876494024,198.25697211155378,24.254980079681275,57.57903205977291,58.61837542841035,343.7589641434263,40.7589641434263,118.79749576501992,115.9352667151992,211284.4204152619,47393.86288417311,4156358.3494139845,1846175.3276284651,7626299.027888446,3059261.513944223,18308369.609561753,5222554.286707092,1535700.6848161777,7562854.4203187255,4068228.322709163,12763300.143426295,2024987.348656229,923122.3629940388,3592311.296812749,1348609.1454183266,0.06374501992031872,0.0,0.0,0.0,95.52988047808765,94.4621513944223,40971.74108395626,6414.829433360359,24.254980079681275,380.45418326693226,89.3755701012749,115.15105585088247,40975.6304498344,0.013944223107569721,0.06374501992031872,0.2051792828685259,0.3386454183266932,0.2689243027888446,0.07370517928286853,0.0,0.2051792828685259,0.5577689243027888,106.78607783254981,57.57903205977291,118.79749576501992,0.0,0.0,0.0,0.0,0.0,0.0,5.073705179282869,405.88247011952194,4.46613545816733,1379.9780876494024,5115.653386454183,9021.017928286852,2.183266932270916,15.147410358565738,75446.93371762948,49532.80875044353,140793.99800796813,43807.19322709164,7053752.605974103,212498.29906868195,7279991.948207172,6840759.8266932275,502,0.0,0
2018-03-01 11:31:00,10980.579234972678,10.089253187613844,14365777.930783242,4.48816029143898,3.3187613843351547,354.0145719489982,671.7030965391621,156.45901639344262,17.989071038251367,44.985491349633875,46.17575474067942,270.57012750455374,40.25865209471767,93.2282209030419,86.02294758160292,532724.7142511099,49285.98019128076,3989606.127267982,991472.5269985166,6296962.369763206,3439466.52276867,14038099.39708561,4423568.528830212,1030676.542572922,6240315.73406193,3639755.367941712,7861655.078324226,962222.6143731147,737213.2778125135,2271775.207650273,365805.48633879784,0.08378870673952642,0.0,0.0,0.0,75.84699453551913,67.67213114754098,41858.51744801966,7418.294151754765,17.989071038251367,291.87795992714024,64.7343430473224,85.36835218768124,25509.002487155485,0.009107468123861567,0.08378870673952642,0.13479052823315119,0.2459016393442623,0.3224043715846995,0.09107468123861566,0.0,0.13479052823315119,0.5774134790528234,79.00062657374316,44.985491349633875,93.2282209030419,0.0,0.0,0.0,0.0,0.0,0.0,4.48816029143898,354.0145719489982,3.3187613843351547,671.7030965391621,4678.058287795992,8262.84699453552,1.6302367941712204,14.783242258652095,383083.75640897994,204834.26558573038,553368.2987249545,242864.47176684882,5749641.055216758,350529.321347335,6043231.617486339,5413599.872495446,549,0.0,0
2018-03-01 11:32:00,9704.156565656565,8.848484848484848,19366999.63131313,5.843434343434343,5.2146464646464645,446.8611111111111,2248.686868686869,209.6590909090909,14.492424242424242,52.389807817575765,65.0294372792803,341.09090909090907,33.601010101010104,116.53064295919192,114.98772573662374,285612.1612714747,59077.63796453455,5117079.738253105,1806468.6057692892,7954204.79040404,3947194.9444444445,19261732.0,6461226.768738813,1044161.7793407127,7934121.373737373,5585199.093434343,12771223.217171717,2391449.5839048815,652021.3421218505,3462596.3333333335,1858645.6035353534,0.09343434343434344,0.0,0.0,0.0,111.12121212121212,110.14141414141415,55275.065046003285,3792.1730074497577,14.492424242424242,374.780303030303,82.98017025812122,114.1858403483813,40158.44601545727,0.007575757575757576,0.09343434343434344,0.15656565656565657,0.3611111111111111,0.2904040404040404,0.03282828282828283,0.0,0.15656565656565657,0.48737373737373735,95.50860615867929,52.389807817575765,116.53064295919192,0.0,0.0,0.0,0.0,0.0,0.0,5.843434343434343,446.8611111111111,5.2146464646464645,2248.686868686869,6617.845959595959,12716.0,2.4217171717171717,15.616161616161616,180874.95078772728,29767.020178213505,243264.9595959596,162268.2702020202,7498015.049967173,116742.12714075547,7617769.595959596,7315209.967171717,396,0.0,0
2018-03-01 11:33:00,6275.316071428571,11.119642857142857,18958454.957142856,5.303571428571429,4.4,397.8803571428571,1219.8392857142858,186.70357142857142,21.810714285714287,52.05748972880357,53.65200212814286,335.5160714285714,48.06071428571428,123.55034147437502,108.93569113699643,190828.46334201377,18145.465384006122,3498020.3843702045,1567759.1888954446,7937284.676785714,2767360.3660714286,18804534.601785716,4084137.379568212,1807193.7455309688,7870313.146428571,2982300.525,13368065.878571428,1282743.541846682,1519815.0773302745,4515662.866071428,351212.67142857146,0.026785714285714284,0.0,0.0,0.0,91.18571428571428,89.11428571428571,13204.538532372098,4939.292580051361,21.707142857142856,362.275,82.62467460925,108.63677052462857,35784.468145775325,0.0035714285714285713,0.026785714285714284,0.19464285714285715,0.32142857142857145,0.15714285714285714,0.030357142857142857,0.0,0.19464285714285715,0.6267857142857143,99.35915679444642,52.05748972880357,123.55034147437502,0.0,0.0,0.0,0.0,0.0,0.0,5.303571428571429,397.8803571428571,4.4,1219.8392857142858,4915.853571428572,7947.203571428571,2.0910714285714285,13.642857142857142,628097.8314480232,194622.20463118973,830693.0482142858,502816.52142857143,7360462.1442196425,348885.1967010019,7743490.6875,6983833.017857143,560,0.0,0
2018-03-01 11:34:00,8874.521489971346,9.194842406876791,18649856.438395415,5.54727793696275,4.92836676217765,469.1919770773639,1548.7994269340975,204.53008595988538,15.716332378223496,54.69625909108309,65.55268773355874,322.3352435530086,32.70773638968481,100.83826230038107,107.81284403233238,218825.5266763997,42118.248736456306,5853449.315744719,1289487.0448976192,9388916.306590257,5221189.094555874,18610446.389684815,6301082.061078873,1605351.2766230626,9406931.148997135,5235814.243553009,9656340.865329513,943525.802121169,1040111.5222507482,3435345.6332378224,370471.14613180514,0.04297994269340974,0.0,0.0,0.0,105.30659025787966,102.06303724928367,39254.35976611506,2859.9554798967965,15.716332378223496,364.3467048710602,75.37903881173925,107.49645150646705,34428.87834008668,0.0028653295128939827,0.04297994269340974,0.2034383954154728,0.38968481375358166,0.25501432664756446,0.03151862464183381,0.0,0.2034383954154728,0.5329512893982808,87.9662472587851,54.69625909108309,100.83826230038107,0.0,0.0,0.0,0.0,0.0,0.0,5.54727793696275,469.1919770773639,4.92836676217765,1548.7994269340975,7482.948424068768,12159.570200573065,2.134670487106017,15.69054441260745,215789.9813742407,147394.23877201875,395380.7220630373,121317.10888252148,8741166.847002866,381604.1484705616,9094807.455587393,8427927.6504298,349,0.0,0
2018-03-01 11:35:00,8725.519269776876,9.665314401622718,17165328.476673428,5.0872210953346855,4.085192697768763,396.3529411764706,1039.0405679513185,186.2129817444219,16.795131845841784,50.28415082310953,57.287814024543614,358.62474645030426,37.29614604462475,118.58669552143205,123.21776189819472,261881.76068516655,28042.43954101791,4213761.469791242,1359396.987298268,7670288.584178499,3545192.139959432,17044602.665314402,4686391.216347059,1627016.3502274866,7627268.563894523,3585212.1298174444,11077207.604462475,1046408.4875601277,1195123.5350631028,3239590.6511156186,206669.73022312374,0.05273833671399594,0.0,0.0,0.0,95.37525354969574,87.47261663286004,25938.23388442066,2095.851975531045,16.795131845841784,382.74847870182555,79.64753322320081,115.25596977616632,39360.99541467435,0.006085192697768763,0.05273833671399594,0.2028397565922921,0.3894523326572008,0.2210953346855984,0.018255578093306288,0.0,0.2028397565922921,0.5010141987829615,93.60464608344624,50.28415082310953,118.58669552143205,0.0,0.0,0.0,0.0,0.0,0.0,5.0872210953346855,396.3529411764706,4.085192697768763,1039.0405679513185,6437.200811359026,9876.107505070993,2.182555780933063,15.318458417849898,154861.32855486815,92324.2744816808,239786.78296146044,91843.94929006085,7040483.563713997,313892.98569723597,7398170.379310345,6740142.94929006,493,0.0,0
2018-03-01 11:36:00,9110.036144578313,9.933734939759036,19289841.757028114,5.377510040160643,4.218875502008032,393.47991967871485,1082.7911646586344,172.36947791164658,19.11244979919679,49.26250888609438,51.78393993344779,322.1887550200803,37.78313253012048,108.96752089662651,108.38408041789155,843218.0441873962,66343.14681902011,3796488.203544565,1695597.4689777757,8380468.194779117,3049498.2690763054,19214942.82329317,4334561.5359934475,2122953.042710027,8402710.636546185,3066598.3493975904,12813876.879518073,1203437.3562293253,1463846.5912951438,4196045.174698795,312672.3192771084,0.10843373493975904,0.0,0.0,0.0,97.05220883534136,88.20080321285141,53527.09808132746,12814.211002548725,18.865461847389557,352.3112449799197,76.17821107686747,104.09366415792972,33950.29640664123,0.010040160642570281,0.10843373493975904,0.20682730923694778,0.3353413654618474,0.27309236947791166,0.03815261044176707,0.0,0.20682730923694778,0.5100401606425703,90.16273686589759,49.26250888609438,108.96752089662651,0.0,0.0,0.0,0.0,0.0,0.0,5.377510040160643,393.47991967871485,4.218875502008032,1082.7911646586344,5654.333333333333,7253.578313253012,2.2008032128514055,15.413654618473895,360577.9140347992,129927.17129268394,468017.0903614458,267872.0200803213,7869248.204491967,216172.5023474366,8091734.732931727,7663732.696787149,498,0.0,0
2018-03-01 11:37:00,8942.212678936605,9.987730061349692,21542868.871165644,5.6359918200409,4.879345603271983,423.8588957055215,1419.4089979550101,189.5439672801636,17.644171779141104,50.72504126358691,57.888522452997954,359.4355828220859,35.40695296523517,118.30423698650306,122.47597484862986,179354.28205123328,31183.69936154407,4537494.483762246,1338802.5805457227,8706189.928425359,3896738.527607362,21151934.5398773,5007968.121660074,1533168.8585151122,8472678.449897751,3968809.2515337425,14873231.214723926,1182181.4614678323,1387975.4097251564,4441007.807770961,198326.50306748465,0.05930470347648262,0.0,0.0,0.0,105.6278118609407,105.8077709611452,28253.080150720547,2926.876093740587,17.644171779141104,390.1799591002045,81.16668838901431,115.2724962970634,39377.114517699294,0.006134969325153374,0.05930470347648262,0.2392638036809816,0.36809815950920244,0.21267893660531698,0.034764826175869123,0.0,0.2392638036809816,0.5705521472392638,94.91413388700818,50.72504126358691,118.30423698650306,0.0,0.0,0.0,0.0,0.0,0.0,5.6359918200409,423.8588957055215,4.879345603271983,1419.4089979550101,5142.329243353784,8213.57873210634,2.5623721881390593,14.985685071574641,263502.62504006136,135939.34502003068,425875.0286298568,178104.56441717793,8152919.536548058,365985.23575902625,8484397.192229038,7817674.946830266,489,0.0,0
2018-03-01 11:38:00,9228.966960352423,10.05726872246696,15257420.920704845,5.118942731277533,4.090308370044053,353.8678414096916,1058.7136563876652,181.92511013215858,19.451541850220263,50.44876367778194,53.71386944312334,327.84140969162996,38.94933920704846,112.94054821735683,110.99345781395155,95406.28348399926,24672.22208882531,4199025.311930138,1090433.4276597318,7123060.286343613,3631797.7334801764,14962279.160792952,4667236.600749531,1098562.1569890724,6924046.821585903,3892955.9691629955,8821581.949339207,997015.5278103414,956455.2134686566,2954625.709251101,346666.7797356828,0.05506607929515418,0.0,0.0,0.0,91.57709251101322,83.86784140969164,18260.657621195558,6411.564468626843,19.451541850220263,352.15859030837004,78.09054637495593,105.20781834404404,34613.88208181893,0.0022026431718061676,0.05506607929515418,0.1894273127753304,0.34140969162995594,0.2511013215859031,0.07268722466960352,0.0,0.1894273127753304,0.5770925110132159,92.56477825776432,50.44876367778194,112.94054821735683,0.0,0.0,0.0,0.0,0.0,0.0,5.118942731277533,353.8678414096916,4.090308370044053,1058.7136563876652,5994.140969162996,10167.599118942731,1.9273127753303965,15.030837004405287,473717.7083994934,251872.44807328214,719775.6233480176,300393.20484581497,6390360.388068282,433615.8337261279,6814227.308370044,6029413.213656387,454,0.0,0
2018-03-01 11:39:00,11155.974712643678,9.795402298850576,12154341.16321839,10.282758620689656,23.418390804597703,304.5080459770115,29850.108045977013,151.9632183908046,13.65287356321839,42.03663631335173,47.59810422968046,261.9057471264368,35.673563218390804,98.52929787094253,84.95261700101379,79688.63905885488,33657.26496603627,4197334.827200945,1091001.2655849399,6703118.574712643,3640816.450574713,12067070.68045977,4531496.910550322,1273055.2219304247,6677332.650574713,3688375.8528735633,5404084.445977012,796606.2322082574,463319.75734643167,1646692.3333333333,444502.67586206895,0.059770114942528735,0.0,0.0,0.0,196.7816091954023,470.17931034482757,27144.91383972701,6511.299181434634,13.65287356321839,286.9172413793103,67.63492237848736,88.00234182849884,28459.5088278175,0.009195402298850575,0.059770114942528735,0.14942528735632185,0.3103448275862069,0.30344827586206896,0.06896551724137931,0.0,0.14942528735632185,0.5149425287356322,79.54081671569885,42.03663631335173,98.52929787094253,0.0,0.0,0.0,0.0,0.0,0.0,10.282758620689656,304.5080459770115,23.418390804597703,29769.24367816092,5772.158620689655,9110.758620689656,1.6758620689655173,15.448275862068966,463662.27606425283,37051.10726397414,533258.0436781609,446028.25747126434,6238363.826372414,83347.18922845196,6307262.533333333,6137646.8,435,0.0,0
2018-03-01 11:40:00,7846.932098765432,11.057098765432098,14774070.163580246,4.484567901234568,3.6790123456790123,267.75154320987656,1302.557098765432,139.07253086419752,21.183641975308642,45.00970780490432,39.33854501445524,301.2083333333333,45.95987654320987,116.51195122694445,98.54560712848766,198351.86115705938,18905.55643517127,3474965.374634544,1230655.0023237783,6822820.149691358,2903258.7700617285,14564776.12191358,3786320.662761235,1411534.3060436817,6665922.419753087,2927676.527777778,9427436.191358024,869661.9733887839,1059818.609384529,3184503.3842592593,201809.31327160494,0.06481481481481481,0.0,0.0,0.0,80.88888888888889,75.09876543209876,14860.525729506817,4041.499871849341,21.183641975308642,316.320987654321,76.29343615925926,96.29904611387501,32378.818996347713,0.004629629629629629,0.06481481481481481,0.1697530864197531,0.30246913580246915,0.2021604938271605,0.046296296296296294,0.0,0.1697530864197531,0.595679012345679,92.16065652060493,45.00970780490432,116.51195122694445,0.0,0.0,0.0,0.0,0.0,0.0,4.484567901234568,267.75154320987656,3.6790123456790123,1302.557098765432,4559.310185185185,7297.564814814815,1.7253086419753085,14.0,183832.1550341358,128837.54334787808,289499.5740740741,95217.43209876544,6440827.173212963,200989.21553717626,6640644.929012346,6267556.3132716045,648,0.0,0
2018-03-01 11:41:00,6923.55364806867,11.351931330472103,12947414.785407726,4.195278969957082,3.427038626609442,317.5257510729614,745.7124463519314,155.8283261802575,20.57725321888412,47.779026083731765,45.136351237135194,303.51072961373393,45.15021459227468,107.49004971261803,99.51368140860515,90028.2889505309,23442.096889000914,3535894.930531058,936361.640187203,6215493.30472103,3110641.592274678,12913444.152360516,3878673.7786658797,1151592.3094853016,6225100.688841201,3173535.2832618025,8195052.21888412,824401.8299780708,910923.514981375,2770147.2768240343,293831.33690987126,0.02145922746781116,0.0,0.0,0.0,77.33905579399142,68.95278969957081,19353.946103394057,4087.168820444354,20.57725321888412,322.09871244635195,71.90534875239484,94.87745102402576,29597.675027407295,0.0,0.02145922746781116,0.15879828326180256,0.33047210300429186,0.1630901287553648,0.045064377682403435,0.0,0.15879828326180256,0.630901287553648,87.10125794888198,47.779026083731765,107.49004971261803,0.0,0.0,0.0,0.0,0.0,0.0,4.195278969957082,317.5257510729614,3.427038626609442,745.7124463519314,5295.474248927038,9578.909871244636,1.7746781115879828,14.240343347639485,44389.63956334764,19569.326889171156,65521.78111587983,29908.88626609442,5835638.183909872,146445.6192788565,6003762.491416309,5693649.669527897,466,0.0,0
2018-03-01 11:42:00,7261.961065573771,10.698770491803279,11402478.547131147,4.346311475409836,3.1454918032786887,279.9405737704918,724.766393442623,152.297131147541,19.44467213114754,47.41306200722541,44.617913095569676,280.38524590163934,41.756147540983605,96.42833666395492,89.60626962307786,492110.1370053863,44271.2302698413,4016738.8578157355,867786.1449237159,6412865.243852459,3607738.6331967213,11407953.86680328,4355403.877613218,1114762.740517036,6441169.0799180325,3650639.551229508,5027455.881147541,691287.877714668,804964.9723676228,2242522.87704918,208613.63319672132,0.05737704918032787,0.0,0.0,0.0,75.06557377049181,62.32786885245902,40076.73495813639,4190.744524438707,19.44467213114754,300.09631147540983,67.55156310351639,86.73543383477254,25204.717661398598,0.004098360655737705,0.05737704918032787,0.12704918032786885,0.3422131147540984,0.19672131147540983,0.0389344262295082,0.0,0.12704918032786885,0.5860655737704918,82.5813460640246,47.41306200722541,96.42833666395492,0.0,0.0,0.0,0.0,0.0,0.0,4.346311475409836,279.9405737704918,3.1454918032786887,724.766393442623,5138.973360655737,10457.15368852459,1.526639344262295,14.573770491803279,573189.247064959,104019.7277357494,649046.0102459016,500177.743852459,5928456.379077869,313164.26314531296,6189230.1352459015,5688054.903688525,488,0.0,0
2018-03-01 11:43:00,9958.789898989899,9.555555555555555,13722446.444444444,4.468686868686869,3.4525252525252523,357.45656565656566,782.8343434343434,173.210101010101,17.064646464646465,49.94188649581212,53.42320951243232,306.3393939393939,30.006060606060608,94.84516652679393,105.8236143069899,203921.32597176352,36697.15207801625,4339393.5018996,1031865.8208088459,7319317.155555556,3874276.1494949493,13668991.08888889,4671371.583338384,1288074.2683354397,7322039.749494949,3907252.5272727273,7126412.951515151,793458.1713136182,959319.3937232232,2854243.608080808,260691.30505050506,0.07878787878787878,0.0,0.0,0.0,87.24040404040404,71.48282828282828,31568.53788584287,5125.840882397951,16.947474747474747,335.4646464646465,69.76812999578586,96.77504248240606,30277.86409770216,0.00202020202020202,0.07878787878787878,0.17575757575757575,0.37373737373737376,0.26666666666666666,0.04242424242424243,0.0,0.17575757575757575,0.4868686868686869,82.28986651595353,49.94188649581212,94.84516652679393,0.0,0.0,0.0,0.0,0.0,0.0,4.468686868686869,357.45656565656566,3.4525252525252523,782.8343434343434,5629.056565656566,10228.523232323232,1.9353535353535354,15.927272727272728,143100.28201143435,25392.735973757575,169152.7414141414,126510.94545454545,6710331.133496969,340171.07287878724,7052418.539393939,6422706.987878788,495,0.0,0
2018-03-01 11:44:00,5083.868421052632,10.682017543859649,20008973.64254386,6.434210526315789,5.296052631578948,406.3859649122807,1890.0592105263158,213.7982456140351,19.035087719298247,54.88844427021272,62.55368329922149,449.5701754385965,41.01535087719298,142.8375140102851,154.2579613390943,96140.71854409068,10007.494403647657,3872754.3701986163,1329309.2893756328,7838729.4605263155,3238205.4122807016,19993061.68640351,4360709.131980834,1641564.2091191474,7858308.828947368,3255534.8815789474,14014975.76754386,991161.3121309627,1342314.146201574,3937395.585526316,50804.78070175439,0.043859649122807015,0.0,0.0,0.0,116.16666666666667,113.93859649122807,7931.234581793983,2073.2493213130306,19.035087719298247,466.19736842105266,93.48487486116228,136.14163221425437,46330.11907459507,0.0021929824561403508,0.043859649122807015,0.25,0.42543859649122806,0.1162280701754386,0.0043859649122807015,0.0,0.25,0.5350877192982456,108.93731389705044,54.88844427021272,142.8375140102851,0.0,0.0,0.0,0.0,0.0,0.0,6.434210526315789,406.3859649122807,5.296052631578948,1890.0592105263158,6141.8223684210525,12346.537280701754,2.6973684210526314,14.394736842105264,331741.88245392544,260918.93257638265,577860.7916666666,155287.90131578947,7307814.17578728,275717.9209288683,7566666.572368421,7027392.86622807,456,0.0,0
2018-03-01 11:45:00,8601.609329446064,10.026239067055394,16393208.37026239,4.845481049562682,3.956268221574344,442.55102040816325,817.4839650145773,199.48396501457725,17.157434402332363,51.70291887032944,59.227249699912534,355.7667638483965,34.98542274052478,108.00654353408164,120.91067654868804,175573.4447274929,23285.18580010291,5742462.154832186,1005290.6595306029,8326102.160349854,5259053.658892129,16301037.760932945,6101002.137146481,1260384.3279139623,8360746.26239067,5260251.142857143,8419617.495626822,1006016.4271856268,842066.0542083771,2680902.0903790086,453621.9475218659,0.03206997084548105,0.0,0.0,0.0,94.07580174927114,84.59475218658892,18380.53780752295,4901.97979383521,17.0466472303207,380.70845481049565,73.92398032746064,108.0431476502653,33484.47741411335,0.0058309037900874635,0.03206997084548105,0.18950437317784258,0.3935860058309038,0.18950437317784258,0.0641399416909621,0.0,0.18950437317784258,0.5306122448979592,87.4235499764723,51.70291887032944,108.00654353408164,0.0,0.0,0.0,0.0,0.0,0.0,4.845481049562682,442.55102040816325,3.956268221574344,817.4839650145773,8062.918367346939,12177.516034985423,2.116618075801749,15.358600583090379,105361.41549329447,22957.34051187755,137803.4606413994,92011.62682215743,7868121.482285714,117594.99024154035,8002805.857142857,7732375.011661808,343,0.0,0
2018-03-01 11:46:00,7120.001141552511,11.07420091324201,15671906.610730594,4.592465753424658,3.787671232876712,258.0833333333333,1149.3196347031962,143.7876712328767,24.970319634703195,45.731114027256844,38.45989430570434,318.1472602739726,48.90296803652968,123.74915120946348,105.96888085100798,146246.16303987775,24448.737766120976,2774885.894567809,1146231.978157299,5772558.78196347,2224597.7191780824,15394387.648401827,3208734.0673062024,1353565.0573286754,5611658.124429224,2254517.5673515983,11674303.014840182,870137.7565151713,1115088.47492813,3020643.555936073,48177.66210045662,0.05136986301369863,0.0,0.0,0.0,82.82648401826484,80.52511415525115,19486.285060010323,4960.363226359093,24.74200913242009,333.94406392694066,80.67517718802969,101.56829193563584,36741.91781009747,0.001141552511415525,0.05136986301369863,0.22602739726027396,0.3025114155251142,0.18036529680365296,0.05251141552511415,0.0,0.22602739726027396,0.6267123287671232,98.08899858894635,45.731114027256844,123.74915120946348,0.0,0.0,0.0,0.0,0.0,0.0,4.592465753424658,258.0833333333333,3.787671232876712,1149.3196347031962,4127.934931506849,6240.162100456621,1.8949771689497716,13.730593607305936,203777.21494787672,49370.3793715734,269324.3561643836,174091.23630136985,5347505.345990868,92671.9197207835,5435049.568493151,5257380.953196347,876,0.0,0
2018-03-01 11:47:00,11221.085294117647,9.435294117647059,10183505.994117647,4.35,3.073529411764706,351.73823529411766,580.614705882353,160.75,14.864705882352942,44.93620139197059,48.55427902744117,236.02941176470588,30.438235294117646,74.40503474638236,75.70986254120588,128877.97080501186,35483.59434073637,4662574.731895503,542989.5201851395,6095525.517647059,4366680.994117647,10053935.352941176,4804067.249286471,626014.2888434796,6066475.979411765,4392544.476470588,3443457.6911764704,643439.2700986294,319127.07251390704,1437387.438235294,468502.75294117647,0.06764705882352941,0.0,0.0,0.0,77.88235294117646,62.129411764705885,28428.871813035104,7052.030786304732,14.864705882352942,262.0029411764706,57.242234140117645,74.6114895540206,20137.184247857735,0.011764705882352941,0.06764705882352941,0.13529411764705881,0.35294117647058826,0.2911764705882353,0.08529411764705883,0.0,0.13529411764705881,0.5294117647058824,68.80791567964707,44.93620139197059,74.40503474638236,0.0,0.0,0.0,0.0,0.0,0.0,4.35,351.73823529411766,3.073529411764706,580.614705882353,7342.641176470588,11847.329411764706,1.5147058823529411,16.305882352941175,533661.1162605295,7508.9461332676465,546408.3764705883,529906.3735294117,5680506.24505,127430.56543835897,5827131.576470588,5562057.791176471,340,0.0,0
2018-03-01 11:48:00,11995.088036117382,8.79683972911964,16546179.60496614,5.205417607223477,4.038374717832957,355.09706546275396,1008.8758465011286,183.3882618510158,14.805869074492099,47.776083656144465,56.5616870850948,350.5191873589165,30.532731376975168,111.32261667802031,122.45748387935892,217713.84717530344,54824.406371037316,4892221.536423063,998161.4548746462,7372801.392776524,4379041.510158014,16308222.144469526,5244186.107525892,1173620.5538491954,7249351.767494356,4397688.3069977425,9041466.203160271,713660.5683381038,855582.6262578417,2287536.1534988713,87892.1151241535,0.04966139954853273,0.0,0.0,0.0,95.90067720090293,87.92776523702031,47085.51070947089,7732.697973477433,14.433408577878104,375.9841986455982,76.17948658730474,113.16969530889617,39629.88589774765,0.004514672686230248,0.04966139954853273,0.22799097065462753,0.3905191873589165,0.28442437923250563,0.09255079006772009,0.0,0.22799097065462753,0.5665914221218962,88.14990874513995,47.776083656144465,111.32261667802031,0.0,0.0,0.0,0.0,0.0,0.0,5.205417607223477,355.09706546275396,4.038374717832957,1008.8758465011286,6493.4424379232505,10427.954853273137,2.1128668171557563,16.16252821670429,295906.1020637923,229971.50525282402,493740.0158013544,136841.32279909708,6874721.052309255,173153.7660639931,7051287.322799097,6710827.2618510155,443,0.0,0
2018-03-01 11:49:00,12456.956639566395,8.653116531165312,16082926.604336044,5.420054200542006,4.024390243902439,419.42547425474254,907.2710027100271,194.0731707317073,16.493224932249323,52.87555970078591,58.87412775639566,349.6720867208672,27.22222222222222,96.85182242512195,119.37255142620597,99991.78214651061,38288.82494858516,4986203.762849265,1203833.8857557746,8065581.501355014,4365433.4959349595,15767561.894308943,5243642.328939295,1282996.7136976076,7817499.073170732,4385312.853658536,8644116.544715447,1257332.7156459703,875967.3460369168,3197355.6395663954,694025.5772357724,0.11924119241192412,0.0,0.0,0.0,99.03523035230353,84.91056910569105,32504.825021615554,5777.799438386791,16.493224932249323,376.1029810298103,72.91001084108402,105.08532814438482,32086.15387072309,0.01084010840108401,0.11924119241192412,0.1951219512195122,0.39295392953929537,0.3089430894308943,0.06233062330623306,0.0,0.1951219512195122,0.42005420054200543,85.02649442430895,52.87555970078591,96.85182242512195,0.0,0.0,0.0,0.0,0.0,0.0,5.420054200542006,419.42547425474254,4.024390243902439,907.2710027100271,6195.918699186992,13212.384823848239,2.2574525745257454,16.5420054200542,740067.3665122222,36634.01309560976,774199.5040650406,715861.162601626,7481964.703392954,279557.67401855,7786699.37398374,7245566.20596206,369,0.0,0
2018-03-01 11:50:00,6201.080246913581,10.076131687242798,16717982.049382716,5.333333333333333,4.425925925925926,428.53909465020575,960.5864197530864,215.18106995884773,17.004115226337447,57.466091180088476,67.28945920131687,393.27777777777777,36.29012345679013,118.25510728984774,133.54189762456997,172384.1133638568,18579.95047423357,3830772.358681616,1559076.514001595,8441005.372427983,3186906.5555555555,16615060.75925926,4367952.623740867,1913826.8560374766,8408019.818930041,3329178.137860082,11573165.829218106,1116970.8165193745,1697220.5186292452,4735398.804526749,217597.05555555556,0.024691358024691357,0.0,0.0,0.0,102.17283950617283,92.08230452674897,15784.452924216559,2794.5559944755637,17.004115226337447,424.4156378600823,82.05703332955349,122.42127315225925,39593.09314337428,0.00205761316872428,0.024691358024691357,0.2777777777777778,0.4547325102880658,0.1440329218106996,0.0205761316872428,0.0,0.2777777777777778,0.5679012345679012,96.2793270907675,57.466091180088476,118.25510728984774,0.0,0.0,0.0,0.0,0.0,0.0,5.333333333333333,428.53909465020575,4.425925925925926,960.5864197530864,6187.2037037037035,12823.292181069959,2.253086419753086,15.448559670781894,228509.38200541152,153143.5100246363,356972.5658436214,120902.36419753087,7890310.64277572,335596.63762942655,8187207.666666667,7628823.9094650205,486,0.0,0
2018-03-01 11:51:00,6863.884943181818,10.799715909090908,17985081.318181816,5.3366477272727275,4.659090909090909,342.1463068181818,1681.903409090909,179.25142045454547,21.730113636363637,49.09651317389205,50.4000774513466,385.24857954545456,47.83948863636363,137.3300634322017,128.984922569446,147036.62726715277,25793.27752482545,3244543.921081304,1270881.2758199798,6707050.732954546,2629787.390625,17799250.855113637,3720871.256018274,1541747.5795995852,6616936.639204546,2640115.075284091,12664291.173295455,1026769.4835991521,1131424.8092700343,3435142.9644886362,218172.9715909091,0.03835227272727273,0.0,0.0,0.0,97.25568181818181,100.2215909090909,20734.03158446949,5054.6959796903775,21.532670454545453,400.33096590909093,88.73468534610795,121.71029071644602,43897.41765397559,0.0014204545454545455,0.03835227272727273,0.25142045454545453,0.36079545454545453,0.16335227272727273,0.05113636363636364,0.0,0.25142045454545453,0.640625,105.04722860421874,49.09651317389205,137.3300634322017,0.0,0.0,0.0,0.0,0.0,0.0,5.3366477272727275,342.1463068181818,4.659090909090909,1681.903409090909,4899.977272727273,8572.426136363636,2.2357954545454546,14.306818181818182,251917.92046907672,230090.8918454247,449786.3650568182,95322.82670454546,6035707.597267046,353056.88268783834,6346429.740056818,5753024.721590909,704,0.0,0
2018-03-01 11:52:00,10711.172576832152,8.952718676122931,18770222.815602835,6.815602836879433,6.26241134751773,506.27186761229314,2760.3167848699763,193.40425531914894,14.583924349881796,48.99893392600946,59.611807279756505,352.94089834515364,36.146572104018915,123.87742272321512,120.27773579153664,226192.0735438503,46871.53036267927,4838786.496283238,1349341.8795083368,8144552.09929078,4174745.0591016547,18329873.64066194,5243114.099388889,1331420.8469242014,7824550.716312056,4373681.468085106,12240549.423167849,1311557.0876295108,1126639.6572606098,3501593.9952718676,564928.8368794327,0.09219858156028368,0.0,0.0,0.0,133.3144208037825,132.92671394799055,39502.45544687073,7366.9113429339,14.583924349881796,382.90070921985813,83.01224695207564,117.24841982586526,42533.693030500515,0.004728132387706856,0.09219858156028368,0.19148936170212766,0.38534278959810875,0.3073286052009456,0.08983451536643026,0.0,0.19148936170212766,0.5366430260047281,96.04863604481324,48.99893392600946,123.87742272321512,0.0,0.0,0.0,0.0,0.0,0.0,6.815602836879433,506.27186761229314,6.26241134751773,2760.3167848699763,6421.600472813238,10576.34278959811,3.1182033096926713,16.28368794326241,95255.0634390071,40648.335654131355,159281.40661938535,69786.10401891253,7659092.551973996,259075.71378625697,7884261.127659574,7371591.278959811,423,0.0,0
2018-03-01 11:53:00,12163.710317460318,9.132936507936508,14460079.666666666,6.0476190476190474,4.490079365079365,1093.6329365079366,6502.585317460317,179.2043650793651,17.65674603174603,52.124423659740074,54.12994773712302,466.44642857142856,30.5,172.8551632505357,150.65538586904762,345644.9459661815,47755.787830239875,3646140.736324716,1321818.2347058975,7300099.904761905,3075516.0317460317,14282956.192460317,4009315.9449554994,1636029.2586876575,7239131.787698412,3085013.1845238097,8418136.581349207,853909.7891894742,1167258.4599559498,3195096.886904762,161739.00793650793,0.08134920634920635,0.0,0.0,0.0,108.74603174603175,94.75396825396825,38347.1096230271,9403.230635793261,14.73015873015873,493.0,111.28589403238689,149.12842999904166,1068329.8687168239,0.005952380952380952,0.08134920634920635,0.20238095238095238,0.3611111111111111,0.32341269841269843,0.10714285714285714,0.0,0.20238095238095238,0.5674603174603174,123.91683313874404,52.124423659740074,172.8551632505357,0.0,0.0,0.0,0.0,0.0,0.0,6.0476190476190474,1093.6329365079366,4.490079365079365,6502.585317460317,5947.839285714285,10885.565476190477,2.626984126984127,16.357142857142858,312340.19717031746,249321.74626920634,513369.3115079365,134816.85317460317,6787077.70411508,203593.82936267712,6996406.442460317,6627041.380952381,504,0.0,0
2018-03-01 11:54:00,9457.522666666666,9.224,18027984.912,4.914666666666666,3.928,402.928,708.48,184.32266666666666,15.789333333333333,50.530896607226666,56.288355896194666,297.41066666666666,34.384,86.05652094912,94.57845106285333,329844.41237063974,32458.402292780174,5823771.58727328,1280383.2561071457,9160447.269333333,5237984.733333333,18022281.98933333,6250569.128539734,1626097.8324600165,9189106.002666667,5253864.544,9464367.306666667,1069928.4450690667,1193789.0956290942,3446243.752,373831.64,0.088,0.0,0.0,0.0,93.92,81.44,28688.56444401152,3767.397336811397,15.789333333333333,325.696,65.91070900352267,92.35126835720534,26345.75233417728,0.008,0.088,0.2,0.37333333333333335,0.27466666666666667,0.029333333333333333,0.0,0.2,0.5093333333333333,78.75866124737867,50.530896607226666,86.05652094912,0.0,0.0,0.0,0.0,0.0,0.0,4.914666666666666,402.928,3.928,708.48,6430.421333333334,12458.341333333334,1.9706666666666666,15.882666666666667,289200.19975789334,17496.578564871466,306623.76533333334,275273.64533333335,8627230.196978668,219540.7174978976,8832780.682666667,8435130.402666667,375,0.0,0
2018-03-01 11:55:00,7874.115879828326,9.939914163090128,15487135.871244635,10.094420600858369,15.392703862660944,560.0579399141631,17025.53433476395,208.6824034334764,21.317596566523605,58.886097886939915,63.24518262781116,392.5,42.90128755364807,134.06503731796136,132.4169973204721,333184.70305336727,29711.53658846451,3838859.914393802,1079342.002660464,6744625.497854077,3319214.034334764,15287698.751072962,4238815.480473103,1314193.7084938711,6673265.055793991,3339440.82832618,9748561.427038627,1024628.9612461008,953078.1090127141,2888874.830472103,375187.42060085834,0.04935622317596566,0.0,0.0,0.0,191.72532188841203,312.6952789699571,25986.45647673801,3721.152248325942,18.536480686695278,422.16309012875536,93.66982782659443,127.99075684737124,45095.88141891191,0.0,0.04935622317596566,0.26180257510729615,0.4012875536480687,0.19742489270386265,0.0536480686695279,0.0,0.26180257510729615,0.628755364806867,109.63899374136695,58.886097886939915,134.06503731796136,0.0,0.0,0.0,0.0,0.0,0.0,10.094420600858369,560.0579399141631,15.392703862660944,17025.53433476395,6224.8304721030045,11863.2660944206,2.2467811158798283,15.304721030042918,288782.2118899571,224679.18990435192,476140.6502145923,125801.93991416309,6220992.671545064,244002.1856655191,6464518.130901287,6007605.884120172,466,0.0,0
2018-03-01 11:56:00,7571.438110749185,10.36156351791531,16987590.46416938,5.482084690553746,5.013029315960912,427.70032573289905,1718.428338762215,194.01302931596092,18.60097719869707,51.390001795661234,57.97351594917752,365.5097719869707,43.931596091205215,130.3200845592834,123.16566486765146,204688.7658000531,43358.018566575636,3187902.410829147,1077767.563568034,6317506.566775245,2704048.674267101,16867284.412052117,3635600.269850196,1326090.5993380973,6258791.270358306,2758700.617263844,12590384.714983713,899877.3763742769,1243985.3833232473,3340580.286644951,61793.042345276874,0.06026058631921824,0.0,0.0,0.0,104.06514657980456,106.62540716612378,39338.99307813433,4013.8085949186852,18.47557003257329,389.4592833876221,86.52512740778013,119.23417904126548,41798.04470266918,0.004885993485342019,0.06026058631921824,0.2247557003257329,0.36482084690553745,0.20521172638436483,0.043973941368078175,0.0,0.2247557003257329,0.6156351791530945,101.85592021605864,51.390001795661234,130.3200845592834,0.0,0.0,0.0,0.0,0.0,0.0,5.482084690553746,427.70032573289905,5.013029315960912,1718.428338762215,5804.532573289902,8565.021172638437,2.3892508143322475,14.95114006514658,115870.9940701303,107962.1669711189,293691.7361563518,52993.342019543976,5719268.5489706835,422538.0364996636,6039494.141693811,5313485.74267101,614,0.0,0
2018-03-01 11:57:00,10520.091803278689,8.301639344262295,18918457.50491803,5.422950819672131,3.7081967213114755,495.21311475409834,593.8459016393442,226.42950819672132,15.281967213114754,58.9666992870164,71.2402659565246,319.5967213114754,29.60327868852459,86.36087951547542,103.99187254895082,172794.080605186,32182.528609289457,7245118.173683399,1004860.9812669999,9459781.868852459,6658129.1147540985,18927106.770491805,7609669.560645246,1183135.3454881252,9514366.885245902,6676590.767213115,7174479.573770491,1011795.6872073443,618687.3650395301,2060140.731147541,517731.2950819672,0.05901639344262295,0.0,0.0,0.0,94.81967213114754,78.32131147540984,28254.15634552671,3925.371634014774,15.281967213114754,364.127868852459,70.63386632230491,102.2447995183377,29187.20627295105,0.003278688524590164,0.05901639344262295,0.16065573770491803,0.4262295081967213,0.28524590163934427,0.04590163934426229,0.0,0.16065573770491803,0.42295081967213116,82.18886617803278,58.9666992870164,86.36087951547542,0.0,0.0,0.0,0.0,0.0,0.0,5.422950819672131,495.21311475409834,3.7081967213114755,593.8459016393442,8425.12131147541,15968.40655737705,2.281967213114754,16.354098360655737,513338.18113000004,168421.2822833377,691593.2950819673,394156.10491803277,8733009.44550164,404717.2268402047,9176229.17704918,8386653.904918033,305,0.0,0
2018-03-01 11:58:00,8487.017543859649,10.285087719298245,17451345.42251462,5.562865497076023,4.951754385964913,417.28508771929825,1636.203216374269,196.03508771929825,17.769005847953217,50.27766959410088,58.458381791440054,362.32894736842104,41.17251461988304,125.4123587841228,122.2827462448187,234753.49163566527,29329.039251585487,2876852.1574753765,1445625.5183691212,7046284.77631579,2276397.8055555555,17262379.944444444,3345444.992162706,1795599.7087055359,6965352.546783626,2318942.090643275,13059355.07017544,909402.7639226711,1395791.383081348,3943993.7178362575,98179.05555555556,0.05555555555555555,0.0,0.0,0.0,104.90058479532163,104.28070175438596,25162.338872117634,4162.686378970597,17.656432748538013,388.9093567251462,83.40798789947368,117.45127021522221,40897.8436068919,0.0043859649122807015,0.05555555555555555,0.2309941520467836,0.34210526315789475,0.23830409356725146,0.038011695906432746,0.0,0.2309941520467836,0.6038011695906432,97.97366713788742,50.27766959410088,125.4123587841228,0.0,0.0,0.0,0.0,0.0,0.0,5.562865497076023,417.28508771929825,4.951754385964913,1636.203216374269,5616.641812865497,7841.358187134503,2.3172514619883042,15.09356725146199,175221.15843331872,155722.07353542396,338373.83625730994,73195.40058479532,6612055.83347076,191877.69156307948,6765420.970760234,6383087.859649123,684,0.0,0
2018-03-01 11:59:00,7974.680216802168,9.563685636856368,17393552.86720867,5.439024390243903,4.3468834688346885,478.50948509485096,957.9810298102981,228.34688346883468,17.89430894308943,58.95587873674796,70.55393663913279,371.68834688346885,36.67750677506775,109.30514280303522,123.28579453991871,346267.72015311505,41753.86350826394,4985855.577723998,1009657.7362128441,7697697.233062331,4484993.514905149,17211666.162601627,5370493.115731979,1224223.0883516588,7668601.924119242,4513503.994579946,10200097.704607045,928326.2491744553,951917.338973439,2799573.89701897,246933.46070460705,0.05420054200542006,0.0,0.0,0.0,103.14363143631437,93.33333333333333,38978.35592321951,2771.7872918194826,17.85907859078591,411.6016260162602,80.57380366518429,117.39739413417615,36771.07782226886,0.008130081300813009,0.05420054200542006,0.21951219512195122,0.41192411924119243,0.21951219512195122,0.02710027100271003,0.0,0.21951219512195122,0.5149051490514905,94.91717086202439,58.95587873674796,109.30514280303522,0.0,0.0,0.0,0.0,0.0,0.0,5.439024390243903,478.50948509485096,4.3468834688346885,957.9810298102981,7513.016260162602,13870.289972899729,2.4552845528455283,15.772357723577235,327254.2020194038,32122.118432493226,366402.44715447153,302595.69105691055,7188667.26192412,233448.48228849762,7422535.707317073,6965593.216802168,369,0.0,0
2018-03-01 12:00:00,9518.18220338983,10.457627118644067,17706645.544491526,5.491525423728813,4.811440677966102,562.5381355932203,1556.1822033898304,196.0656779661017,25.110169491525422,58.03585482390042,56.58927415702543,332.7881355932203,44.103813559322035,115.02400028637712,105.7559845301144,502307.0129257625,50606.16456780162,4781763.207925729,1245430.8651414865,8268774.362288136,4195576.411016949,17695962.58898305,5211007.535730768,1575958.447043335,8297452.56779661,4210784.180084745,9977097.13983051,1008876.2193718093,1149586.259670678,3399398.5127118644,307790.5741525424,0.046610169491525424,0.0,0.0,0.0,96.80508474576271,98.0677966101695,46866.960293327546,3734.3568583512374,21.951271186440678,367.4957627118644,85.25558426023305,106.68002485618855,34226.91429445062,0.00211864406779661,0.046610169491525424,0.19491525423728814,0.3135593220338983,0.2266949152542373,0.057203389830508475,0.0,0.19491525423728814,0.614406779661017,100.10470254300849,58.03585482390042,115.02400028637712,0.0,0.0,0.0,0.0,0.0,0.0,5.491525423728813,562.5381355932203,4.811440677966102,1556.1822033898304,6409.173728813559,10716.487288135593,2.2033898305084745,14.610169491525424,563524.7727398304,32660.519873915255,622540.1716101695,544787.5656779661,7636380.270805085,303190.92952020984,7953832.243644068,7341852.737288136,472,0.0,0
2018-03-01 12:01:00,10418.071138211382,9.613821138211382,14318298.873983739,12.867886178861788,20.038617886178862,411.8028455284553,23775.04674796748,191.3617886178862,14.621951219512194,49.92616540655285,59.890249309150406,328.0630081300813,36.03455284552845,101.82918006420732,105.86925360363821,530772.337480509,55478.69100217797,3486914.046962186,1012561.6743268849,6487496.733739837,3041486.4939024393,14017003.806910569,3826561.458348157,1259259.6893592377,6404495.833333333,3052240.5528455283,9547430.048780488,921387.2951112947,1086623.4517184165,3149575.725609756,166882.93089430896,0.08943089430894309,0.0,0.0,0.0,250.65040650406505,404.0081300813008,51637.927534796065,3832.3928071557357,14.621951219512194,361.7357723577236,72.06120126778455,104.70607777751626,32099.18698449618,0.01016260162601626,0.08943089430894309,0.22154471544715448,0.3678861788617886,0.27235772357723576,0.034552845528455285,0.0,0.22154471544715448,0.5365853658536586,85.26423157338822,49.92616540655285,101.82918006420732,0.0,0.0,0.0,0.0,0.0,0.0,12.867886178861788,411.8028455284553,20.038617886178862,23764.611788617887,5640.695121951219,10193.693089430893,2.119918699186992,15.78048780487805,168342.9767343496,111044.37708723781,263779.51219512196,89519.42886178862,5954023.746182927,223096.54841953193,6125426.402439024,5757359.030487805,492,0.0,0
2018-03-01 12:02:00,8716.801020408164,9.683673469387756,20370046.836734693,5.591836734693878,4.438775510204081,481.0637755102041,943.3826530612245,202.6734693877551,19.658163265306122,57.38753315805867,62.39808654722959,344.7448979591837,36.785714285714285,112.48918256334183,116.41834172614797,212528.4743911821,31217.293757462576,5922609.612965067,1447662.011169783,9745556.431122448,5189492.635204081,20238566.854591835,6545614.689871352,1596724.4138356375,9773511.979591837,5510986.903061224,11012843.18877551,1332199.6030457297,1163114.4326470396,3872699.4846938774,641095.3647959183,0.058673469387755105,0.0,0.0,0.0,100.12244897959184,93.38775510204081,26606.625748321967,4604.831324794926,19.658163265306122,382.51020408163265,81.67588294133418,112.4532310715689,37236.0267944738,0.0,0.058673469387755105,0.20918367346938777,0.3622448979591837,0.23979591836734693,0.05357142857142857,0.0,0.20918367346938777,0.5637755102040817,95.80040340805358,57.38753315805867,112.48918256334183,0.0,0.0,0.0,0.0,0.0,0.0,5.591836734693878,481.0637755102041,4.438775510204081,943.3826530612245,7001.6709183673465,11911.826530612245,2.2551020408163267,15.16326530612245,454924.9270575766,195391.38415861965,632221.1785714285,316525.887755102,9082436.201331632,317211.9329915154,9444919.028061224,8800590.783163264,392,0.0,0
2018-03-01 12:03:00,8537.335403726707,10.099378881987578,16322792.310559006,4.9606625258799175,4.151138716356107,401.6024844720497,1127.3540372670807,185.24016563146998,18.236024844720497,52.29024117492753,56.93755272880124,318.6687370600414,42.997929606625256,108.58748090016563,101.86179921515527,190362.85254549707,52527.09884441768,3954259.177645935,1412775.0031064004,7784304.81573499,3314527.48447205,15969271.47826087,4354160.644986025,1689142.6252155441,7591134.426501035,3332320.619047619,10222102.650103519,947490.127695557,1176010.0833573309,3381212.9979296066,161835.69979296066,0.06625258799171843,0.0,0.0,0.0,89.89648033126294,85.91304347826087,48109.24835275369,4409.323856573636,18.236024844720497,349.73498964803315,76.91492631120083,103.72039910884058,32266.71781036506,0.002070393374741201,0.06625258799171843,0.19047619047619047,0.35403726708074534,0.2360248447204969,0.028985507246376812,0.0,0.19047619047619047,0.5797101449275363,91.41366795684058,52.29024117492753,108.58748090016563,0.0,0.0,0.0,0.0,0.0,0.0,4.9606625258799175,401.6024844720497,4.151138716356107,1127.3540372670807,5887.432712215321,9731.840579710144,2.12008281573499,15.014492753623188,162994.64937881986,115091.38220649897,276390.11387163564,83560.09316770187,7251133.97521118,286050.63822949346,7515291.014492754,6983388.026915113,483,0.0,0
2018-03-01 12:04:00,11156.34294871795,8.592948717948717,14112383.663461538,5.346153846153846,4.048076923076923,467.29487179487177,676.3141025641025,215.54807692307693,16.07051282051282,58.22841833813141,67.69385448686218,325.82371794871796,30.544871794871796,89.75107139849358,105.68577610253524,375571.75388871436,71500.36366425102,6206653.6952778,1081290.4392446892,8492945.958333334,5629601.41025641,13969678.483974358,6462148.059018173,1238071.8862976576,8416715.125,5653993.112179487,4652834.102564103,706696.1691046475,475723.7451072593,1548473.7403846155,404254.46153846156,0.07051282051282051,0.0,0.0,0.0,99.46153846153847,83.58974358974359,67413.68681356288,4080.8102345379584,16.07051282051282,364.77884615384613,72.24015251426282,102.19132399395512,29353.708838310522,0.00641025641025641,0.07051282051282051,0.15064102564102563,0.3942307692307692,0.3141025641025641,0.0673076923076923,0.0,0.15064102564102563,0.4935897435897436,84.22458783598397,58.22841833813141,89.75107139849358,0.0,0.0,0.0,0.0,0.0,0.0,5.346153846153846,467.29487179487177,4.048076923076923,676.3141025641025,8138.919871794872,15787.711538461539,2.0993589743589745,16.743589743589745,203473.3382438141,147903.94388201923,375767.71474358975,100380.93269230769,7836733.5008878205,190013.01922406314,8106760.967948718,7657323.221153846,312,0.0,0
2018-03-01 12:05:00,9236.561679790026,8.451443569553806,15830238.553805774,5.272965879265092,4.018372703412074,431.29133858267716,802.49343832021,236.68766404199476,14.028871391076116,58.8108982045643,74.82518141249606,387.7296587926509,32.40419947506562,107.32482099449606,130.52474300908136,162435.27260802698,32108.227351908085,5504202.344057211,1329660.8324724792,8415414.522309711,4758587.790026247,15565159.044619422,6003089.091228951,1423263.218971315,8366484.251968504,5020072.619422572,7542196.364829396,1221980.9563362834,826422.4553553775,2638381.774278215,688031.719160105,0.047244094488188976,0.0,0.0,0.0,100.86089238845145,87.81102362204724,27267.993412517833,4839.032900241224,14.026246719160104,422.18110236220474,79.05668993133858,121.456955964,38215.95585729246,0.0026246719160104987,0.047244094488188976,0.18635170603674542,0.47506561679790027,0.24671916010498687,0.03937007874015748,0.0,0.18635170603674542,0.48293963254593175,91.18784933440682,58.8108982045643,107.32482099449606,0.0,0.0,0.0,0.0,0.0,0.0,5.272965879265092,431.29133858267716,4.018372703412074,802.49343832021,8098.209973753281,17200.56692913386,2.3438320209973753,16.724409448818896,221412.2744515223,158904.6858103687,350341.51181102364,111201.91076115485,7734966.442653543,322767.9675162212,8012325.086614173,7457255.422572179,381,0.0,0
2018-03-01 12:06:00,8824.501070663811,9.87152034261242,17163659.785867237,5.642398286937902,4.507494646680942,395.07708779443254,1130.184154175589,191.22055674518202,16.98286937901499,51.5122429977409,57.51891927804925,384.5910064239829,32.357601713062095,120.19223496537472,133.81103422415418,244722.2525190265,29369.45139688634,4294099.318164137,1070168.176317373,7446071.276231264,3797634.7815845823,17015955.548179872,4670976.840995904,1381984.5867678751,7485072.5845824415,3808422.340471092,10679892.35974304,862707.5313635054,1129575.5060846445,3256840.6659528906,166177.49250535332,0.07494646680942184,0.0,0.0,0.0,103.79443254817987,94.0899357601713,26506.281408511775,2857.2908095647626,16.98286937901499,403.66809421841543,81.07140204728051,117.67965404309422,39794.6982773742,0.004282655246252677,0.07494646680942184,0.21199143468950749,0.3897216274089936,0.21199143468950749,0.029978586723768737,0.0,0.21199143468950749,0.5224839400428265,94.36517889554604,51.5122429977409,120.19223496537472,0.0,0.0,0.0,0.0,0.0,0.0,5.642398286937902,395.07708779443254,4.507494646680942,1130.184154175589,5976.826552462527,11386.233404710922,2.329764453961456,15.109207708779444,278411.27145214134,201546.56589182012,450904.94646680943,134871.2869379015,6994406.654770878,163313.64152115054,7189199.995717345,6828627.944325482,467,0.0,0
2018-03-01 12:07:00,8613.385767790262,7.98876404494382,18033806.26966292,6.153558052434457,4.50561797752809,559.9588014981273,756.6404494382023,299.67041198501875,11.168539325842696,66.91030357947565,93.84658358625468,430.53932584269666,18.0561797752809,99.22415280053933,149.25625235366667,214114.76794116735,24738.289279062632,6571304.084529638,1259631.192209958,9372579.992509363,5855894.992509363,17844668.644194756,7086422.217387678,1320213.9832409776,9313704.670411985,6134025.6142322095,9320786.194756554,1429120.364125468,751022.4727484134,2801325.5393258426,829173.9850187266,0.026217228464419477,0.0,0.0,0.0,118.74157303370787,99.32584269662921,22244.55903325661,2493.7302458037566,11.164794007490636,473.2584269662921,79.94651839284644,128.62423876829587,37748.600316123855,0.00749063670411985,0.026217228464419477,0.23595505617977527,0.5655430711610487,0.21722846441947566,0.018726591760299626,0.0,0.23595505617977527,0.3408239700374532,89.12934541357677,66.91030357947565,99.22415280053933,0.0,0.0,0.0,0.0,0.0,0.0,6.153558052434457,559.9588014981273,4.50561797752809,756.6404494382023,9791.588014981273,21360.32958801498,3.048689138576779,17.647940074906366,288661.562065206,236634.88336755973,501875.02621722844,129211.40823970038,8683623.594569288,227554.28611325062,8943946.636704119,8484356.198501872,267,0.0,0
2018-03-01 12:08:00,12714.846846846847,7.207207207207207,21059436.68918919,6.45045045045045,4.725225225225225,549.0135135135135,754.2792792792793,273.0405405405405,9.878378378378379,61.760503544923424,85.51293012195495,408.68468468468467,10.391891891891891,87.77310802671171,144.01555042896396,31620.101259935793,13490.336080246383,9268470.986092223,1108589.6040019635,12315584.914414415,8734717.27027027,21071671.24774775,9713270.87385856,1492092.3430257859,12373980.382882884,8741018.45045045,7045109.576576577,784397.2707924774,1233464.6802935952,2993166.738738739,56216.31981981982,0.02702702702702703,0.0,0.0,0.0,121.13513513513513,100.21621621621621,8816.689438995892,4667.462910497076,9.878378378378379,442.0945945945946,72.5960535869054,118.60369452665766,34222.05053163252,0.0,0.02702702702702703,0.17567567567567569,0.5180180180180181,0.2747747747747748,0.07657657657657657,0.0,0.17567567567567569,0.3333333333333333,80.12985431723874,61.760503544923424,87.77310802671171,0.0,0.0,0.0,0.0,0.0,0.0,6.45045045045045,549.0135135135135,4.725225225225225,754.2792792792793,9834.108108108108,21874.175675675677,2.5765765765765765,17.36936936936937,109263.3507204054,32028.317139414412,173093.1936936937,88758.6081081081,11477162.53168018,388902.9869913618,11866696.567567568,11120790.153153153,222,0.0,0
2018-03-01 12:09:00,7080.326754385965,9.899122807017545,20254704.11842105,6.342105263157895,5.600877192982456,394.29824561403507,2876.7631578947367,195.109649122807,17.789473684210527,51.21836442304824,58.218443701842105,381.17324561403507,42.01973684210526,139.2904649058399,129.91348671373683,467155.5345098021,47608.42678241211,4160847.7349998616,1201264.081546781,7394027.99122807,3554206.1184210526,20191294.75657895,4647551.281767171,1469456.6960025085,7404982.725877193,3570176.64254386,14040444.69736842,1053651.0733215439,1175646.125149283,3299115.8947368423,168066.94736842104,0.05701754385964912,0.0,0.0,0.0,117.46491228070175,120.71052631578948,43174.01227166242,4431.404010098991,17.662280701754387,404.46491228070175,92.32882379938596,126.12327331018201,45849.12569360235,0.0043859649122807015,0.05701754385964912,0.26535087719298245,0.4166666666666667,0.20175438596491227,0.02631578947368421,0.0,0.26535087719298245,0.5175438596491229,106.84858550767544,51.21836442304824,139.2904649058399,0.0,0.0,0.0,0.0,0.0,0.0,6.342105263157895,394.29824561403507,5.600877192982456,2876.7631578947367,6805.953947368421,10101.105263157895,2.763157894736842,15.482456140350877,536908.1997485087,105632.06321769737,648312.0219298246,467337.4561403509,6915368.393561404,252108.8471047492,7174688.381578947,6601641.355263158,456,0.0,0
2018-03-01 12:10:00,6616.178571428572,10.167582417582418,15079473.17032967,5.032967032967033,3.92032967032967,365.90934065934067,905.510989010989,187.43956043956044,18.85989010989011,51.4594722271978,54.957032181392854,319.0659340659341,40.47527472527472,101.52125112527472,102.66580586451099,107536.6028571099,14282.99837963623,5630565.083078066,1018246.6869355295,7984958.60989011,5073821.175824176,14990986.32142857,5915158.1558321975,1197165.10555883,7979960.791208792,5089665.302197802,6832974.453296703,706443.4557787885,683496.1537512915,1998009.3241758242,223703.7445054945,0.03296703296703297,0.0,0.0,0.0,94.36263736263736,80.7032967032967,12027.072801954215,2254.6684454229508,18.85989010989011,342.0467032967033,72.34918358032144,97.33917345364284,27981.004854157803,0.0,0.03296703296703297,0.17032967032967034,0.3956043956043956,0.17032967032967034,0.0521978021978022,0.0,0.17032967032967034,0.5521978021978022,86.35034432010988,51.4594722271978,101.52125112527472,0.0,0.0,0.0,0.0,0.0,0.0,5.032967032967033,365.90934065934067,3.92032967032967,905.510989010989,7627.063186813187,12710.673076923076,1.9368131868131868,15.395604395604396,242737.0855318956,134228.92258423078,365747.2335164835,146810.0412087912,7354008.929728022,242503.9239683066,7667517.307692308,7156712.884615385,364,0.0,0
2018-03-01 12:11:00,12747.922413793103,7.844827586206897,19664097.75862069,5.75,3.3922413793103448,513.6077586206897,533.4568965517242,249.86637931034483,19.862068965517242,66.63969750281034,75.9405349941638,349.8405172413793,17.46551724137931,82.40227747801724,121.06532689448277,495957.1719358172,78791.71791479416,8952964.577782644,1224282.241357711,11794935.314655172,8174108.370689655,19668705.79310345,9347849.2947125,1315304.2733503946,11846377.353448275,8382933.823275862,4899930.780172414,973461.4339597414,524731.7385533154,2074466.5474137932,630463.4137931034,0.034482758620689655,0.0,0.0,0.0,97.65517241379311,71.94827586206897,74343.41944891667,4446.326069273379,19.862068965517242,392.1939655172414,76.01277978323276,103.83954631384051,29679.017115648305,0.008620689655172414,0.034482758620689655,0.13793103448275862,0.4267241379310345,0.3146551724137931,0.05603448275862069,0.0,0.13793103448275862,0.3232758620689655,86.17935520594396,66.63969750281034,82.40227747801724,0.0,0.0,0.0,0.0,0.0,0.0,5.75,513.6077586206897,3.3922413793103448,533.4568965517242,9555.068965517241,20297.57327586207,2.396551724137931,16.79310344827586,826844.6233532759,336557.2664968576,1066261.4396551724,588412.6551724138,10755206.264107758,531476.939009874,11442976.948275862,10249143.336206896,232,0.0,0
2018-03-01 12:12:00,15606.357142857143,6.540816326530612,15793766.99489796,5.841836734693878,3.7755102040816326,410.6530612244898,484.66326530612247,210.9795918367347,2.86734693877551,46.361080993239796,69.27946772675,279.33673469387753,7.112244897959184,60.887919091836736,100.11123215984694,160378.42774702157,80627.10371317458,8583613.497089745,810284.3047523969,10261845.581632653,8153469.301020408,15447838.56122449,8748961.04487347,733592.5767441825,9957921.051020408,8247275.994897959,4578031.607142857,1197954.9470168368,450974.5374478164,1832297.4846938776,888890.943877551,0.09693877551020408,0.0,0.0,0.0,109.85714285714286,81.36734693877551,74969.63332978528,5655.135709798163,2.86734693877551,316.15816326530614,51.64931111704082,87.05841835066326,22963.700588085503,0.0,0.09693877551020408,0.12244897959183673,0.4642857142857143,0.42346938775510207,0.09693877551020408,0.0,0.12244897959183673,0.25,57.150567874056115,46.361080993239796,60.887919091836736,0.0,0.0,0.0,0.0,0.0,0.0,5.841836734693878,410.6530612244898,3.7755102040816326,484.66326530612247,11718.357142857143,18307.63775510204,2.045918367346939,18.73469387755102,81027.92312336735,14440.913109856478,105410.75,71058.45918367348,9820984.825255102,26705.622349566533,9911834.647959184,9806440.673469387,196,0.0,0
2018-03-01 12:13:00,11241.265060240963,7.0,20525180.487951808,5.963855421686747,3.355421686746988,534.1927710843373,520.3253012048193,265.68674698795184,17.397590361445783,68.35475202548193,81.53363370524096,355.66265060240966,11.259036144578314,82.66093878694579,129.54249530319277,302141.0917193524,37190.369075513954,11483028.633603252,1030160.7525217605,13701377.674698794,10806623.180722892,20093490.825301204,11682845.8442,1028509.386566941,13404771.981927712,10837893.572289156,3697385.8493975904,939790.7157933735,553035.1666152952,1790513.9879518072,529280.0602409638,0.060240963855421686,0.0,0.0,0.0,106.19277108433735,73.06024096385542,34662.855652019294,2527.513423680259,17.397590361445783,407.87951807228916,77.69161333390964,109.36514657404818,31024.77055291313,0.0,0.060240963855421686,0.13253012048192772,0.5481927710843374,0.28313253012048195,0.03614457831325301,0.0,0.13253012048192772,0.20481927710843373,87.07113170493976,68.35475202548193,82.66093878694579,0.0,0.0,0.0,0.0,0.0,0.0,5.963855421686747,534.1927710843373,3.355421686746988,520.3253012048193,12210.469879518072,22088.385542168675,2.5,17.903614457831324,539312.6885268072,437394.08363144577,935046.7108433734,237526.1686746988,12454630.21686747,790318.9261554502,13299208.530120483,11770023.825301206,166,0.0,0
2018-03-01 12:14:00,7819.837944664032,8.711462450592885,23766848.209486164,6.288537549407114,4.450592885375494,445.47430830039525,839.205533596838,222.24505928853756,14.699604743083004,55.817021125407116,68.08801983116601,362.89328063241106,23.56916996047431,99.02775789260869,125.65235890310673,675319.4514227598,33042.24123403578,8176746.331141715,1528683.7418694405,12234603.47035573,7417720.76284585,23565112.57312253,8658987.362083795,1859538.1753887397,12173212.723320158,7441088.90513834,11259061.288537549,1148996.272834229,1300447.248608337,3780928.3636363638,296266.07114624506,0.04743083003952569,0.0,0.0,0.0,112.63241106719367,94.95652173913044,26883.14819996453,6159.0930342941665,14.470355731225297,393.5652173913044,74.72410613189724,109.82085322193676,33599.82055289446,0.003952569169960474,0.04743083003952569,0.20553359683794467,0.4743083003952569,0.18972332015810275,0.03162055335968379,0.0,0.20553359683794467,0.4189723320158103,85.53165842952569,55.817021125407116,99.02775789260869,0.0,0.0,0.0,0.0,0.0,0.0,6.288537549407114,445.47430830039525,4.450592885375494,839.205533596838,9309.130434782608,15313.177865612648,2.4703557312252964,15.857707509881424,305629.80446758895,214838.08219225693,476430.9328063241,156698.22924901187,11130011.54901581,510059.5016231683,11796247.739130436,10700703.608695652,253,0.0,0
2018-03-01 12:15:00,7036.815533980583,10.475728155339805,21341134.244660195,6.454368932038835,6.077669902912621,411.15728155339804,2967.634951456311,192.49126213592234,19.23495145631068,51.84521303263301,55.93172053942913,458.1456310679612,44.00388349514563,165.37209425625244,162.48118411584466,83820.98505563456,5385.28460420252,3688647.31550015,1699239.7704667514,9428926.97669903,3013303.5339805824,21227812.596116506,4243958.249934917,2197464.8998570037,9414445.188349515,3021713.6291262135,16439586.821359223,1206906.4380871048,1922335.8969597071,5947980.761165049,171176.73203883495,0.06407766990291262,0.0,0.0,0.0,121.85631067961165,127.27766990291262,3564.005706785724,1820.3903613220543,19.132038834951455,474.56116504854367,101.68276055124272,145.81749233015339,55627.767879167586,0.0,0.06407766990291262,0.2854368932038835,0.4058252427184466,0.15728155339805824,0.019417475728155338,0.0,0.2854368932038835,0.5553398058252427,117.48579558137864,51.84521303263301,165.37209425625244,0.0,0.0,0.0,0.0,0.0,0.0,6.454368932038835,411.15728155339804,6.077669902912621,2967.634951456311,5725.060194174757,7928.3669902912625,2.687378640776699,14.858252427184466,241641.18250561165,232844.01703061553,497232.2291262136,90575.84854368932,8860205.657491261,368418.36166143126,9219375.83883495,8520355.277669903,515,0.0,0
2018-03-01 12:16:00,8464.015094339622,8.584905660377359,16533002.524528302,5.728301886792453,3.6150943396226416,440.79622641509434,678.9094339622642,233.50943396226415,29.969811320754715,69.91318877402264,66.21649015207548,316.69056603773583,34.4377358490566,93.92972190426416,104.91345014090565,78325.68253360229,16178.407841446791,7182077.260740314,919873.7010654013,9046130.849056603,6611855.535849056,16482754.36981132,7708777.679219245,826132.2265003447,9087890.173584906,7040633.622641509,5628872.633962264,1124357.6493759246,443029.2945020277,1918606.5018867925,795220.8716981132,0.045283018867924525,0.0,0.0,0.0,93.37358490566038,74.88301886792453,13578.47278687589,2599.9350548532266,29.332075471698115,349.8301886792453,81.74802984067925,92.69638111366037,26477.057327779494,0.0,0.045283018867924525,0.10943396226415095,0.38113207547169814,0.22641509433962265,0.045283018867924525,0.0,0.10943396226415095,0.3169811320754717,99.42013647003773,69.91318877402264,93.92972190426416,0.0,0.0,0.0,0.0,0.0,0.0,5.728301886792453,440.79622641509434,3.6150943396226416,678.9094339622642,6905.694339622642,16865.98113207547,2.0716981132075474,14.566037735849056,363397.4076078868,297845.4046615503,591746.8566037735,151714.29811320754,8309787.88546415,350061.5566755793,8685937.63018868,8020624.596226415,265,0.0,0
2018-03-01 12:17:00,11936.056179775282,7.692883895131086,15368658.34082397,4.801498127340824,3.404494382022472,426.74531835205994,575.8464419475655,213.71161048689137,10.513108614232209,57.560934273981275,70.04061831297753,331.4269662921348,15.47191011235955,86.77050930367041,120.22568114172284,178353.0083591192,52497.333700443334,7156491.982423445,1090438.2528527502,9783846.632958801,6583860.610486891,15015048.880149813,7476386.8287613485,1215385.3252514845,9564820.711610487,6633668.34082397,5371597.044943821,864599.1285734457,675052.6199023541,2249416.0674157306,403360.4831460674,0.0449438202247191,0.0,0.0,0.0,99.56554307116104,75.35580524344569,46897.706123471835,5597.913734276726,10.513108614232209,365.1198501872659,69.92580312076029,104.5546594467603,31721.77352774478,0.00749063670411985,0.0449438202247191,0.14232209737827714,0.48314606741573035,0.30337078651685395,0.0749063670411985,0.0,0.14232209737827714,0.3258426966292135,78.87046818088764,57.560934273981275,86.77050930367041,0.0,0.0,0.0,0.0,0.0,0.0,4.801498127340824,426.74531835205994,3.404494382022472,575.8464419475655,9107.520599250936,16151.861423220973,2.2284644194756553,17.94756554307116,119749.29293052435,11671.817517162548,132718.47940074906,112246.57303370787,9051107.853932584,310147.2494236844,9446238.940074906,8796504.835205993,267,0.0,0
2018-03-01 12:18:00,9305.481481481482,10.786195286195285,10920208.671717172,4.776094276094276,3.803030303030303,293.43771043771045,1632.415824915825,135.78787878787878,19.272727272727273,45.439003558636365,40.43849342156902,280.91582491582494,39.74747474747475,108.79885631220539,96.56678602562458,107910.83492467557,39156.59841296425,3031507.1190625434,818746.9218185662,5172334.765993266,2604527.6144781145,10810301.907407407,3254892.630629158,936938.9487646347,5089931.63973064,2625349.873737374,5875068.968013468,670542.6563352643,694313.3332233836,2072345.213804714,230017.06902356903,0.12626262626262627,0.0,0.0,0.0,81.56228956228956,74.95622895622895,36491.88961147788,2658.5458913598013,19.208754208754208,300.3703703703704,73.57161478263804,92.3633499308266,31054.592299774056,0.006734006734006734,0.12626262626262627,0.16835016835016836,0.2676767676767677,0.2609427609427609,0.025252525252525252,0.0,0.16835016835016836,0.5286195286195287,88.0471327781431,45.439003558636365,108.79885631220539,0.0,0.0,0.0,0.0,0.0,0.0,4.776094276094276,293.43771043771045,3.803030303030303,1632.415824915825,4290.759259259259,7627.835016835017,1.6161616161616161,14.47138047138047,451242.6741182997,170272.20211526263,597940.1599326599,333976.28114478115,4745467.851464647,244654.17532940776,5000603.681818182,4545294.171717172,594,0.0,0
2018-03-01 12:19:00,7029.199546485261,11.138321995464853,13523712.45351474,4.551020408163265,4.08843537414966,361.44897959183675,1815.6961451247166,181.24716553287982,20.47392290249433,52.617291110839005,52.76880579744898,307.578231292517,46.17233560090703,117.47728855435373,100.56287928597506,426084.623162549,35697.41161570006,4617091.806424733,819891.5851770227,6546865.077097505,4143736.424036281,13205323.210884353,4951448.7013331745,816589.9394822652,6424147.439909297,4375273.707482994,7345177.571428572,869557.7845423017,627873.5653712614,2124551.975056689,433383.5941043084,0.034013605442176874,0.0,0.0,0.0,87.90022675736961,84.9795918367347,33255.90344960759,2441.5081659930775,20.47392290249433,333.3378684807256,81.93723603154196,101.3675255340839,32721.940764056893,0.0,0.034013605442176874,0.1564625850340136,0.35827664399092973,0.1360544217687075,0.015873015873015872,0.0,0.1564625850340136,0.5941043083900227,97.21324687018141,52.617291110839005,117.47728855435373,0.0,0.0,0.0,0.0,0.0,0.0,4.551020408163265,361.44897959183675,4.08843537414966,1815.6961451247166,5665.673469387755,9806.18820861678,2.018140589569161,14.1859410430839,44672.445971269844,10840.377758677778,73906.38095238095,40524.29024943311,6090056.418575964,207804.6077046563,6304228.666666667,5931429.544217687,441,0.0,0
2018-03-01 12:20:00,10879.685714285713,7.123809523809523,18364536.519047618,6.980952380952381,4.4904761904761905,556.8428571428572,730.6142857142858,285.8809523809524,9.89047619047619,70.36096970645238,93.76500034219048,404.4952380952381,20.704761904761906,97.46093812714287,141.1453701757619,251306.06881974498,33536.18207932621,8249015.113483366,1086760.8259356658,10483756.3,7577809.523809524,18364092.614285715,8581517.437390476,1252795.53812627,10551021.70952381,7597344.790476191,4896450.633333334,757123.2958647619,580882.5615741771,1631281.2,350995.5761904762,0.07142857142857142,0.0,0.0,0.0,116.74285714285715,95.00952380952381,28936.237815448658,4597.765235187857,9.89047619047619,451.0904761904762,81.6990299722381,125.91126581896667,36455.13816435986,0.009523809523809525,0.07142857142857142,0.19523809523809524,0.5095238095238095,0.2904761904761905,0.06666666666666667,0.0,0.19523809523809524,0.2857142857142857,91.21002844880952,70.36096970645238,97.46093812714287,0.0,0.0,0.0,0.0,0.0,0.0,6.980952380952381,556.8428571428572,4.4904761904761905,730.6142857142858,10184.742857142857,22492.295238095237,2.533333333333333,17.523809523809526,736508.2113451428,348129.0673327143,1158376.5428571429,503929.3857142857,9527981.19172381,465522.3190252764,10075249.89047619,9104932.19047619,210,0.0,0
2018-03-01 12:21:00,14348.80082987552,7.427385892116183,13968274.352697095,4.979253112033195,3.240663900414938,429.7883817427386,485.14522821576764,225.22821576763485,10.145228215767634,55.884919171991704,72.79340464634855,313.00829875518673,15.643153526970954,74.62953429892117,108.83647681369295,472303.42852534895,81765.39747243066,7584414.900786682,1001297.841388261,9889529.96680498,7079623.1078838175,13801840.79253112,7871460.243361701,1167621.8755081703,9769608.55186722,7113402.813278008,4093841.6970954356,791092.0692752282,692240.9156528586,1971335.5892116183,319126.36099585064,0.08298755186721991,0.0,0.0,0.0,98.68879668049793,67.38589211618257,78553.56457137578,3206.1366843307387,10.145228215767634,353.02904564315355,64.43699209885477,96.89121481467635,25292.615269809256,0.008298755186721992,0.08298755186721991,0.13692946058091288,0.47717842323651455,0.35684647302904565,0.029045643153526972,0.0,0.13692946058091288,0.26556016597510373,72.26904583377593,55.884919171991704,74.62953429892117,0.0,0.0,0.0,0.0,0.0,0.0,4.979253112033195,429.7883817427386,3.240663900414938,485.14522821576764,9423.045643153528,17416.68049792531,2.2489626556016598,18.456431535269708,54077.25674273859,17953.560098294605,70333.01244813278,41566.39834024896,9032810.34439834,429788.81949810527,9461094.373443983,8640518.248962656,241,0.0,0
2018-03-01 12:22:00,7594.88326848249,7.700389105058366,20859425.354085602,7.291828793774319,5.11284046692607,646.4902723735408,998.8949416342413,323.23346303501944,15.95330739299611,77.05311634108949,100.7615308837782,515.727626459144,20.389105058365757,127.83497597276263,183.76945214745913,73126.64599233997,41224.77526320948,8470493.901057472,1473309.1108657438,11139111.073929962,7468957.536964981,20208944.3229572,8729614.668348754,1288267.7788440709,10816646.108949417,7709654.354085603,6720573.719844358,1353992.3533154086,601579.0559712759,2430666.1673151753,919754.0272373541,0.023346303501945526,0.0,0.0,0.0,127.3307392996109,110.08560311284047,39205.63918326424,2015.5750209018092,15.95330739299611,550.1089494163424,99.42163052526848,152.80321074231517,49084.518324836376,0.0038910505836575876,0.023346303501945526,0.2178988326848249,0.556420233463035,0.1828793774319066,0.023346303501945526,0.0,0.2178988326848249,0.3540856031128405,110.75367613019455,77.05311634108949,127.83497597276263,0.0,0.0,0.0,0.0,0.0,0.0,7.291828793774319,646.4902723735408,5.11284046692607,998.8949416342413,10297.824902723736,25781.365758754862,2.9494163424124515,16.684824902723737,617938.9983688327,465262.13018268486,964239.6770428015,290279.94163424126,10162810.32929572,402179.2230034994,10649407.73929961,9816627.011673152,257,0.0,0
2018-03-01 12:23:00,8938.771028037383,6.957943925233645,14543320.780373832,5.813084112149533,4.285046728971962,591.2710280373832,768.8551401869158,315.23364485981307,4.4766355140186915,69.12486623051402,103.15201913616822,474.73364485981307,12.046728971962617,104.51114877523365,170.9429602000467,113760.16798344564,30266.07358437204,7968666.604611728,680581.1128472736,9774864.415887851,7644557.107476636,14448970.130841121,8228568.783564487,873307.4801251241,9799244.560747664,7665233.429906542,4556666.074766356,841440.3291383177,656255.8587992985,2058740.0280373832,370491.7242990654,0.018691588785046728,0.0,0.0,0.0,117.55140186915888,92.26168224299066,26279.740265094337,3986.3333193218227,4.4766355140186915,508.0981308411215,81.11205011397196,141.04390360292524,41528.96124246,0.0,0.018691588785046728,0.14953271028037382,0.677570093457944,0.1822429906542056,0.009345794392523364,0.0,0.14953271028037382,0.3130841121495327,88.55492822560747,69.12486623051402,104.51114877523365,0.0,0.0,0.0,0.0,0.0,0.0,5.813084112149533,591.2710280373832,4.285046728971962,768.8551401869158,11508.004672897196,26430.88785046729,2.8457943925233646,18.411214953271028,43265.098520233645,5765.965905686917,49267.79439252336,38882.42523364486,9093747.338009346,148475.92116342,9251981.747663552,8990059.350467289,214,0.0,0
2018-03-01 12:24:00,9736.388349514564,7.585760517799352,16907685.69579288,6.43042071197411,4.647249190938512,553.2912621359224,839.242718446602,282.1197411003236,12.640776699029127,68.08507047575081,90.12339633473462,470.7378640776699,14.689320388349515,108.52143943336571,168.38706403077668,159429.836835868,22367.747427263934,6235655.094848523,1377586.5656345547,9337455.844660195,5470098.912621359,16853675.954692557,6857131.777353786,1427550.6124517776,9394718.13592233,5847169.812297734,7570736.158576052,1130336.5277866344,1049124.1355852033,2879952.220064725,422274.94498381874,0.032362459546925564,0.0,0.0,0.0,120.88025889967638,100.80258899676376,19413.014700239146,2950.2900468189,12.640776699029127,499.22330097087377,85.3662939006602,136.69703827107767,42044.275104509616,0.0,0.032362459546925564,0.2168284789644013,0.6116504854368932,0.20711974110032363,0.022653721682847898,0.0,0.2168284789644013,0.3106796116504854,94.52463624055017,68.08507047575081,108.52143943336571,0.0,0.0,0.0,0.0,0.0,0.0,6.43042071197411,553.2912621359224,4.647249190938512,839.242718446602,10085.640776699029,21393.300970873788,2.7249190938511325,17.902912621359224,521067.8593181877,222245.87589286407,732768.0485436893,369475.33009708737,8450083.169255665,360171.1722163896,8906305.789644012,8101475.242718447,309,0.0,0
2018-03-01 12:25:00,8410.013824884792,6.631336405529954,19598074.760368664,6.700460829493087,4.451612903225806,673.6866359447005,785.889400921659,349.184331797235,10.47004608294931,79.16407975244239,111.14080264705069,524.4239631336405,8.396313364055299,110.5017233327189,189.95804813442396,24519.072212068535,16114.34769934858,9295750.560632244,1053306.093772811,11658898.267281106,8655458.170506913,19556386.778801844,9600622.457360368,1225122.619619736,11736796.557603687,8738043.350230414,5035469.3456221195,1084020.0134115207,657511.7939623417,1992402.0414746543,614953.8986175115,0.03225806451612903,0.0,0.0,0.0,131.3917050691244,99.2258064516129,14402.94777942358,1711.3999198334284,10.202764976958525,561.0322580645161,91.87616361088939,151.49036914180647,44365.94685929807,0.0,0.03225806451612903,0.2903225806451613,0.6589861751152074,0.19815668202764977,0.027649769585253458,0.0,0.2903225806451613,0.19815668202764977,99.93126635814285,79.16407975244239,110.5017233327189,0.0,0.0,0.0,0.0,0.0,0.0,6.700460829493087,673.6866359447005,4.451612903225806,785.889400921659,10635.115207373272,29175.861751152075,3.248847926267281,18.72811059907834,491406.08045963134,38017.45860373272,527297.7419354839,466202.14285714284,10370391.665898617,639891.4662364838,11117050.691244239,9860625.857142856,217,0.0,0
2018-03-01 12:26:00,7912.761111111111,6.927777777777778,19454135.405555554,7.644444444444445,5.622222222222222,749.9,956.6888888888889,398.02222222222224,9.355555555555556,87.51598654491666,127.51936192353332,602.8111111111111,9.261111111111111,125.05718275122223,217.522207909,76728.66088679763,11588.039968959107,9424795.149942983,1126772.0724975727,12279814.844444444,8820154.572222222,19358397.18888889,9816875.838236667,1386420.2809685268,12275331.622222222,8830996.427777778,6946752.527777778,1046511.7020751666,983287.0950430578,2765470.1555555556,403196.4111111111,0.03333333333333333,0.0,0.0,0.0,144.95555555555555,119.64444444444445,9572.4252767328,2015.6146921744553,9.355555555555556,643.0611111111111,101.9514013774,172.81693071664444,50926.04634510467,0.0,0.03333333333333333,0.3111111111111111,0.6666666666666666,0.18888888888888888,0.027777777777777776,0.0,0.3111111111111111,0.22777777777777777,111.13649234013333,87.51598654491666,125.05718275122223,0.0,0.0,0.0,0.0,0.0,0.0,7.644444444444445,749.9,5.622222222222222,956.6888888888889,11698.077777777778,35026.305555555555,3.338888888888889,18.31111111111111,414449.7137544445,350101.29700585554,764323.9666666667,152767.11111111112,11198749.427777778,409740.1960911707,11742119.1,10825721.472222222,180,0.0,0
2018-03-01 12:27:00,5425.634390651086,10.79465776293823,19392996.639399,5.702838063439065,4.751252086811352,409.3689482470785,1370.8263772954924,200.92821368948248,18.492487479131885,54.00762585851419,60.12777337928214,423.30217028380633,38.45242070116861,131.80423529016696,146.00814283569284,212451.99333060943,16098.084655263665,3260393.936398419,1541417.7151553396,8329793.290484141,2658401.4941569283,19237640.23539232,3766173.5574567113,1981577.3617445237,8252697.368948247,2671659.4808013355,14728058.038397329,1136663.177496349,1760989.8390135274,5287939.848080134,161365.61769616028,0.041736227045075125,0.0,0.0,0.0,107.37896494156928,100.6076794657763,14755.399383898852,1341.9213381197162,18.492487479131885,441.94156928213687,87.44459394822871,127.83469088009349,42884.551303391716,0.0,0.041736227045075125,0.2921535893155259,0.41736227045075125,0.12520868113522537,0.01669449081803005,0.0,0.2921535893155259,0.5425709515859767,102.0577786399349,54.00762585851419,131.80423529016696,0.0,0.0,0.0,0.0,0.0,0.0,5.702838063439065,409.3689482470785,4.751252086811352,1370.8263772954924,5443.2787979966615,10149.070116861436,2.6093489148580966,14.724540901502504,182466.11544283805,162337.4043343239,353220.7712854758,75919.39899833055,7866409.564821369,165623.44845841563,8027602.210350584,7735418.530884808,599,0.0,0
2018-03-01 12:28:00,8221.393700787401,7.141732283464567,17233383.767716534,6.133858267716535,4.440944881889764,554.8858267716536,781.4251968503937,305.251968503937,9.452755905511811,69.28333913596457,98.1046791133307,472.83858267716533,11.133858267716535,104.27728562716536,171.05014060188975,193985.91641882787,19608.045304156858,8604866.78074227,809324.3737516998,10694772.118110236,8146664.590551181,17070728.31889764,8894796.954561694,1000930.0989206588,10717459.192913385,8164866.322834645,4679748.125984252,724991.9572079764,669904.8366001907,2016955.4133858269,314856.13385826774,0.023622047244094488,0.0,0.0,0.0,115.7007874015748,94.22047244094489,16834.850139797694,2773.195164313161,9.452755905511811,505.81496062992125,83.6312194568504,138.1436805774252,42530.84544767772,0.007874015748031496,0.023622047244094488,0.2795275590551181,0.5866141732283464,0.21653543307086615,0.015748031496062992,0.0,0.2795275590551181,0.31496062992125984,92.16029336562993,69.28333913596457,104.27728562716536,0.0,0.0,0.0,0.0,0.0,0.0,6.133858267716535,554.8858267716536,4.440944881889764,781.4251968503937,9888.472440944883,24876.885826771653,2.5393700787401574,18.062992125984252,321279.17812716536,281205.31739425194,618778.7559055118,133096.79133858267,9932045.418822834,284979.6370306726,10278872.582677165,9689604.791338583,254,0.0,0
2018-03-01 12:29:00,10382.617021276596,9.030395136778116,9857104.817629179,4.933130699088146,3.3738601823708207,423.78723404255317,612.5987841945289,233.19756838905775,14.21580547112462,58.845858982066865,71.9188770643465,366.7112462006079,26.747720364741642,96.88942709757751,125.89686259729484,69042.15136651334,16269.932354760327,4815923.641602282,509667.8237587365,6006979.285714285,4502170.449848024,9793263.981762918,5006067.538141945,607839.9039535166,6059804.7902735565,4520824.686930091,2874559.1914893617,586475.8055602645,323954.68116010557,1169866.2036474163,349993.4012158055,0.0182370820668693,0.0,0.0,0.0,92.27963525835867,71.22188449848025,9563.504672251887,6705.036813965627,14.17629179331307,389.15197568389056,73.35048728987842,107.98994120329483,30707.207333412705,0.0060790273556231,0.0182370820668693,0.21580547112462006,0.47416413373860183,0.20972644376899696,0.08814589665653495,0.0,0.21580547112462006,0.45288753799392095,84.76117107473252,58.845858982066865,96.88942709757751,0.0,0.0,0.0,0.0,0.0,0.0,4.933130699088146,423.78723404255317,3.3738601823708207,612.5987841945289,7732.890577507599,18373.410334346503,2.066869300911854,16.911854103343465,394828.3059408815,110016.54667231004,474637.69300911855,316823.170212766,5441616.097145896,174380.22332881123,5650759.878419453,5263512.73556231,329,0.0,0
2018-03-01 12:30:00,12949.188741721855,7.079470198675497,13706399.642384106,5.470198675496689,3.7317880794701987,455.9072847682119,595.9966887417219,252.46688741721854,7.377483443708609,57.088555835708604,80.18730106493709,382.67218543046357,9.642384105960264,81.91111634453642,135.54399699278144,309969.2953860772,62857.038275884464,6210621.973926038,945082.8267541633,8356483.784768212,5701900.447019868,13681321.274834437,6678397.427925828,995567.0851976443,8400839.125827815,5972085.450331125,5306500.158940397,770323.4969046358,661841.1489220951,2031677.4370860928,342520.5463576159,0.16225165562913907,0.0,0.0,0.0,110.63576158940397,82.4635761589404,58583.65927246628,4261.257252198149,7.377483443708609,410.1754966887417,68.85617114901324,111.66277046983775,31657.879653407916,0.013245033112582781,0.16225165562913907,0.2152317880794702,0.44039735099337746,0.4105960264900662,0.08940397350993377,0.0,0.2152317880794702,0.271523178807947,76.95788367942714,57.088555835708604,81.91111634453642,0.0,0.0,0.0,0.0,0.0,0.0,5.470198675496689,455.9072847682119,3.7317880794701987,595.9966887417219,7967.463576158941,19484.33774834437,2.3543046357615895,18.95364238410596,164863.27215543046,161031.60720681126,293070.1357615894,52972.596026490064,7677805.009407285,226042.82023447548,7938233.17218543,7470484.930463576,302,0.0,0
2018-03-01 12:31:00,8936.44387755102,6.270408163265306,19239143.413265307,6.9438775510204085,4.178571428571429,600.7551020408164,660.7857142857143,316.93367346938777,7.163265306122449,72.27827606362244,102.7438599754796,465.8469387755102,6.48469387755102,95.64842843336736,168.52057707887758,63073.23283062458,30210.442733962303,9819433.941016939,780603.4169229559,11551272.18877551,9314903.739795918,19250453.62755102,10108802.702884184,867372.6201544509,11629060.954081632,9408101.709183674,3607340.0102040814,843451.6956753571,334212.09718464897,1416318.25,577274.4081632653,0.02040816326530612,0.0,0.0,0.0,122.71428571428571,93.51020408163265,29625.033077867876,585.4096561005408,7.163265306122449,505.1224489795918,81.0442433862398,135.95664199258164,38479.24272781776,0.0,0.02040816326530612,0.2653061224489796,0.6632653061224489,0.19387755102040816,0.02040816326530612,0.0,0.2653061224489796,0.14795918367346939,88.05579619620408,72.27827606362244,95.64842843336736,0.0,0.0,0.0,0.0,0.0,0.0,6.9438775510204085,600.7551020408164,4.178571428571429,660.7857142857143,11795.107142857143,28193.867346938776,2.9693877551020407,18.612244897959183,1021035.122564949,157675.55743122974,1202751.6173469387,914983.4540816327,10608777.168367347,348131.9536075716,10999492.204081632,10250419.331632653,196,0.0,0
2018-03-01 12:32:00,10072.863354037267,6.22360248447205,18345410.813664597,7.329192546583851,5.130434782608695,723.9503105590062,804.1490683229814,370.111801242236,10.4472049689441,84.123440306559,117.67694033132298,545.5714285714286,3.3664596273291925,108.86714279360248,199.97769147919254,8751.009539177187,6963.792733389875,10220145.899721699,1050486.8427729153,12612336.372670807,9570692.801242236,18249204.254658386,10531278.381142236,1249976.6099966331,12655929.01863354,9605762.55279503,4538578.745341615,939310.8848906833,639278.1711617173,1989163.0124223602,537237.0310559006,0.018633540372670808,0.0,0.0,0.0,149.49068322981367,115.03105590062111,5213.823535646466,1749.9691974966088,10.4472049689441,592.7950310559006,95.08512044031677,158.24528490840993,45946.24147487236,0.0,0.018633540372670808,0.32298136645962733,0.7018633540372671,0.22981366459627328,0.037267080745341616,0.0,0.32298136645962733,0.15527950310559005,102.31321848657764,84.123440306559,108.86714279360248,0.0,0.0,0.0,0.0,0.0,0.0,7.329192546583851,723.9503105590062,5.130434782608695,804.1490683229814,13153.04347826087,32550.80745341615,3.3540372670807455,19.925465838509318,289535.44498670805,209215.53410836647,515220.42236024846,146443.96273291926,11432277.897515528,459719.04154406773,12081366.459627328,11037555.881987577,161,0.0,0
2018-03-01 12:33:00,7948.595744680851,6.547872340425532,21422234.75531915,7.351063829787234,4.425531914893617,735.3563829787234,838.781914893617,383.90425531914894,21.95744680851064,96.72369896765957,119.87886915441489,572.5957446808511,13.46808510638298,122.82341969574469,205.69348968090426,223008.12948806104,27222.64955905498,10652332.741934415,1070765.9459904798,13393759.085106382,9998702.260638298,21435863.175531916,10954422.185092553,1238457.8657079665,13493130.436170213,10111373.54787234,3766992.3670212766,835557.8723950532,562719.8532353056,2030412.9680851065,493283.74468085106,0.031914893617021274,0.0,0.0,0.0,127.46808510638297,96.19148936170212,25546.508126436118,1673.7074106219522,20.382978723404257,618.8085106382979,109.02967167740958,164.06184805463297,48799.77513891165,0.0,0.031914893617021274,0.35106382978723405,0.6595744680851063,0.17553191489361702,0.005319148936170213,0.0,0.35106382978723405,0.1595744680851064,122.25857756689894,96.72369896765957,122.82341969574469,0.0,0.0,0.0,0.0,0.0,0.0,7.351063829787234,735.3563829787234,4.425531914893617,838.781914893617,13425.984042553191,32810.51063829787,3.228723404255319,17.74468085106383,879569.7628547873,346066.87627514964,1281366.3776595744,648790.5212765958,12287911.382978724,482252.4809992309,12858197.420212766,11826374.303191489,188,0.0,0
2018-03-01 12:34:00,9315.790322580646,5.865591397849462,14868041.612903226,6.741935483870968,5.064516129032258,660.005376344086,830.2849462365591,369.005376344086,0.06451612903225806,73.8499510618656,120.41363099216666,564.0752688172043,1.010752688172043,111.09952211858065,207.43912315209676,780.2941586260107,10916.011566259882,9296843.411579086,898966.8313646112,11049771.82795699,8818698.607526882,14202354.397849463,9327954.020375807,692850.8188975144,10480992.85483871,8837708.73655914,4172862.139784946,1215996.0437913977,605218.055077627,2164901.5483870967,832744.376344086,0.016129032258064516,0.0,0.0,0.0,146.0,111.09677419354838,7372.311461387135,3543.7001048190323,0.06451612903225806,596.3440860215054,85.94090750286558,161.52786014236557,48260.88222976989,0.0,0.016129032258064516,0.3118279569892473,0.7795698924731183,0.1827956989247312,0.021505376344086023,0.0,0.3118279569892473,0.16666666666666666,91.51179226227957,73.8499510618656,111.09952211858065,0.0,0.0,0.0,0.0,0.0,0.0,6.741935483870968,660.005376344086,5.064516129032258,830.2849462365591,12461.349462365592,34646.596774193546,3.118279569892473,21.548387096774192,26994.247118279567,3070.581099032258,31529.38172043011,24791.962365591397,10369837.795698924,51612.58892348209,10459085.107526882,10337579.731182795,186,0.0,0
2018-03-01 12:35:00,7505.556886227545,6.173652694610778,19953890.664670657,7.994011976047904,4.934131736526946,803.4730538922156,860.6347305389221,413.58682634730536,14.215568862275449,95.73502867700599,130.9613358776048,608.934131736527,4.568862275449102,119.62753429095808,219.48364930844312,8539.351189256708,4485.407687792875,9984735.608823353,1236476.1587623346,12922498.592814371,9227365.269461079,19951750.35329341,10320240.504870659,1440727.5573844903,13017926.976047903,9291566.25748503,4454249.9221556885,1137893.4355619163,552050.8752087313,2374033.5449101795,811416.4670658683,0.023952095808383235,0.0,0.0,0.0,142.49101796407186,109.86826347305389,3584.1608472478983,898.5067441663414,14.215568862275449,657.1916167664671,106.9423573041497,173.1597061103413,50655.13578316605,0.0,0.023952095808383235,0.3712574850299401,0.7544910179640718,0.15568862275449102,0.011976047904191617,0.0,0.3712574850299401,0.1317365269461078,116.11323791040118,95.73502867700599,119.62753429095808,0.0,0.0,0.0,0.0,0.0,0.0,7.994011976047904,803.4730538922156,4.934131736526946,860.6347305389221,12645.101796407185,35887.12574850299,3.5988023952095807,19.32934131736527,778062.5310288623,663019.2007531736,1257319.8562874252,311741.3233532934,11675539.365269462,492140.14966832264,12291108.22754491,11224878.11976048,167,0.0,0
2018-03-01 12:36:00,5800.787878787879,8.946127946127946,17579946.814814813,6.121212121212121,4.96969696969697,520.5488215488216,1461.3198653198654,276.27272727272725,16.24915824915825,67.57429447954546,85.26132812114479,493.17845117845116,29.242424242424242,136.60668961886532,173.7461201022559,179618.687200825,14582.965600122205,6624265.408189159,1119905.461414235,10116664.750841752,6100027.373737373,17377821.205387205,7016702.886138586,1382162.4127511533,10005065.91919192,6134537.784511784,8136190.804713804,841007.5137759933,1184100.0918355898,3537410.2053872054,124159.19865319865,0.020202020202020204,0.0,0.0,0.0,118.46464646464646,105.10437710437711,11901.231943571185,2680.1929300390607,16.24915824915825,518.060606060606,97.44761798502357,146.8867278660606,48631.97254261145,0.0,0.020202020202020204,0.32323232323232326,0.5454545454545454,0.13468013468013468,0.02356902356902357,0.0,0.32323232323232326,0.40404040404040403,110.78402706318855,67.57429447954546,136.60668961886532,0.0,0.0,0.0,0.0,0.0,0.0,6.121212121212121,520.5488215488216,4.96969696969697,1461.3198653198654,8216.653198653199,21029.784511784514,2.6632996632996635,16.242424242424242,228638.6905795286,129708.43091400675,337583.1515151515,139839.13468013468,8935541.100141415,827442.0414553415,9610087.713804714,8321764.2727272725,297,0.0,0
2018-03-01 12:37:00,7609.132558139535,9.051162790697674,19117447.14883721,6.169767441860465,5.151162790697675,459.5093023255814,1857.1232558139534,241.5906976744186,15.03953488372093,58.542439777930234,74.41252851774419,482.646511627907,34.76279069767442,149.09803361606976,172.11364412437675,284824.41600739205,22993.657690495977,4842186.687783393,1186585.2509119469,8096527.106976744,4250366.341860465,19031917.293023255,5318958.225278016,1462281.6398494313,8106342.981395349,4263416.476744186,12187776.4,1097649.699540414,1065679.6912126148,3375387.1744186045,321516.6651162791,0.03953488372093023,0.0,0.0,0.0,117.1906976744186,112.52093023255814,19764.551489201654,3223.7853172998257,15.03953488372093,501.9441860465116,98.89363075098372,150.88070502588138,53792.22044429491,0.004651162790697674,0.03953488372093023,0.30697674418604654,0.49534883720930234,0.16511627906976745,0.027906976744186046,0.0,0.30697674418604654,0.4441860465116279,112.45951139662093,58.542439777930234,149.09803361606976,0.0,0.0,0.0,0.0,0.0,0.0,6.169767441860465,459.5093023255814,5.151162790697675,1857.1232558139534,7701.293023255814,15339.923255813954,2.7906976744186047,15.953488372093023,212656.0301865581,202422.911585,418794.08604651166,76749.43720930233,7609105.85932093,198914.32711419824,7802920.341860465,7411835.411627907,430,0.0,0
2018-03-01 12:38:00,11877.838983050848,6.385593220338983,13350100.13983051,6.9491525423728815,5.012711864406779,675.3898305084746,840.3432203389831,360.20338983050846,6.245762711864407,79.7204399323178,116.99577956460169,561.8855932203389,7.110169491525424,113.75021371300848,202.059707761822,27559.34329980659,16628.976340121968,6731021.808332513,834215.6944957701,8867754.11016949,6249776.533898305,13120160.122881357,6954478.809148305,967578.7353594406,8838733.894067796,6275126.597457627,4203030.754237288,597583.8050923729,642498.5191218765,1823577.0508474577,204532.9745762712,0.01694915254237288,0.0,0.0,0.0,135.91525423728814,109.28813559322033,10548.777206238241,6078.260167204937,6.245762711864407,592.1525423728814,92.20409550869915,160.1214048635254,47509.27544874012,0.0,0.01694915254237288,0.3644067796610169,0.7033898305084746,0.2288135593220339,0.059322033898305086,0.0,0.3644067796610169,0.2669491525423729,99.73482724646186,79.7204399323178,113.75021371300848,0.0,0.0,0.0,0.0,0.0,0.0,6.9491525423728815,675.3898305084746,5.012711864406779,840.3432203389831,11571.0,33710.266949152545,3.1737288135593222,19.389830508474578,692921.5757245763,153045.1249233483,804944.4025423729,585022.4110169491,7999911.94279661,306864.6873075158,8335049.237288136,7730392.987288136,236,0.0,0
2018-03-01 12:39:00,11209.76119402985,6.0497512437810945,19692962.338308457,6.437810945273632,4.248756218905473,673.3781094527363,698.273631840796,324.8606965174129,7.91542288557214,74.89400643604975,105.61974113805971,471.228855721393,6.5721393034825875,95.14357919353233,168.63198643676617,13832.929744019175,13859.81915765318,10489894.291473566,949896.3974940815,12338600.925373135,9858870.467661692,19671747.56716418,10844703.11068806,1035612.1812979586,12386135.572139304,9953352.945273632,4002755.7960199006,1150124.572927811,364105.6574470151,1725189.0746268656,839198.8358208955,0.03980099502487562,0.0,0.0,0.0,125.09452736318408,96.35820895522389,8284.726013242478,5572.8165490150695,7.91542288557214,514.9452736318408,82.99871320613434,138.86029623381094,40058.13435429327,0.0,0.03980099502487562,0.24378109452736318,0.6019900497512438,0.2935323383084577,0.0945273631840796,0.0,0.24378109452736318,0.23383084577114427,90.10374161799503,74.89400643604975,95.14357919353233,0.0,0.0,0.0,0.0,0.0,0.0,6.437810945273632,673.3781094527363,4.248756218905473,698.273631840796,10736.373134328358,27288.7960199005,3.0497512437810945,18.965174129353233,530382.3926185904,27700.714790758895,552887.3034825871,506627.80597014923,11262407.621890547,321896.08254456427,11639522.049751244,10943339.910447761,201,0.0,0
2018-03-01 12:40:00,10634.309090909092,6.431818181818182,16397707.940909091,7.381818181818182,4.786363636363636,643.9545454545455,833.0136363636364,337.7818181818182,7.572727272727272,73.40339028395454,106.90676394103181,513.3318181818182,5.3136363636363635,107.83728301886364,188.73083222663635,30254.495912167506,19505.122102481215,7698290.11921091,729913.9108997425,9514366.913636364,7237897.35,16303189.181818182,7937695.224890455,850588.8490101007,9554167.040909091,7257358.536363636,4919883.7,610876.6960963637,601570.9944398495,1603175.740909091,169224.27272727274,0.07272727272727272,0.0,0.0,0.0,136.98181818181817,104.85454545454546,16829.993924814684,2668.8882309910496,7.572727272727272,548.5590909090909,88.15096013890908,149.40427216359544,44543.49995344541,0.00909090909090909,0.07272727272727272,0.23636363636363636,0.6545454545454545,0.24545454545454545,0.03636363636363636,0.0,0.23636363636363636,0.22727272727272727,95.61809631740908,73.40339028395454,107.83728301886364,0.0,0.0,0.0,0.0,0.0,0.0,7.381818181818182,643.9545454545455,4.786363636363636,833.0136363636364,11606.1,29570.97272727273,3.0545454545454547,19.10909090909091,524120.7986524545,465137.21362500003,982944.1318181818,206475.37272727274,8539457.709090909,324700.7883828161,8933123.718181819,8218942.340909091,220,0.0,0
2018-03-01 12:41:00,6558.092050209205,7.179916317991632,19756545.778242677,7.7656903765690375,6.7531380753138075,742.4100418410042,3152.083682008368,366.0878661087866,9.552301255230125,79.63798195242678,116.88708553125524,599.8075313807532,17.1255230125523,155.79590460121338,216.3169185042678,29267.211611461487,6666.6019641393095,7489977.46116954,979091.8011442844,9718675.179916319,6901831.828451883,19584545.18828452,7853211.085227615,1152297.1816706443,9717783.179916319,6923111.066945607,9418166.050209206,1109014.5907393305,671112.3625525625,2390319.8744769874,591827.2970711297,0.012552301255230125,0.0,0.0,0.0,153.7405857740586,149.9581589958159,4995.246847767615,1671.3551163699415,9.552301255230125,632.5941422594142,115.36446929492051,182.92070336299162,64064.85245551904,0.0,0.012552301255230125,0.33472803347280333,0.698744769874477,0.14225941422594143,0.012552301255230125,0.0,0.33472803347280333,0.30962343096234307,125.44804105277824,79.63798195242678,155.79590460121338,0.0,0.0,0.0,0.0,0.0,0.0,7.7656903765690375,742.4100418410042,6.7531380753138075,3152.083682008368,10071.468619246862,28602.669456066946,3.6820083682008367,18.393305439330543,253931.55152037658,178909.7053837657,415997.83682008367,129415.67782426778,8883254.504594142,301183.5982234058,9210807.10041841,8507062.853556486,239,0.0,0
2018-03-01 12:42:00,6384.513931888545,9.179566563467493,23705266.73374613,7.071207430340557,5.637770897832818,534.4798761609907,1625.6811145510835,261.24458204334366,15.15170278637771,63.48382020917956,80.08908114135603,480.4396284829721,28.96594427244582,129.37766938783284,166.094579086161,94981.92448655918,8573.251241908152,6454113.189814528,1519112.9736001422,11333734.021671826,5797380.061919505,23488383.88235294,7028928.390853158,1805794.0985820438,11296992.71517028,5986245.7894736845,14343139.386996904,1215728.7085836658,1674937.8482032327,5148353.0340557275,279234.3003095975,0.02476780185758514,0.0,0.0,0.0,129.85758513931887,119.64086687306502,6727.259695356059,1845.9915465686531,15.15170278637771,503.374613003096,92.20708535249845,141.40283594113623,45539.804465670684,0.0030959752321981426,0.02476780185758514,0.3157894736842105,0.5170278637770898,0.12693498452012383,0.021671826625386997,0.0,0.3157894736842105,0.4458204334365325,104.7180325556873,63.48382020917956,129.37766938783284,0.0,0.0,0.0,0.0,0.0,0.0,7.071207430340557,534.4798761609907,5.637770897832818,1625.6811145510835,7708.8792569659445,18389.891640866874,3.086687306501548,15.578947368421053,612433.286702322,287344.49707767804,866474.253869969,419232.6191950464,10775794.328396285,260311.3187107353,11034614.94736842,10553776.346749226,323,0.0,0
2018-03-01 12:43:00,10161.719827586207,6.3405172413793105,13283910.590517242,6.051724137931035,4.392241379310345,650.5948275862069,780.2413793103449,338.8318965517241,6.452586206896552,77.16507847975431,111.84919236784482,520.0905172413793,9.193965517241379,109.62603132182328,187.70710055952586,159366.7710253849,22597.04539474661,7210076.589534971,965382.4108814627,9009452.35775862,6609493.439655173,13287338.176724138,7494258.61630388,1134681.984740494,9113172.27586207,6645783.931034483,3658347.4310344825,943546.5523406465,416354.67917196784,1686605.9396551724,647141.6120689656,0.021551724137931036,0.0,0.0,0.0,125.20689655172414,96.96551724137932,20443.81381658999,2153.231578035888,6.452586206896552,555.7629310344828,89.24109920247413,152.5411999213707,45160.68061341411,0.008620689655172414,0.021551724137931036,0.2974137931034483,0.7025862068965517,0.21120689655172414,0.017241379310344827,0.0,0.2974137931034483,0.17672413793103448,97.11874292478018,77.16507847975431,109.62603132182328,0.0,0.0,0.0,0.0,0.0,0.0,6.051724137931035,650.5948275862069,4.392241379310345,780.2413793103449,10663.844827586207,29884.71120689655,3.043103448275862,19.448275862068964,152167.62571840518,12099.728791001766,164325.33620689655,140265.7370689655,8220917.017241379,232527.7151523076,8531072.594827587,8015653.323275862,232,0.0,0
2018-03-01 12:44:00,10008.080459770115,6.224137931034483,20108342.522988506,8.183908045977011,4.977011494252873,739.4425287356322,850.9597701149426,385.4942528735632,14.275862068965518,90.79227829281035,121.92748504662069,569.8793103448276,6.367816091954023,117.42958486373564,208.1196000041954,150103.62424186678,20239.65795990151,10166438.074520765,949268.1010600241,12345743.75862069,9521154.816091955,20118381.103448275,10457266.814846551,1109147.315514349,12464266.988505747,9558330.48275862,3762152.7183908047,675760.9449350574,490852.08669134707,1491658.212643678,398018.132183908,0.017241379310344827,0.0,0.0,0.0,140.02298850574712,107.05747126436782,17874.017203479827,2365.640756754264,14.275862068965518,617.2471264367816,103.50922727014944,165.4147723135517,49390.33829030674,0.005747126436781609,0.017241379310344827,0.3390804597701149,0.6551724137931034,0.22988505747126436,0.04597701149425287,0.0,0.3390804597701149,0.13793103448275862,112.93744947617816,90.79227829281035,117.42958486373564,0.0,0.0,0.0,0.0,0.0,0.0,8.183908045977011,739.4425287356322,4.977011494252873,850.9597701149426,13446.19540229885,34532.96551724138,3.3620689655172415,18.804597701149426,1190954.7042298852,601166.3038749066,1696120.9310344828,772907.683908046,11211882.591954023,474011.74028674554,11767814.442528736,10743468.821839081,174,0.0,0
2018-03-01 12:45:00,7790.153452685422,9.117647058823529,16955127.598465472,5.3554987212276215,4.4731457800511505,424.8388746803069,1475.7928388746802,232.230179028133,15.0,57.0833839083376,71.54551268882352,456.2992327365729,34.62404092071611,143.50724243491047,163.60766895278772,307924.7840105599,39447.47810128121,5381709.287876321,1073204.347165239,8131186.173913044,4869939.864450128,16775477.020460358,5775364.093914501,1308765.9756128446,8061630.987212276,4879252.265984654,9655418.501278773,867659.4601626061,964452.8887250235,2762556.1841432224,192629.6189258312,0.08184143222506395,0.0,0.0,0.0,104.70588235294117,95.70332480818415,36688.74938796489,2750.536455977701,15.0,479.5319693094629,95.41493521370845,144.60692712744245,52316.549932392845,0.010230179028132993,0.08184143222506395,0.2864450127877238,0.44501278772378516,0.20460358056265984,0.017902813299232736,0.0,0.2864450127877238,0.4578005115089514,109.6188072497954,57.0833839083376,143.50724243491047,0.0,0.0,0.0,0.0,0.0,0.0,5.3554987212276215,424.8388746803069,4.4731457800511505,1475.7928388746802,7487.099744245525,14607.168797953964,2.4629156010230178,15.805626598465473,69091.78849508951,37750.263010383635,121704.32992327366,45251.14578005115,7669795.790537084,117069.48449041475,7814501.0792838875,7533629.910485934,391,0.0,0
2018-03-01 12:46:00,10137.608108108108,7.45945945945946,15889232.788288288,6.68018018018018,3.7117117117117115,541.0990990990991,596.1351351351351,284.4009009009009,33.126126126126124,83.36353450551802,81.68199261322522,403.8198198198198,26.88738738738739,99.86640570193694,138.31240536545045,68958.53367461488,13984.182478417606,7697151.421063784,997538.9277540077,9824501.963963963,7031135.927927928,15796934.99099099,8043177.027184685,1095526.788889098,9895284.022522522,7182767.671171172,3819365.90990991,916570.4614864865,431414.4658351802,1537486.3468468469,624598.1711711711,0.02702702702702703,0.0,0.0,0.0,106.10810810810811,79.04504504504504,7949.216437740815,6034.966041077338,32.36486486486486,444.2432432432432,93.08309040749099,113.13802259003153,32667.74697853104,0.0045045045045045045,0.02702702702702703,0.16216216216216217,0.481981981981982,0.22072072072072071,0.07657657657657657,0.0,0.16216216216216217,0.24324324324324326,110.6356429839955,83.36353450551802,99.86640570193694,0.0,0.0,0.0,0.0,0.0,0.0,6.68018018018018,541.0990990990991,3.7117117117117115,596.1351351351351,9990.256756756757,25011.824324324323,2.4054054054054053,16.18018018018018,950930.540183063,566758.9338189944,1414358.1171171172,555129.2612612613,8767049.495801803,509469.8637800546,9353864.081081081,8298857.081081081,222,0.0,0
2018-03-01 12:47:00,10749.78835978836,6.296296296296297,18955994.835978836,6.693121693121693,4.835978835978836,710.4867724867725,863.3544973544973,368.5820105820106,7.613756613756614,79.10772106031746,117.97644714546561,542.968253968254,7.825396825396825,115.06836376068783,198.81990196015872,24347.623254388196,8378.258214593348,9820029.918907797,1177742.5454425467,11984235.756613757,9090434.74074074,18880832.174603175,10088623.975954128,1347558.159284248,11986473.915343916,9058112.074074075,5186224.46031746,935403.0172164021,457209.0543811344,1677806.6878306877,537596.5132275132,0.026455026455026454,0.0,0.0,0.0,139.55555555555554,111.47089947089947,5437.637470806481,2940.6207432073647,7.613756613756614,589.021164021164,93.23184089935978,161.22662661125398,48149.671757552765,0.0,0.026455026455026454,0.26455026455026454,0.6507936507936508,0.24867724867724866,0.0582010582010582,0.0,0.26455026455026454,0.19576719576719576,101.09126951252381,79.10772106031746,115.06836376068783,0.0,0.0,0.0,0.0,0.0,0.0,6.693121693121693,710.4867724867725,4.835978835978836,863.3544973544973,11607.497354497355,30379.021164021164,3.375661375661376,19.365079365079364,119583.92228634922,18797.50071317434,142449.25396825396,103289.21693121693,10927290.71957672,313570.7563198725,11337402.047619049,10629343.222222222,189,0.0,0
2018-03-01 12:48:00,10141.0,6.41409691629956,15783315.828193832,6.308370044052864,4.4449339207048455,564.5506607929516,675.5770925110132,300.568281938326,6.814977973568282,69.27072872511013,98.25386048189428,457.4052863436123,12.215859030837004,96.81872921295155,161.17393410383258,21239.074149238742,17862.16940935487,8427938.490948457,747947.8843455275,9939120.290748898,7959577.070484581,15581947.145374449,8541082.734234052,894729.2291674622,9832569.246696034,7807529.453744493,4038836.2511013215,775349.0735,396634.72716132115,1344456.757709251,489890.9471365639,0.07929515418502203,0.0,0.0,0.0,125.90308370044053,97.74449339207048,15208.012414816898,2652.1411528413655,6.814977973568282,489.6916299559471,79.9087066594229,132.35495072377535,37274.4836642063,0.0,0.07929515418502203,0.2599118942731278,0.6211453744493393,0.27312775330396477,0.03524229074889868,0.0,0.2599118942731278,0.21145374449339208,88.02409519806608,69.27072872511013,96.81872921295155,0.0,0.0,0.0,0.0,0.0,0.0,6.308370044052864,564.5506607929516,4.4449339207048455,675.5770925110132,10900.762114537445,27170.753303964757,2.797356828193833,19.083700440528634,464728.5114055507,1625.7509278414097,467544.5550660793,463754.3832599119,9014785.828193832,218498.18759868786,9270732.964757709,8788904.202643171,227,0.0,0
2018-03-01 12:49:00,7799.3373493975905,6.463855421686747,18969714.295180723,7.572289156626506,4.759036144578313,740.8132530120482,830.0180722891566,375.2048192771084,9.457831325301205,84.83083627981928,121.13380505518072,549.4698795180723,9.018072289156626,113.15830574795181,196.92012181789156,16739.387919278564,6014.684440126265,10102078.07553494,758145.176969065,11870487.632530121,9625260.867469879,18966867.861445785,10341761.803580722,904360.3502713233,11946408.108433735,9637086.018072288,4241289.981927711,806144.972407229,439902.6570266608,1536381.2891566264,430409.2289156627,0.024096385542168676,0.0,0.0,0.0,131.87951807228916,104.6987951807229,3909.480906727633,2105.2035332403616,9.457831325301205,598.3674698795181,95.68890346975904,161.27217923403614,47902.81829356626,0.0,0.024096385542168676,0.29518072289156627,0.6746987951807228,0.18072289156626506,0.024096385542168676,0.0,0.29518072289156627,0.26506024096385544,104.47268569174699,84.83083627981928,113.15830574795181,0.0,0.0,0.0,0.0,0.0,0.0,7.572289156626506,740.8132530120482,4.759036144578313,830.0180722891566,13095.89156626506,31149.006024096387,3.2590361445783134,18.457831325301203,1276678.7883554217,251158.8063533735,1481358.9879518072,1102276.0722891567,10815070.086343372,343681.8611668092,11276554.361445783,10496424.873493975,166,0.0,0
2018-03-01 12:50:00,4888.660194174758,11.087378640776699,16830342.34223301,6.441747572815534,6.643203883495145,432.52669902912623,4119.825242718447,215.7233009708738,19.92718446601942,57.027322939065535,62.85422179774272,403.7135922330097,43.220873786407765,131.62541425929612,132.9497227246602,71194.99980822568,8670.739744354389,4898517.892244225,929317.4666483832,7149653.497572816,4406093.665048543,16779513.160194173,5344270.312749271,1080703.5560367277,7197392.475728155,4579696.533980583,9969217.699029127,809227.3781467889,834453.4197856308,2332107.2791262134,235783.78398058252,0.019417475728155338,0.0,0.0,0.0,124.4368932038835,139.54368932038835,7275.403104668857,1395.3366397983812,19.92718446601942,421.0242718446602,90.46587360099029,122.82809856283981,40912.41426007209,0.0,0.019417475728155338,0.22815533980582525,0.39563106796116504,0.10436893203883495,0.019417475728155338,0.0,0.22815533980582525,0.5946601941747572,105.09514882660194,57.027322939065535,131.62541425929612,0.0,0.0,0.0,0.0,0.0,0.0,6.441747572815534,432.52669902912623,6.643203883495145,4119.825242718447,7183.541262135922,14018.385922330097,2.558252427184466,14.271844660194175,179075.62187873785,154221.01064355206,342489.0436893204,79506.06796116506,6722262.247740292,158712.89920107735,6872101.041262136,6526392.640776699,412,0.0,0
2018-03-01 12:51:00,7561.647887323944,9.119718309859154,13466103.933098592,5.654929577464789,3.823943661971831,508.0880281690141,662.9612676056338,263.5211267605634,15.17605633802817,66.29256258415492,82.41462576552817,416.71830985915494,29.690140845070424,107.00458768792254,142.16296562816902,56538.989759794844,5524.297566044489,6484217.559363553,617427.9350316213,7971033.644366197,6121305.669014084,13417710.774647888,6702015.8278042255,727471.5407409667,8006272.23943662,6154165.02112676,3983531.5809859154,637055.1899457747,431813.9515868018,1336750.5176056337,291331.6267605634,0.017605633802816902,0.0,0.0,0.0,100.4225352112676,80.8169014084507,4239.405241529743,1284.8923244731338,15.17605633802817,446.35915492957747,81.7472979346338,123.54977467598592,35704.03042141902,0.0,0.017605633802816902,0.2605633802816901,0.5176056338028169,0.1443661971830986,0.02464788732394366,0.0,0.2605633802816901,0.4647887323943662,93.87330223352112,66.29256258415492,107.00458768792254,0.0,0.0,0.0,0.0,0.0,0.0,5.654929577464789,508.0880281690141,3.823943661971831,662.9612676056338,8161.161971830986,20828.24295774648,2.3661971830985915,16.52112676056338,482496.9187123943,513501.5935631338,851371.309859155,118169.33450704225,7238108.235915493,253047.37826973395,7551071.77112676,7010136.348591549,284,0.0,0
2018-03-01 12:52:00,14840.932584269663,6.264044943820225,16884990.54494382,6.578651685393258,4.646067415730337,607.2696629213483,700.4550561797753,319.39325842696627,8.561797752808989,73.12076441592697,103.19485441846066,477.4887640449438,6.00561797752809,96.44235170016854,170.90601607825843,137363.45784013404,20749.47525362428,9331263.355027605,1120030.7563267688,11518441.853932584,8630944.573033707,16474606.730337078,9648647.41631236,1127908.896950043,11284595.52247191,8756985.702247191,4160773.741573034,1004336.2992224719,618737.9303982073,1961965.224719101,594951.8651685393,0.033707865168539325,0.0,0.0,0.0,129.59550561797752,99.61797752808988,16824.71386938769,3924.7613851351853,8.561797752808989,516.8202247191011,82.97811777151686,138.13809926735954,39510.90076675955,0.0,0.033707865168539325,0.28651685393258425,0.6292134831460674,0.3089887640449438,0.05056179775280899,0.0,0.28651685393258425,0.20224719101123595,90.21099523426966,73.12076441592697,96.44235170016854,0.0,0.0,0.0,0.0,0.0,0.0,6.578651685393258,607.2696629213483,4.646067415730337,700.4550561797753,12440.47191011236,29261.926966292136,2.893258426966292,19.43820224719101,334105.5361179775,239042.34050438658,503761.97191011236,165190.57865168538,10464250.438202247,541594.0222827529,11000205.494382022,9996224.460674157,178,0.0,0
2018-03-01 12:53:00,7964.779816513761,6.770642201834862,20894810.302752294,6.977064220183486,4.513761467889908,645.7522935779816,794.5183486238532,333.6788990825688,10.724770642201834,75.86546799133028,106.05572436486239,504.20183486238534,15.582568807339449,109.88792319509174,178.04432174885324,40702.296993148106,9886.70786043504,9619991.429467004,770219.8264075895,11444226.871559633,9140743.628440367,20904965.229357798,9898384.449488532,906498.1325530056,11517887.279816514,9158868.866972476,5642469.834862385,802590.8834191285,506847.55377911817,1592387.2844036696,344480.5733944954,0.04128440366972477,0.0,0.0,0.0,123.44954128440367,100.29357798165138,7124.601844817885,2760.006951063046,10.724770642201834,544.3761467889908,89.92508671573395,148.6206772859679,43552.20414168803,0.0,0.04128440366972477,0.26605504587155965,0.6146788990825688,0.2018348623853211,0.027522935779816515,0.0,0.26605504587155965,0.26146788990825687,99.4305658883945,75.86546799133028,109.88792319509174,0.0,0.0,0.0,0.0,0.0,0.0,6.977064220183486,645.7522935779816,4.513761467889908,794.5183486238532,11239.43119266055,26716.54128440367,3.0871559633027523,17.743119266055047,984214.9356547248,190710.63078041282,1129299.9449541285,849369.0366972478,10461374.727688074,351819.4336882739,10916972.47706422,10140816.825688073,218,0.0,0
2018-03-01 12:54:00,6482.1875,10.290865384615385,15888604.216346154,5.365384615384615,4.579326923076923,445.1129807692308,1047.2836538461538,233.83653846153845,17.540865384615383,61.183647396983176,71.25969006640865,454.59375,35.82451923076923,130.4325461377644,157.4447693814423,78611.89110683154,6321.836480440796,4361439.945979192,1254839.0941936271,8145823.418269231,3828454.6634615385,15892778.447115384,4834635.37730488,1645954.144441492,8203427.310096154,3866205.9735576925,10574251.85576923,1035743.0346760097,1394102.3549406321,4097229.064903846,253418.0625,0.038461538461538464,0.0,0.0,0.0,108.3173076923077,96.64423076923077,4120.7638966558725,2201.0725839670745,17.44951923076923,472.77163461538464,89.95547460678607,134.8420496563726,43142.97667982834,0.0,0.038461538461538464,0.27403846153846156,0.46153846153846156,0.12980769230769232,0.026442307692307692,0.0,0.27403846153846156,0.5192307692307693,104.15439469258894,61.183647396983176,130.4325461377644,0.0,0.0,0.0,0.0,0.0,0.0,5.365384615384615,445.1129807692308,4.579326923076923,1047.2836538461538,6585.932692307692,16628.46153846154,2.5048076923076925,15.432692307692308,66563.81073560097,19311.216482651776,98984.16105769231,55998.466346153844,7676406.559896634,120883.06585399549,7800871.237980769,7540211.430288462,416,0.0,0
2018-03-01 12:55:00,5490.559800664452,10.722591362126245,20451744.023255814,7.662790697674419,8.22923588039867,469.25249169435216,5657.566445182724,220.2624584717608,20.975083056478404,57.27225181959635,63.676490429983396,441.8222591362126,43.82225913621262,152.57733056242523,149.52860534976745,80856.70424323149,8616.397030771068,3392905.847708613,1316447.900815758,7634564.199335548,2766386.727574751,20318853.5448505,3877756.6648934055,1616030.622880834,7601353.101328904,2783432.2209302327,15416129.199335549,1121754.57511196,1380713.6550382085,4454446.916943521,141965.33554817276,0.05149501661129568,0.0,0.0,0.0,142.8704318936877,173.32890365448506,6867.537035751628,1747.3397422636212,20.745847176079735,462.0913621262458,102.28317428827242,139.36087492926745,50423.215013446694,0.0033222591362126247,0.05149501661129568,0.27906976744186046,0.4169435215946844,0.11960132890365449,0.013289036544850499,0.0,0.27906976744186046,0.6046511627906976,118.01753908757475,57.27225181959635,152.57733056242523,0.0,0.0,0.0,0.0,0.0,0.0,7.662790697674419,469.25249169435216,8.22923588039867,5657.566445182724,6087.046511627907,11542.259136212624,3.0083056478405314,14.644518272425248,488504.84590945183,245435.39862804156,690355.2242524917,318244.5780730897,7076468.826069768,314732.56106778595,7385883.142857143,6751581.710963455,602,0.0,0
2018-03-01 12:56:00,10647.092526690392,7.879003558718861,18488714.266903915,6.156583629893238,5.099644128113879,499.65836298932385,1238.4199288256227,275.8149466192171,8.252669039145907,59.58635563902135,85.73401374179004,477.70106761565836,23.373665480427047,118.14346019822064,165.84593239604982,41853.20620067257,14413.656973186633,7205493.657231374,801990.992605535,9471099.629893238,6825436.864768683,18454523.202846974,7580081.579862028,988198.1123209697,9511218.59786477,6883351.519572954,9305147.918149466,753076.3654347331,925706.4042535003,2533824.1708185053,67992.71886120997,0.02491103202846975,0.0,0.0,0.0,125.93594306049822,110.64768683274022,8114.791198919342,6298.865774939345,8.252669039145907,500.29181494661924,82.35855029768683,139.42146130736654,43150.10566932551,0.0,0.02491103202846975,0.24555160142348753,0.5480427046263345,0.22419928825622776,0.07829181494661921,0.0,0.24555160142348753,0.40213523131672596,92.54606946929181,59.58635563902135,118.14346019822064,0.0,0.0,0.0,0.0,0.0,0.0,6.156583629893238,499.65836298932385,5.099644128113879,1238.4199288256227,9964.64768683274,22188.188612099642,2.889679715302491,17.494661921708186,34072.90392128113,26707.98510991103,56728.249110320285,7812.8185053380785,9008922.130811388,59111.82329283623,9058007.117437722,8958803.633451957,281,0.0,0
2018-03-01 12:57:00,16491.21612903226,6.448387096774193,12663834.62580645,5.248387096774193,3.3548387096774195,502.44193548387096,550.3,257.14516129032256,9.522580645161291,62.32659993213549,82.90103155545161,378.5387096774194,9.380645161290323,79.72002718258065,134.2100384386774,488529.4829256996,59801.45765677845,6040171.517762387,1137806.9626629325,8124867.893548387,5358664.522580645,12667961.95483871,6356352.223346452,1253811.8226730002,8190628.09032258,5449759.187096775,3763162.729032258,873384.4718297743,331549.8124019951,1359995.735483871,579251.7129032258,0.12903225806451613,0.0,0.0,0.0,102.89032258064516,73.65161290322581,50671.560900183045,9126.944523712702,9.522580645161291,415.2451612903226,71.24198428520646,112.30890644161934,32139.80037227223,0.012903225806451613,0.12903225806451613,0.2032258064516129,0.4612903225806452,0.45161290322580644,0.12580645161290321,0.0,0.2032258064516129,0.27419354838709675,79.34548310032258,62.32659993213549,79.72002718258065,0.0,0.0,0.0,0.0,0.0,0.0,5.248387096774193,502.44193548387096,3.3548387096774195,550.3,9088.08064516129,22791.92258064516,2.4161290322580644,19.12258064516129,321819.8137257097,20688.512494729614,344952.8548387097,303825.63870967744,7410757.761583871,308636.91276747803,7754193.548387097,7082739.2935483875,310,0.0,0
2018-03-01 12:58:00,16098.990783410138,6.258064516129032,15454259.38248848,6.700460829493087,4.082949308755761,524.6774193548387,622.2857142857143,283.9447004608295,7.52073732718894,62.038243707930874,89.3516508591705,410.47926267281105,7.313364055299539,85.56858082161291,148.0142697726636,175364.11032360082,73538.59043730593,8696560.21897298,479384.2494066429,9841633.65437788,8379793.728110599,15460417.497695852,8867979.053765438,550766.916756434,9908139.465437789,8453010.746543778,3060086.5622119815,378063.6760023041,357433.32349659427,875803.3917050691,121359.70506912442,0.0967741935483871,0.0,0.0,0.0,122.3410138248848,89.6589861751152,66071.01619705398,7465.465502703797,7.52073732718894,448.7649769585253,72.38478720612903,120.45297343980184,34481.54637853654,0.0,0.0967741935483871,0.2073732718894009,0.5299539170506913,0.3824884792626728,0.11981566820276497,0.0,0.2073732718894009,0.25806451612903225,79.80812364437787,62.038243707930874,85.56858082161291,0.0,0.0,0.0,0.0,0.0,0.0,6.700460829493087,524.6774193548387,4.082949308755761,622.2857142857143,12018.442396313365,25148.387096774193,2.52073732718894,19.225806451612904,530565.7403295392,562302.9298703687,994713.3133640554,138572.42857142858,9157108.39170507,227000.17696771535,9406451.612903226,8952471.976958524,217,0.0,0
2018-03-01 12:59:00,9354.946601941747,6.660194174757281,19376540.169902913,6.009708737864078,3.825242718446602,604.6116504854369,637.8495145631068,306.6601941747573,14.29611650485437,75.27060679750485,97.16674462475729,437.18446601941747,14.854368932038835,98.8749880016505,156.80915406587377,41113.002545460055,11505.171395966167,9977803.902188446,922488.3269390346,11789608.674757281,9404057.655339805,19392646.941747572,10325332.498156311,1062508.35857219,11855853.266990291,9472048.432038834,4625421.834951457,1149110.2500368932,427051.30197999685,1719723.1553398059,742909.8495145631,0.05825242718446602,0.0,0.0,0.0,113.12621359223301,84.50485436893204,7132.374660080364,4372.796736036311,14.233009708737864,481.3398058252427,85.1361706005,130.33360229661164,37632.851510204884,0.0,0.05825242718446602,0.18446601941747573,0.5922330097087378,0.2524271844660194,0.038834951456310676,0.0,0.18446601941747573,0.2087378640776699,95.7711983156165,75.27060679750485,98.8749880016505,0.0,0.0,0.0,0.0,0.0,0.0,6.009708737864078,604.6116504854369,3.825242718446602,637.8495145631068,11409.286407766991,25712.665048543688,2.7766990291262137,17.844660194174757,221787.89476126214,186306.64886776695,427651.49029126216,92336.50485436893,10975218.537621358,291711.4008584086,11333009.708737863,10690454.912621358,206,0.0,0
